method,u,l,kappa,delta,k,seed,n,normal_gaps_json,paper_boundary,direct_threshold,threshold_to_boundary,assumption_4_2,detected_below_boundary,detected_above_boundary
iforest,0.5,0.125,4.0,0.375,0,0,12,"[0.16290349075320257, 0.19345460895215713, 0.48380703526923563, 0.1921773049809506, 0.5, 0.13798482949971363, 0.43625065124398454, 0.22961225977770108, 0.125, 0.23721180845401002]",2.0,0.23274990663069892,0.11637495331534946,True,True,True
knn,0.5,0.125,4.0,0.375,1,0,12,"[0.16290349075320257, 0.19345460895215713, 0.48380703526923563, 0.1921773049809506, 0.5, 0.13798482949971363, 0.43625065124398454, 0.22961225977770108, 0.125, 0.23721180845401002]",0.5,0.23721180845401027,0.47442361690802054,True,True,True
knn,0.5,0.125,4.0,0.375,3,0,12,"[0.16290349075320257, 0.19345460895215713, 0.48380703526923563, 0.1921773049809506, 0.5, 0.13798482949971363, 0.43625065124398454, 0.22961225977770108, 0.125, 0.23721180845401002]",0.875,0.27799479800433896,0.31770834057638736,True,True,True
knn,0.5,0.125,4.0,0.375,5,0,12,"[0.16290349075320257, 0.19345460895215713, 0.48380703526923563, 0.1921773049809506, 0.5, 0.13798482949971363, 0.43625065124398454, 0.22961225977770108, 0.125, 0.23721180845401002]",1.25,0.19872255764042684,0.15897804611234148,True,True,True
knn,0.5,0.125,4.0,0.375,7,0,12,"[0.16290349075320257, 0.19345460895215713, 0.48380703526923563, 0.1921773049809506, 0.5, 0.13798482949971363, 0.43625065124398454, 0.22961225977770108, 0.125, 0.23721180845401002]",1.625,0.18789135453187117,0.11562544894268995,True,True,True
iforest,0.5,0.125,4.0,0.375,0,1,12,"[0.338778492507561, 0.5, 0.16205431113631955, 0.45442092988713323, 0.21072855871375604, 0.30085788495824073, 0.125, 0.18013192966391542, 0.4982585127961605, 0.13516723660088442]",2.0,0.15687680845423374,0.07843840422711687,True,True,True
knn,0.5,0.125,4.0,0.375,1,1,12,"[0.338778492507561, 0.5, 0.16205431113631955, 0.45442092988713323, 0.21072855871375604, 0.30085788495824073, 0.125, 0.18013192966391542, 0.4982585127961605, 0.13516723660088442]",0.5,0.33877849250756104,0.6775569850151221,True,True,True
knn,0.5,0.125,4.0,0.375,3,1,12,"[0.338778492507561, 0.5, 0.16205431113631955, 0.45442092988713323, 0.21072855871375604, 0.30085788495824073, 0.125, 0.18013192966391542, 0.4982585127961605, 0.13516723660088442]",0.875,0.13486456001458919,0.15413092573095907,True,True,True
knn,0.5,0.125,4.0,0.375,5,1,12,"[0.338778492507561, 0.5, 0.16205431113631955, 0.45442092988713323, 0.21072855871375604, 0.30085788495824073, 0.125, 0.18013192966391542, 0.4982585127961605, 0.13516723660088442]",1.25,0.02529607718980687,0.020236861751845494,True,True,True
knn,0.5,0.125,4.0,0.375,7,1,12,"[0.338778492507561, 0.5, 0.16205431113631955, 0.45442092988713323, 0.21072855871375604, 0.30085788495824073, 0.125, 0.18013192966391542, 0.4982585127961605, 0.13516723660088442]",1.625,1.1102230256591323e-16,6.832141696363891e-17,True,True,True
iforest,0.5,0.125,4.0,0.375,0,2,12,"[0.2892471861528451, 0.2014376236688051, 0.15709506018154196, 0.5, 0.2696479668081758, 0.37481223502911276, 0.13629799151941813, 0.125, 0.2407534817761982, 0.48469595679027133]",2.0,0.4706134300873489,0.23530671504367445,True,True,True
knn,0.5,0.125,4.0,0.375,1,2,12,"[0.2892471861528451, 0.2014376236688051, 0.15709506018154196, 0.5, 0.2696479668081758, 0.37481223502911276, 0.13629799151941813, 0.125, 0.2407534817761982, 0.48469595679027133]",0.5,0.4846959567902714,0.9693919135805428,True,False,True
knn,0.5,0.125,4.0,0.375,3,2,12,"[0.2892471861528451, 0.2014376236688051, 0.15709506018154196, 0.5, 0.2696479668081758, 0.37481223502911276, 0.13629799151941813, 0.125, 0.2407534817761982, 0.48469595679027133]",0.875,0.4268876126495719,0.4878715573137965,True,True,True
knn,0.5,0.125,4.0,0.375,5,2,12,"[0.2892471861528451, 0.2014376236688051, 0.15709506018154196, 0.5, 0.2696479668081758, 0.37481223502911276, 0.13629799151941813, 0.125, 0.2407534817761982, 0.48469595679027133]",1.25,0.36668203862864396,0.29334563090291516,True,True,True
knn,0.5,0.125,4.0,0.375,7,2,12,"[0.2892471861528451, 0.2014376236688051, 0.15709506018154196, 0.5, 0.2696479668081758, 0.37481223502911276, 0.13629799151941813, 0.125, 0.2407534817761982, 0.48469595679027133]",1.625,0.34087964976253227,0.20977209216155832,True,True,True
iforest,0.5,0.125,4.0,0.375,0,3,12,"[0.15593025230750746, 0.37820800039204505, 0.5, 0.3005578114694859, 0.125, 0.2914685532465336, 0.15531684531288117, 0.1776632614879311, 0.12556978367495436, 0.32567639726661285]",2.0,0.28542431574415644,0.14271215787207822,True,True,True
knn,0.5,0.125,4.0,0.375,1,3,12,"[0.15593025230750746, 0.37820800039204505, 0.5, 0.3005578114694859, 0.125, 0.2914685532465336, 0.15531684531288117, 0.1776632614879311, 0.12556978367495436, 0.32567639726661285]",0.5,0.3782080003920451,0.7564160007840902,True,True,True
knn,0.5,0.125,4.0,0.375,3,3,12,"[0.15593025230750746, 0.37820800039204505, 0.5, 0.3005578114694859, 0.125, 0.2914685532465336, 0.15531684531288117, 0.1776632614879311, 0.12556978367495436, 0.32567639726661285]",0.875,0.24075924936151255,0.27515342784172864,True,True,True
knn,0.5,0.125,4.0,0.375,5,3,12,"[0.15593025230750746, 0.37820800039204505, 0.5, 0.3005578114694859, 0.125, 0.2914685532465336, 0.15531684531288117, 0.1776632614879311, 0.12556978367495436, 0.32567639726661285]",1.25,0.04137006549866411,0.033096052398931285,True,True,True
knn,0.5,0.125,4.0,0.375,7,3,12,"[0.15593025230750746, 0.37820800039204505, 0.5, 0.3005578114694859, 0.125, 0.2914685532465336, 0.15531684531288117, 0.1776632614879311, 0.12556978367495436, 0.32567639726661285]",1.625,1.1102230256591323e-16,6.832141696363891e-17,True,True,True
iforest,0.5,0.125,4.0,0.375,0,4,12,"[0.2661875306223851, 0.43427602906724105, 0.16785773048887415, 0.3607127494018056, 0.5, 0.24709527357628863, 0.12974230086217195, 0.125, 0.1581759811572136, 0.2503941836503249]",2.0,0.2018875763668254,0.1009437881834127,True,True,True
knn,0.5,0.125,4.0,0.375,1,4,12,"[0.2661875306223851, 0.43427602906724105, 0.16785773048887415, 0.3607127494018056, 0.5, 0.24709527357628863, 0.12974230086217195, 0.125, 0.1581759811572136, 0.2503941836503249]",0.5,0.3607127494018057,0.7214254988036114,True,True,True
knn,0.5,0.125,4.0,0.375,3,4,12,"[0.2661875306223851, 0.43427602906724105, 0.16785773048887415, 0.3607127494018056, 0.5, 0.24709527357628863, 0.12974230086217195, 0.125, 0.1581759811572136, 0.2503941836503249]",0.875,0.1408773796601581,0.16100271961160925,True,True,True
knn,0.5,0.125,4.0,0.375,5,4,12,"[0.2661875306223851, 0.43427602906724105, 0.16785773048887415, 0.3607127494018056, 0.5, 0.24709527357628863, 0.12974230086217195, 0.125, 0.1581759811572136, 0.2503941836503249]",1.25,5.551115128295662e-17,4.440892102636529e-17,True,True,True
knn,0.5,0.125,4.0,0.375,7,4,12,"[0.2661875306223851, 0.43427602906724105, 0.16785773048887415, 0.3607127494018056, 0.5, 0.24709527357628863, 0.12974230086217195, 0.125, 0.1581759811572136, 0.2503941836503249]",1.625,5.551115128295662e-17,3.4160708481819456e-17,True,True,True
iforest,0.5,0.125,4.0,0.375,0,5,12,"[0.2745859120496284, 0.16473948641982236, 0.5, 0.3085102801807334, 0.2668965075091662, 0.42092789770415795, 0.2792192228598677, 0.19398700327616597, 0.125, 0.4476125697131597]",2.0,0.4208727898272063,0.21043639491360314,True,True,True
knn,0.5,0.125,4.0,0.375,1,5,12,"[0.2745859120496284, 0.16473948641982236, 0.5, 0.3085102801807334, 0.2668965075091662, 0.42092789770415795, 0.2792192228598677, 0.19398700327616597, 0.125, 0.4476125697131597]",0.5,0.4476125697131597,0.8952251394263194,True,True,True
knn,0.5,0.125,4.0,0.375,3,5,12,"[0.2745859120496284, 0.16473948641982236, 0.5, 0.3085102801807334, 0.2668965075091662, 0.42092789770415795, 0.2792192228598677, 0.19398700327616597, 0.125, 0.4476125697131597]",0.875,0.35763780063218864,0.40872891500821557,True,True,True
knn,0.5,0.125,4.0,0.375,5,5,12,"[0.2745859120496284, 0.16473948641982236, 0.5, 0.3085102801807334, 0.2668965075091662, 0.42092789770415795, 0.2792192228598677, 0.19398700327616597, 0.125, 0.4476125697131597]",1.25,0.27966356283589533,0.22373085026871625,True,True,True
knn,0.5,0.125,4.0,0.375,7,5,12,"[0.2745859120496284, 0.16473948641982236, 0.5, 0.3085102801807334, 0.2668965075091662, 0.42092789770415795, 0.2792192228598677, 0.19398700327616597, 0.125, 0.4476125697131597]",1.625,0.24624603235176956,0.15153601990878127,True,True,True
iforest,0.5,0.125,4.0,0.375,0,6,12,"[0.2024569600388316, 0.18667519107244787, 0.24419839993463355, 0.3272909945741662, 0.20735706936327872, 0.5, 0.12684811062672807, 0.33730578555670426, 0.2995362166250494, 0.125]",2.0,0.16577591169995198,0.08288795584997599,True,True,True
knn,0.5,0.125,4.0,0.375,1,6,12,"[0.2024569600388316, 0.18667519107244787, 0.24419839993463355, 0.3272909945741662, 0.20735706936327872, 0.5, 0.12684811062672807, 0.33730578555670426, 0.2995362166250494, 0.125]",0.5,0.2995362166250493,0.5990724332500986,True,True,True
knn,0.5,0.125,4.0,0.375,3,6,12,"[0.2024569600388316, 0.18667519107244787, 0.24419839993463355, 0.3272909945741662, 0.20735706936327872, 0.5, 0.12684811062672807, 0.33730578555670426, 0.2995362166250494, 0.125]",0.875,0.23992970255223056,0.27420537434540637,True,True,True
knn,0.5,0.125,4.0,0.375,5,6,12,"[0.2024569600388316, 0.18667519107244787, 0.24419839993463355, 0.3272909945741662, 0.20735706936327872, 0.5, 0.12684811062672807, 0.33730578555670426, 0.2995362166250494, 0.125]",1.25,0.28064344732153257,0.22451475785722605,True,True,True
knn,0.5,0.125,4.0,0.375,7,6,12,"[0.2024569600388316, 0.18667519107244787, 0.24419839993463355, 0.3272909945741662, 0.20735706936327872, 0.5, 0.12684811062672807, 0.33730578555670426, 0.2995362166250494, 0.125]",1.625,0.2980921950798049,0.18344135081834148,True,True,True
iforest,0.5,0.125,4.0,0.375,0,7,12,"[0.1455775812052159, 0.29286760940007506, 0.13662793699722556, 0.3330612803538248, 0.125, 0.1638557925501609, 0.24043767961076784, 0.14634811741020767, 0.18657284370764027, 0.5]",2.0,0.4918785117117315,0.24593925585586576,True,True,True
knn,0.5,0.125,4.0,0.375,1,7,12,"[0.1455775812052159, 0.29286760940007506, 0.13662793699722556, 0.3330612803538248, 0.125, 0.1638557925501609, 0.24043767961076784, 0.14634811741020767, 0.18657284370764027, 0.5]",0.5,0.5000000000000001,1.0000000000000002,True,False,True
knn,0.5,0.125,4.0,0.375,3,7,12,"[0.1455775812052159, 0.29286760940007506, 0.13662793699722556, 0.3330612803538248, 0.125, 0.1638557925501609, 0.24043767961076784, 0.14634811741020767, 0.18657284370764027, 0.5]",0.875,0.4784903443383274,0.5468461078152312,True,True,True
knn,0.5,0.125,4.0,0.375,5,7,12,"[0.1455775812052159, 0.29286760940007506, 0.13662793699722556, 0.3330612803538248, 0.125, 0.1638557925501609, 0.24043767961076784, 0.14634811741020767, 0.18657284370764027, 0.5]",1.25,0.4525673142927034,0.36205385143416274,True,True,True
knn,0.5,0.125,4.0,0.375,7,7,12,"[0.1455775812052159, 0.29286760940007506, 0.13662793699722556, 0.3330612803538248, 0.125, 0.1638557925501609, 0.24043767961076784, 0.14634811741020767, 0.18657284370764027, 0.5]",1.625,0.4414574442731503,0.27166611955270786,True,True,True
iforest,0.5,0.0625,8.0,0.4375,0,0,12,"[0.09298450506540973, 0.12033268834406351, 0.4759082865861603, 0.11914289425535748, 0.5, 0.07248731439712465, 0.4074920406310906, 0.15559928858923827, 0.0625, 0.16338773585632466]",4.0,0.15932878172317458,0.039832195430793645,True,True,True
knn,0.5,0.0625,8.0,0.4375,1,0,12,"[0.09298450506540973, 0.12033268834406351, 0.4759082865861603, 0.11914289425535748, 0.5, 0.07248731439712465, 0.4074920406310906, 0.15559928858923827, 0.0625, 0.16338773585632466]",0.5,0.16338773585632452,0.32677547171264903,True,True,True
knn,0.5,0.0625,8.0,0.4375,3,0,12,"[0.09298450506540973, 0.12033268834406351, 0.4759082865861603, 0.11914289425535748, 0.5, 0.07248731439712465, 0.4074920406310906, 0.15559928858923827, 0.0625, 0.16338773585632466]",0.9375,0.2951095033925332,0.3147834702853688,True,True,True
knn,0.5,0.0625,8.0,0.4375,5,0,12,"[0.09298450506540973, 0.12033268834406351, 0.4759082865861603, 0.11914289425535748, 0.5, 0.07248731439712465, 0.4074920406310906, 0.15559928858923827, 0.0625, 0.16338773585632466]",1.375,0.13963394119161487,0.10155195723026536,True,True,True
knn,0.5,0.0625,8.0,0.4375,7,0,12,"[0.09298450506540973, 0.12033268834406351, 0.4759082865861603, 0.11914289425535748, 0.5, 0.07248731439712465, 0.4074920406310906, 0.15559928858923827, 0.0625, 0.16338773585632466]",1.8125,0.11002342547013509,0.06070257956972971,True,True,True
iforest,0.5,0.0625,8.0,0.4375,0,1,12,"[0.2788616190916195, 0.5, 0.09225839211799523, 0.43321400381398856, 0.13680440860703943, 0.23337648527664948, 0.0625, 0.10811875845166215, 0.49739004509961515, 0.07027844609698361]",4.0,0.11097886066158653,0.027744715165396634,True,True,True
knn,0.5,0.0625,8.0,0.4375,1,1,12,"[0.2788616190916195, 0.5, 0.09225839211799523, 0.43321400381398856, 0.13680440860703943, 0.23337648527664948, 0.0625, 0.10811875845166215, 0.49739004509961515, 0.07027844609698361]",0.5,0.27886161909161955,0.5577232381832391,True,True,True
knn,0.5,0.0625,8.0,0.4375,3,1,12,"[0.2788616190916195, 0.5, 0.09225839211799523, 0.43321400381398856, 0.13680440860703943, 0.23337648527664948, 0.0625, 0.10811875845166215, 0.49739004509961515, 0.07027844609698361]",0.9375,0.08533698291953444,0.09102611511417007,True,True,True
knn,0.5,0.0625,8.0,0.4375,5,1,12,"[0.2788616190916195, 0.5, 0.09225839211799523, 0.43321400381398856, 0.13680440860703943, 0.23337648527664948, 0.0625, 0.10811875845166215, 0.49739004509961515, 0.07027844609698361]",1.375,5.551115231693238e-17,4.0371747139587186e-17,True,True,True
knn,0.5,0.0625,8.0,0.4375,7,1,12,"[0.2788616190916195, 0.5, 0.09225839211799523, 0.43321400381398856, 0.13680440860703943, 0.23337648527664948, 0.0625, 0.10811875845166215, 0.49739004509961515, 0.07027844609698361]",1.8125,1.1102230392300642e-16,6.125368492303803e-17,True,True,True
iforest,0.5,0.0625,8.0,0.4375,0,2,12,"[0.21999798950754343, 0.12785740391991526, 0.0880559671148508, 0.5, 0.19802075991415496, 0.32451564310193737, 0.07116216986377846, 0.0625, 0.16706053302771157, 0.4772205020394158]",4.0,0.4646509664506965,0.11616274161267412,True,True,True
knn,0.5,0.0625,8.0,0.4375,1,2,12,"[0.21999798950754343, 0.12785740391991526, 0.0880559671148508, 0.5, 0.19802075991415496, 0.32451564310193737, 0.07116216986377846, 0.0625, 0.16706053302771157, 0.4772205020394158]",0.5,0.47722050203941563,0.9544410040788313,True,False,True
knn,0.5,0.0625,8.0,0.4375,3,2,12,"[0.21999798950754343, 0.12785740391991526, 0.0880559671148508, 0.5, 0.19802075991415496, 0.32451564310193737, 0.07116216986377846, 0.0625, 0.16706053302771157, 0.4772205020394158]",0.9375,0.42014306307955596,0.448152600618193,True,True,True
knn,0.5,0.0625,8.0,0.4375,5,2,12,"[0.21999798950754343, 0.12785740391991526, 0.0880559671148508, 0.5, 0.19802075991415496, 0.32451564310193737, 0.07116216986377846, 0.0625, 0.16706053302771157, 0.4772205020394158]",1.375,0.3538017042235596,0.257310330344407,True,True,True
knn,0.5,0.0625,8.0,0.4375,7,2,12,"[0.21999798950754343, 0.12785740391991526, 0.0880559671148508, 0.5, 0.19802075991415496, 0.32451564310193737, 0.07116216986377846, 0.0625, 0.16706053302771157, 0.4772205020394158]",1.8125,0.3253696932852754,0.17951431353670366,True,True,True
iforest,0.5,0.0625,8.0,0.4375,0,3,12,"[0.08707842599433921, 0.32893574100304396, 0.5, 0.2330274203118517, 0.0625, 0.22253716739263474, 0.08656510081467164, 0.10590377561292061, 0.06292782436703666, 0.2628417956442597]",4.0,0.21795392110555123,0.05448848027638781,True,True,True
knn,0.5,0.0625,8.0,0.4375,1,3,12,"[0.08707842599433921, 0.32893574100304396, 0.5, 0.2330274203118517, 0.0625, 0.22253716739263474, 0.08656510081467164, 0.10590377561292061, 0.06292782436703666, 0.2628417956442597]",0.5,0.32893574100304396,0.6578714820060879,True,True,True
knn,0.5,0.0625,8.0,0.4375,3,3,12,"[0.08707842599433921, 0.32893574100304396, 0.5, 0.2330274203118517, 0.0625, 0.22253716739263474, 0.08656510081467164, 0.10590377561292061, 0.06292782436703666, 0.2628417956442597]",0.9375,0.24728577166956828,0.26377148978087284,True,True,True
knn,0.5,0.0625,8.0,0.4375,5,3,12,"[0.08707842599433921, 0.32893574100304396, 0.5, 0.2330274203118517, 0.0625, 0.22253716739263474, 0.08656510081467164, 0.10590377561292061, 0.06292782436703666, 0.2628417956442597]",1.375,7.632783408035285e-17,5.551115205843844e-17,True,True,True
knn,0.5,0.0625,8.0,0.4375,7,3,12,"[0.08707842599433921, 0.32893574100304396, 0.5, 0.2330274203118517, 0.0625, 0.22253716739263474, 0.08656510081467164, 0.10590377561292061, 0.06292782436703666, 0.2628417956442597]",1.8125,7.632783453271725e-17,4.211190870770607e-17,True,True,True
iforest,0.5,0.0625,8.0,0.4375,0,4,12,"[0.19422116682071225, 0.40472849767725233, 0.09725837706175938, 0.30637776023123353, 0.5, 0.1737047343270151, 0.06609024944798461, 0.0625, 0.08896635617756135, 0.17719495495779278]",4.0,0.133811398797348,0.033452849699337,True,True,True
knn,0.5,0.0625,8.0,0.4375,1,4,12,"[0.19422116682071225, 0.40472849767725233, 0.09725837706175938, 0.30637776023123353, 0.5, 0.1737047343270151, 0.06609024944798461, 0.0625, 0.08896635617756135, 0.17719495495779278]",0.5,0.3063777602312335,0.612755520462467,True,True,True
knn,0.5,0.0625,8.0,0.4375,3,4,12,"[0.19422116682071225, 0.40472849767725233, 0.09725837706175938, 0.30637776023123353, 0.5, 0.1737047343270151, 0.06609024944798461, 0.0625, 0.08896635617756135, 0.17719495495779278]",0.9375,0.13894768873518318,0.1482108679841954,True,True,True
knn,0.5,0.0625,8.0,0.4375,5,4,12,"[0.19422116682071225, 0.40472849767725233, 0.09725837706175938, 0.30637776023123353, 0.5, 0.1737047343270151, 0.06609024944798461, 0.0625, 0.08896635617756135, 0.17719495495779278]",1.375,0.026309788191376585,0.019134391411910243,True,True,True
knn,0.5,0.0625,8.0,0.4375,7,4,12,"[0.19422116682071225, 0.40472849767725233, 0.09725837706175938, 0.30637776023123353, 0.5, 0.1737047343270151, 0.06609024944798461, 0.0625, 0.08896635617756135, 0.17719495495779278]",1.8125,5.551115289854375e-17,3.0626842978506896e-17,True,True,True
iforest,0.5,0.0625,8.0,0.4375,0,5,12,"[0.20348498808040633, 0.09456089181035396, 0.5, 0.24233684980457387, 0.1949976304964837, 0.3862127111232439, 0.20865700474961668, 0.12082977004208513, 0.0625, 0.4235146213635822]",4.0,0.39761180369084803,0.09940295092271201,True,True,True
knn,0.5,0.0625,8.0,0.4375,1,5,12,"[0.20348498808040633, 0.09456089181035396, 0.5, 0.24233684980457387, 0.1949976304964837, 0.3862127111232439, 0.20865700474961668, 0.12082977004208513, 0.0625, 0.4235146213635822]",0.5,0.42351462136358237,0.8470292427271647,True,True,True
knn,0.5,0.0625,8.0,0.4375,3,5,12,"[0.20348498808040633, 0.09456089181035396, 0.5, 0.24233684980457387, 0.1949976304964837, 0.3862127111232439, 0.20865700474961668, 0.12082977004208513, 0.0625, 0.4235146213635822]",0.9375,0.3382809220538885,0.3608329835241477,True,True,True
knn,0.5,0.0625,8.0,0.4375,5,5,12,"[0.20348498808040633, 0.09456089181035396, 0.5, 0.24233684980457387, 0.1949976304964837, 0.3862127111232439, 0.20865700474961668, 0.12082977004208513, 0.0625, 0.4235146213635822]",1.375,0.23872593200187645,0.17361885963772833,True,True,True
knn,0.5,0.0625,8.0,0.4375,7,5,12,"[0.20348498808040633, 0.09456089181035396, 0.5, 0.24233684980457387, 0.1949976304964837, 0.3862127111232439, 0.20865700474961668, 0.12082977004208513, 0.0625, 0.4235146213635822]",1.8125,0.19605950769387137,0.1081707628655842,True,True,True
iforest,0.5,0.0625,8.0,0.4375,0,6,12,"[0.1288291273590994, 0.11406303013282253, 0.1706590087672461, 0.26479884202944337, 0.13353443314407307, 0.5, 0.06389119368436903, 0.2770452340020309, 0.2318403415047642, 0.0625]",4.0,0.1088367607028015,0.027209190175700376,True,True,True
knn,0.5,0.0625,8.0,0.4375,1,6,12,"[0.1288291273590994, 0.11406303013282253, 0.1706590087672461, 0.26479884202944337, 0.13353443314407307, 0.5, 0.06389119368436903, 0.2770452340020309, 0.2318403415047642, 0.0625]",0.5,0.23184034150476432,0.46368068300952864,True,True,True
knn,0.5,0.0625,8.0,0.4375,3,6,12,"[0.1288291273590994, 0.11406303013282253, 0.1706590087672461, 0.26479884202944337, 0.13353443314407307, 0.5, 0.06389119368436903, 0.2770452340020309, 0.2318403415047642, 0.0625]",0.9375,0.22004880782218944,0.23471872834366875,True,True,True
knn,0.5,0.0625,8.0,0.4375,5,6,12,"[0.1288291273590994, 0.11406303013282253, 0.1706590087672461, 0.26479884202944337, 0.13353443314407307, 0.5, 0.06389119368436903, 0.2770452340020309, 0.2318403415047642, 0.0625]",1.375,0.24703139919901757,0.17965919941746733,True,True,True
knn,0.5,0.0625,8.0,0.4375,7,6,12,"[0.1288291273590994, 0.11406303013282253, 0.1706590087672461, 0.26479884202944337, 0.13353443314407307, 0.5, 0.06389119368436903, 0.2770452340020309, 0.2318403415047642, 0.0625]",1.8125,0.27340133711851966,0.15084211703090739,True,True,True
iforest,0.5,0.0625,8.0,0.4375,0,7,12,"[0.07855190950220449, 0.22414136433202975, 0.07142072657273439, 0.27183239947887905, 0.0625, 0.09380104922458447, 0.16673193483110613, 0.07917639210882403, 0.11396923794040961, 0.5]",4.0,0.49060959561571926,0.12265239890392982,True,True,True
knn,0.5,0.0625,8.0,0.4375,1,7,12,"[0.07855190950220449, 0.22414136433202975, 0.07142072657273439, 0.27183239947887905, 0.0625, 0.09380104922458447, 0.16673193483110613, 0.07917639210882403, 0.11396923794040961, 0.5]",0.5,0.5000000000000001,1.0000000000000002,True,False,True
knn,0.5,0.0625,8.0,0.4375,3,7,12,"[0.07855190950220449, 0.22414136433202975, 0.07142072657273439, 0.27183239947887905, 0.0625, 0.09380104922458447, 0.16673193483110613, 0.07917639210882403, 0.11396923794040961, 0.5]",0.9375,0.4752898948844016,0.506975887876695,True,True,True
knn,0.5,0.0625,8.0,0.4375,5,7,12,"[0.07855190950220449, 0.22414136433202975, 0.07142072657273439, 0.27183239947887905, 0.0625, 0.09380104922458447, 0.16673193483110613, 0.07917639210882403, 0.11396923794040961, 0.5]",1.375,0.4438730926691305,0.32281679466845853,True,True,True
knn,0.5,0.0625,8.0,0.4375,7,7,12,"[0.07855190950220449, 0.22414136433202975, 0.07142072657273439, 0.27183239947887905, 0.0625, 0.09380104922458447, 0.16673193483110613, 0.07917639210882403, 0.11396923794040961, 0.5]",1.8125,0.4304087488625858,0.23746689592418527,True,True,True
iforest,0.5,0.03125,16.0,0.46875,0,0,12,"[0.053075094599157505, 0.07484937144966405, 0.4681384947520148, 0.0738642330994826, 0.5, 0.038079626344130084, 0.38062926142160125, 0.10544357968044496, 0.03125, 0.11253888414004387]",8.0,0.10711803709621309,0.013389754637026637,True,True,True
knn,0.5,0.03125,16.0,0.46875,1,0,12,"[0.053075094599157505, 0.07484937144966405, 0.4681384947520148, 0.0738642330994826, 0.5, 0.038079626344130084, 0.38062926142160125, 0.10544357968044496, 0.03125, 0.11253888414004387]",0.5,0.11253888414004388,0.22507776828008777,True,True,True
knn,0.5,0.03125,16.0,0.46875,3,0,12,"[0.053075094599157505, 0.07484937144966405, 0.4681384947520148, 0.0738642330994826, 0.5, 0.038079626344130084, 0.38062926142160125, 0.10544357968044496, 0.03125, 0.11253888414004387]",0.96875,0.3103147662652112,0.3203249200157019,True,True,True
knn,0.5,0.03125,16.0,0.46875,5,0,12,"[0.053075094599157505, 0.07484937144966405, 0.4681384947520148, 0.0738642330994826, 0.5, 0.038079626344130084, 0.38062926142160125, 0.10544357968044496, 0.03125, 0.11253888414004387]",1.4375,0.16476179424942747,0.1146169003474278,True,True,True
knn,0.5,0.03125,16.0,0.46875,7,0,12,"[0.053075094599157505, 0.07484937144966405, 0.4681384947520148, 0.0738642330994826, 0.5, 0.038079626344130084, 0.38062926142160125, 0.10544357968044496, 0.03125, 0.11253888414004387]",1.90625,0.05545521652955821,0.029091261130260046,True,True,True
iforest,0.5,0.03125,16.0,0.46875,0,1,12,"[0.2295417339713911, 0.5, 0.05252319951573412, 0.41299676303897376, 0.08881305091515385, 0.18103093388309205, 0.03125, 0.06489502416889155, 0.49652309114768334, 0.036540363700638935]",8.0,0.09349591767033788,0.011686989708792235,True,True,True
knn,0.5,0.03125,16.0,0.46875,1,1,12,"[0.2295417339713911, 0.5, 0.05252319951573412, 0.41299676303897376, 0.08881305091515385, 0.18103093388309205, 0.03125, 0.06489502416889155, 0.49652309114768334, 0.036540363700638935]",0.5,0.22954173397139113,0.45908346794278226,True,True,True
knn,0.5,0.03125,16.0,0.46875,3,1,12,"[0.2295417339713911, 0.5, 0.05252319951573412, 0.41299676303897376, 0.08881305091515385, 0.18103093388309205, 0.03125, 0.06489502416889155, 0.49652309114768334, 0.036540363700638935]",0.96875,0.06949294320779757,0.07173465105321039,True,True,True
knn,0.5,0.03125,16.0,0.46875,5,1,12,"[0.2295417339713911, 0.5, 0.05252319951573412, 0.41299676303897376, 0.08881305091515385, 0.18103093388309205, 0.03125, 0.06489502416889155, 0.49652309114768334, 0.036540363700638935]",1.4375,5.551115167069753e-17,3.861645333613741e-17,True,True,True
knn,0.5,0.03125,16.0,0.46875,7,1,12,"[0.2295417339713911, 0.5, 0.05252319951573412, 0.41299676303897376, 0.08881305091515385, 0.18103093388309205, 0.03125, 0.06489502416889155, 0.49652309114768334, 0.036540363700638935]",1.90625,1.1102230256591323e-16,5.824120790342989e-17,True,True,True
iforest,0.5,0.03125,16.0,0.46875,0,2,12,"[0.16732786939467728, 0.0811542324586703, 0.049357715866884574, 0.5, 0.14542005200756616, 0.2809684230550377, 0.037154284984454757, 0.03125, 0.11592447797472441, 0.4698603410576731]",8.0,0.4579072122311603,0.05723840152889504,True,True,True
knn,0.5,0.03125,16.0,0.46875,1,2,12,"[0.16732786939467728, 0.0811542324586703, 0.049357715866884574, 0.5, 0.14542005200756616, 0.2809684230550377, 0.037154284984454757, 0.03125, 0.11592447797472441, 0.4698603410576731]",0.5,0.4698603410576732,0.9397206821153464,True,False,True
knn,0.5,0.03125,16.0,0.46875,3,2,12,"[0.16732786939467728, 0.0811542324586703, 0.049357715866884574, 0.5, 0.14542005200756616, 0.2809684230550377, 0.037154284984454757, 0.03125, 0.11592447797472441, 0.4698603410576731]",0.96875,0.4189566692914812,0.43247140055894834,True,True,True
knn,0.5,0.03125,16.0,0.46875,5,2,12,"[0.16732786939467728, 0.0811542324586703, 0.049357715866884574, 0.5, 0.14542005200756616, 0.2809684230550377, 0.037154284984454757, 0.03125, 0.11592447797472441, 0.4698603410576731]",1.4375,0.3501074007045445,0.2435529744031614,True,True,True
knn,0.5,0.03125,16.0,0.46875,7,2,12,"[0.16732786939467728, 0.0811542324586703, 0.049357715866884574, 0.5, 0.14542005200756616, 0.2809684230550377, 0.037154284984454757, 0.03125, 0.11592447797472441, 0.4698603410576731]",1.90625,0.32060057131014286,0.16818390626105856,True,True,True
iforest,0.5,0.03125,16.0,0.46875,0,3,12,"[0.048628487169365874, 0.2860825831210983, 0.5, 0.18066999607065404, 0.03125, 0.1699078350632548, 0.048246644875890914, 0.06312846896505797, 0.031535541144349664, 0.21213023147312127]",8.0,0.16689580530811965,0.020861975663514956,True,True,True
knn,0.5,0.03125,16.0,0.46875,1,3,12,"[0.048628487169365874, 0.2860825831210983, 0.5, 0.18066999607065404, 0.03125, 0.1699078350632548, 0.048246644875890914, 0.06312846896505797, 0.031535541144349664, 0.21213023147312127]",0.5,0.28608258312109835,0.5721651662421967,True,True,True
knn,0.5,0.03125,16.0,0.46875,3,3,12,"[0.048628487169365874, 0.2860825831210983, 0.5, 0.18066999607065404, 0.03125, 0.1699078350632548, 0.048246644875890914, 0.06312846896505797, 0.031535541144349664, 0.21213023147312127]",0.96875,0.2458180319839108,0.25374764591887566,True,True,True
knn,0.5,0.03125,16.0,0.46875,5,3,12,"[0.048628487169365874, 0.2860825831210983, 0.5, 0.18066999607065404, 0.03125, 0.1699078350632548, 0.048246644875890914, 0.06312846896505797, 0.031535541144349664, 0.21213023147312127]",1.4375,1.1102230334139505e-16,7.723290667227482e-17,True,True,True
knn,0.5,0.03125,16.0,0.46875,7,3,12,"[0.048628487169365874, 0.2860825831210983, 0.5, 0.18066999607065404, 0.03125, 0.1699078350632548, 0.048246644875890914, 0.06312846896505797, 0.031535541144349664, 0.21213023147312127]",1.90625,1.1102230256591323e-16,5.824120790342989e-17,True,True,True
iforest,0.5,0.03125,16.0,0.46875,0,4,12,"[0.14171160291768642, 0.37719133884482237, 0.056352435369751014, 0.26022737516201955, 0.5, 0.12211214844748185, 0.03366612926602069, 0.03125, 0.050039282030094376, 0.12539449441182526]",8.0,0.09376231275166498,0.011720289093958123,True,True,True
knn,0.5,0.03125,16.0,0.46875,1,4,12,"[0.14171160291768642, 0.37719133884482237, 0.056352435369751014, 0.26022737516201955, 0.5, 0.12211214844748185, 0.03366612926602069, 0.03125, 0.050039282030094376, 0.12539449441182526]",0.5,0.2602273751620196,0.5204547503240392,True,True,True
knn,0.5,0.03125,16.0,0.46875,3,4,12,"[0.14171160291768642, 0.37719133884482237, 0.056352435369751014, 0.26022737516201955, 0.5, 0.12211214844748185, 0.03366612926602069, 0.03125, 0.050039282030094376, 0.12539449441182526]",0.96875,0.13873088033786501,0.14320607002618324,True,True,True
knn,0.5,0.03125,16.0,0.46875,5,4,12,"[0.14171160291768642, 0.37719133884482237, 0.056352435369751014, 0.26022737516201955, 0.5, 0.12211214844748185, 0.03366612926602069, 0.03125, 0.050039282030094376, 0.12539449441182526]",1.4375,0.05666898754960809,0.039421904382336066,True,True,True
knn,0.5,0.03125,16.0,0.46875,7,4,12,"[0.14171160291768642, 0.37719133884482237, 0.056352435369751014, 0.26022737516201955, 0.5, 0.12211214844748185, 0.03366612926602069, 0.03125, 0.050039282030094376, 0.12539449441182526]",1.90625,1.6653345384886985e-16,8.736181185514484e-17,True,True,True
iforest,0.5,0.03125,16.0,0.46875,0,5,12,"[0.15079484619225253, 0.05427819677173368, 0.5, 0.19035718595438927, 0.14246749144118082, 0.3543605901312842, 0.15592674882893692, 0.07526191488013446, 0.03125, 0.4007140251304366]",8.0,0.3745885385863132,0.04682356732328915,True,True,True
knn,0.5,0.03125,16.0,0.46875,1,5,12,"[0.15079484619225253, 0.05427819677173368, 0.5, 0.19035718595438927, 0.14246749144118082, 0.3543605901312842, 0.15592674882893692, 0.07526191488013446, 0.03125, 0.4007140251304366]",0.5,0.40071402513043647,0.8014280502608729,True,True,True
knn,0.5,0.03125,16.0,0.46875,3,5,12,"[0.15079484619225253, 0.05427819677173368, 0.5, 0.19035718595438927, 0.14246749144118082, 0.3543605901312842, 0.15592674882893692, 0.07526191488013446, 0.03125, 0.4007140251304366]",0.96875,0.3280120337050684,0.33859306705039316,True,True,True
knn,0.5,0.03125,16.0,0.46875,5,5,12,"[0.15079484619225253, 0.05427819677173368, 0.5, 0.19035718595438927, 0.14246749144118082, 0.3543605901312842, 0.15592674882893692, 0.07526191488013446, 0.03125, 0.4007140251304366]",1.4375,0.21283975940862873,0.14806244132774174,True,True,True
knn,0.5,0.03125,16.0,0.46875,7,5,12,"[0.15079484619225253, 0.05427819677173368, 0.5, 0.19035718595438927, 0.14246749144118082, 0.3543605901312842, 0.15592674882893692, 0.07526191488013446, 0.03125, 0.4007140251304366]",1.90625,0.16348021328158321,0.08576011188542071,True,True,True
iforest,0.5,0.03125,16.0,0.46875,0,6,12,"[0.0819776413363301, 0.06969525392386985, 0.11926571706127047, 0.21423879025869383, 0.08599390842985516, 0.5, 0.03218088633914128, 0.22755038594005075, 0.17944389014009707, 0.03125]",8.0,0.07632319116374295,0.009540398895467869,True,True,True
knn,0.5,0.03125,16.0,0.46875,1,6,12,"[0.0819776413363301, 0.06969525392386985, 0.11926571706127047, 0.21423879025869383, 0.08599390842985516, 0.5, 0.03218088633914128, 0.22755038594005075, 0.17944389014009707, 0.03125]",0.5,0.179443890140097,0.358887780280194,True,True,True
knn,0.5,0.03125,16.0,0.46875,3,6,12,"[0.0819776413363301, 0.06969525392386985, 0.11926571706127047, 0.21423879025869383, 0.08599390842985516, 0.5, 0.03218088633914128, 0.22755038594005075, 0.17944389014009707, 0.03125]",0.96875,0.19069149542389788,0.1968428339859591,True,True,True
knn,0.5,0.03125,16.0,0.46875,5,6,12,"[0.0819776413363301, 0.06969525392386985, 0.11926571706127047, 0.21423879025869383, 0.08599390842985516, 0.5, 0.03218088633914128, 0.22755038594005075, 0.17944389014009707, 0.03125]",1.4375,0.2262543879121316,0.15739435680843936,True,True,True
knn,0.5,0.03125,16.0,0.46875,7,6,12,"[0.0819776413363301, 0.06969525392386985, 0.11926571706127047, 0.21423879025869383, 0.08599390842985516, 0.5, 0.03218088633914128, 0.22755038594005075, 0.17944389014009707, 0.03125]",1.90625,0.25942946421394314,0.1360941451614128,True,True,True
iforest,0.5,0.03125,16.0,0.46875,0,7,12,"[0.042385664299122466, 0.17154287327142986, 0.037334386336235675, 0.22185963294185818, 0.03125, 0.053697441504482725, 0.1156205555532205, 0.042835542939023856, 0.06961885201831113, 0.5]",8.0,0.49222446880683957,0.061528058600854946,True,True,True
knn,0.5,0.03125,16.0,0.46875,1,7,12,"[0.042385664299122466, 0.17154287327142986, 0.037334386336235675, 0.22185963294185818, 0.03125, 0.053697441504482725, 0.1156205555532205, 0.042835542939023856, 0.06961885201831113, 0.5]",0.5,0.5000000000000001,1.0000000000000002,True,False,True
knn,0.5,0.03125,16.0,0.46875,3,7,12,"[0.042385664299122466, 0.17154287327142986, 0.037334386336235675, 0.22185963294185818, 0.03125, 0.053697441504482725, 0.1156205555532205, 0.042835542939023856, 0.06961885201831113, 0.5]",0.96875,0.47525301503532386,0.49058375745581817,True,True,True
knn,0.5,0.03125,16.0,0.46875,5,7,12,"[0.042385664299122466, 0.17154287327142986, 0.037334386336235675, 0.22185963294185818, 0.03125, 0.053697441504482725, 0.1156205555532205, 0.042835542939023856, 0.06961885201831113, 0.5]",1.4375,0.44224418137522614,0.30764812617407034,True,True,True
knn,0.5,0.03125,16.0,0.46875,7,7,12,"[0.042385664299122466, 0.17154287327142986, 0.037334386336235675, 0.22185963294185818, 0.03125, 0.053697441504482725, 0.1156205555532205, 0.042835542939023856, 0.06961885201831113, 0.5]",1.90625,0.42809753837804154,0.22457575783766115,True,True,True
iforest,0.5,0.015625,32.0,0.484375,0,0,12,"[0.030295000922228175, 0.04655782633552518, 0.46049555438662393, 0.04579312065124997, 0.5, 0.02000429943595876, 0.355537336204107, 0.0714550085455553, 0.015625, 0.07751500060336972]",16.0,0.06979092206404676,0.0043619326290029225,True,True,True
knn,0.5,0.015625,32.0,0.484375,1,0,12,"[0.030295000922228175, 0.04655782633552518, 0.46049555438662393, 0.04579312065124997, 0.5, 0.02000429943595876, 0.355537336204107, 0.0714550085455553, 0.015625, 0.07751500060336972]",0.5,0.07751500060336981,0.15503000120673963,True,True,True
knn,0.5,0.015625,32.0,0.484375,3,0,12,"[0.030295000922228175, 0.04655782633552518, 0.46049555438662393, 0.04579312065124997, 0.5, 0.02000429943595876, 0.355537336204107, 0.0714550085455553, 0.015625, 0.07751500060336972]",0.984375,0.31497798916971415,0.31997763979145566,True,True,True
knn,0.5,0.015625,32.0,0.484375,5,0,12,"[0.030295000922228175, 0.04655782633552518, 0.46049555438662393, 0.04579312065124997, 0.5, 0.02000429943595876, 0.355537336204107, 0.0714550085455553, 0.015625, 0.07751500060336972]",1.46875,0.17945897687569914,0.12218483531962494,True,True,True
knn,0.5,0.015625,32.0,0.484375,7,0,12,"[0.030295000922228175, 0.04655782633552518, 0.46049555438662393, 0.04579312065124997, 0.5, 0.02000429943595876, 0.355537336204107, 0.0714550085455553, 0.015625, 0.07751500060336972]",1.953125,0.015380056368531379,0.007874588860688066,True,True,True
iforest,0.5,0.015625,32.0,0.484375,0,1,12,"[0.1889446378681531, 0.5, 0.029901740362452325, 0.3937230209065615, 0.05765719170289836, 0.14042631151864152, 0.015625, 0.03895128118552933, 0.4956576483018989, 0.018998686703066966]",16.0,0.08795573845456867,0.005497233653410542,True,True,True
knn,0.5,0.015625,32.0,0.484375,1,1,12,"[0.1889446378681531, 0.5, 0.029901740362452325, 0.3937230209065615, 0.05765719170289836, 0.14042631151864152, 0.015625, 0.03895128118552933, 0.4956576483018989, 0.018998686703066966]",0.5,0.18894463786815313,0.37788927573630626,True,True,True
knn,0.5,0.015625,32.0,0.484375,3,1,12,"[0.1889446378681531, 0.5, 0.029901740362452325, 0.3937230209065615, 0.05765719170289836, 0.14042631151864152, 0.015625, 0.03895128118552933, 0.4956576483018989, 0.018998686703066966]",0.984375,0.06979112072074058,0.07089891628773645,True,True,True
knn,0.5,0.015625,32.0,0.484375,5,1,12,"[0.1889446378681531, 0.5, 0.029901740362452325, 0.3937230209065615, 0.05765719170289836, 0.14042631151864152, 0.015625, 0.03895128118552933, 0.4956576483018989, 0.018998686703066966]",1.46875,5.551115251080284e-17,3.7794827241397676e-17,True,True,True
knn,0.5,0.015625,32.0,0.484375,7,1,12,"[0.1889446378681531, 0.5, 0.029901740362452325, 0.3937230209065615, 0.05765719170289836, 0.14042631151864152, 0.015625, 0.03895128118552933, 0.4956576483018989, 0.018998686703066966]",1.953125,1.6653345554523634e-16,8.5265129239161e-17,True,True,True
iforest,0.5,0.015625,32.0,0.484375,0,2,12,"[0.12726759884868016, 0.051510583228180584, 0.027666314906502728, 0.5, 0.10679179059332362, 0.24326486698589406, 0.019398521649193336, 0.015625, 0.08044080998761823, 0.46261369567185656]",16.0,0.44961660718261687,0.028101037948913554,True,True,True
knn,0.5,0.015625,32.0,0.484375,1,2,12,"[0.12726759884868016, 0.051510583228180584, 0.027666314906502728, 0.5, 0.10679179059332362, 0.24326486698589406, 0.019398521649193336, 0.015625, 0.08044080998761823, 0.46261369567185656]",0.5,0.46261369567185656,0.9252273913437131,True,False,True
knn,0.5,0.015625,32.0,0.484375,3,2,12,"[0.12726759884868016, 0.051510583228180584, 0.027666314906502728, 0.5, 0.10679179059332362, 0.24326486698589406, 0.019398521649193336, 0.015625, 0.08044080998761823, 0.46261369567185656]",0.984375,0.41943397535508836,0.42609165750358186,True,True,True
knn,0.5,0.015625,32.0,0.484375,5,2,12,"[0.12726759884868016, 0.051510583228180584, 0.027666314906502728, 0.5, 0.10679179059332362, 0.24326486698589406, 0.019398521649193336, 0.015625, 0.08044080998761823, 0.46261369567185656]",1.46875,0.34896677074035365,0.23759439709981525,True,True,True
knn,0.5,0.015625,32.0,0.484375,7,2,12,"[0.12726759884868016, 0.051510583228180584, 0.027666314906502728, 0.5, 0.10679179059332362, 0.24326486698589406, 0.019398521649193336, 0.015625, 0.08044080998761823, 0.46261369567185656]",1.953125,0.3187665401911818,0.16320846857788507,True,True,True
iforest,0.5,0.015625,32.0,0.484375,0,3,12,"[0.027156321871675854, 0.24881225772447374, 0.5, 0.14007642292262032, 0.015625, 0.12972517244702583, 0.026890036745452626, 0.03763042035855498, 0.01580366658580862, 0.1712027381130196]",16.0,0.12818197563078249,0.008011373476923905,True,True,True
knn,0.5,0.015625,32.0,0.484375,1,3,12,"[0.027156321871675854, 0.24881225772447374, 0.5, 0.14007642292262032, 0.015625, 0.12972517244702583, 0.026890036745452626, 0.03763042035855498, 0.01580366658580862, 0.1712027381130196]",0.5,0.2488122577244738,0.4976245154489476,True,True,True
knn,0.5,0.015625,32.0,0.484375,3,3,12,"[0.027156321871675854, 0.24881225772447374, 0.5, 0.14007642292262032, 0.015625, 0.12972517244702583, 0.026890036745452626, 0.03763042035855498, 0.01580366658580862, 0.1712027381130196]",0.984375,0.24055197861759933,0.24437026399248185,True,True,True
knn,0.5,0.015625,32.0,0.484375,5,3,12,"[0.027156321871675854, 0.24881225772447374, 0.5, 0.14007642292262032, 0.015625, 0.12972517244702583, 0.026890036745452626, 0.03763042035855498, 0.01580366658580862, 0.1712027381130196]",1.46875,5.551115251080284e-17,3.7794827241397676e-17,True,True,True
knn,0.5,0.015625,32.0,0.484375,7,3,12,"[0.027156321871675854, 0.24881225772447374, 0.5, 0.14007642292262032, 0.015625, 0.12972517244702583, 0.026890036745452626, 0.03763042035855498, 0.01580366658580862, 0.1712027381130196]",1.953125,1.6653345554523634e-16,8.5265129239161e-17,True,True,True
iforest,0.5,0.015625,32.0,0.484375,0,4,12,"[0.1033985055812074, 0.35152776964325444, 0.0326511408892362, 0.22102872849715077, 0.5, 0.08584323770006065, 0.017149402055872825, 0.015625, 0.028144681356735785, 0.08873717218722521]",16.0,0.07041496681953988,0.004400935426221242,True,True,True
knn,0.5,0.015625,32.0,0.484375,1,4,12,"[0.1033985055812074, 0.35152776964325444, 0.0326511408892362, 0.22102872849715077, 0.5, 0.08584323770006065, 0.017149402055872825, 0.015625, 0.028144681356735785, 0.08873717218722521]",0.5,0.2210287284971508,0.4420574569943016,True,True,True
knn,0.5,0.015625,32.0,0.484375,3,4,12,"[0.1033985055812074, 0.35152776964325444, 0.0326511408892362, 0.22102872849715077, 0.5, 0.08584323770006065, 0.017149402055872825, 0.015625, 0.028144681356735785, 0.08873717218722521]",0.984375,0.1387946056926229,0.14099769467187087,True,True,True
knn,0.5,0.015625,32.0,0.484375,5,4,12,"[0.1033985055812074, 0.35152776964325444, 0.0326511408892362, 0.22102872849715077, 0.5, 0.08584323770006065, 0.017149402055872825, 0.015625, 0.028144681356735785, 0.08873717218722521]",1.46875,0.08180722676186315,0.055698537369779165,True,True,True
knn,0.5,0.015625,32.0,0.484375,7,4,12,"[0.1033985055812074, 0.35152776964325444, 0.0326511408892362, 0.22102872849715077, 0.5, 0.08584323770006065, 0.017149402055872825, 0.015625, 0.028144681356735785, 0.08873717218722521]",1.953125,1.1102230369682422e-16,5.6843419492774e-17,True,True,True
iforest,0.5,0.015625,32.0,0.484375,0,5,12,"[0.11174822208093228, 0.03115582550447618, 0.5, 0.1495268188626508, 0.10408837310414874, 0.32513540911946065, 0.11652209342091137, 0.04687880999402468, 0.015625, 0.37914093595929776]",16.0,0.3511334325391851,0.02194583953369907,True,True,True
knn,0.5,0.015625,32.0,0.484375,1,5,12,"[0.11174822208093228, 0.03115582550447618, 0.5, 0.1495268188626508, 0.10408837310414874, 0.32513540911946065, 0.11652209342091137, 0.04687880999402468, 0.015625, 0.37914093595929776]",0.5,0.3791409359592977,0.7582818719185954,True,True,True
knn,0.5,0.015625,32.0,0.484375,3,5,12,"[0.11174822208093228, 0.03115582550447618, 0.5, 0.1495268188626508, 0.10408837310414874, 0.32513540911946065, 0.11652209342091137, 0.04687880999402468, 0.015625, 0.37914093595929776]",0.984375,0.3202997827351924,0.32538390627067165,True,True,True
knn,0.5,0.015625,32.0,0.484375,5,5,12,"[0.11174822208093228, 0.03115582550447618, 0.5, 0.1495268188626508, 0.10408837310414874, 0.32513540911946065, 0.11652209342091137, 0.04687880999402468, 0.015625, 0.37914093595929776]",1.46875,0.19340670440800753,0.13168116044800512,True,True,True
knn,0.5,0.015625,32.0,0.484375,7,5,12,"[0.11174822208093228, 0.03115582550447618, 0.5, 0.1495268188626508, 0.10408837310414874, 0.32513540911946065, 0.11652209342091137, 0.04687880999402468, 0.015625, 0.37914093595929776]",1.953125,0.1390239565534999,0.07118026575539195,True,True,True
iforest,0.5,0.015625,32.0,0.484375,0,6,12,"[0.05216470697915746, 0.04258547588869405, 0.08334931375078417, 0.17333255273980808, 0.055378617431683305, 0.5, 0.016208954409097108, 0.18689792057959198, 0.13888915751079298, 0.015625]",16.0,0.0670793181935276,0.004192457387095475,True,True,True
knn,0.5,0.015625,32.0,0.484375,1,6,12,"[0.05216470697915746, 0.04258547588869405, 0.08334931375078417, 0.17333255273980808, 0.055378617431683305, 0.5, 0.016208954409097108, 0.18689792057959198, 0.13888915751079298, 0.015625]",0.5,0.13888915751079292,0.27777831502158584,True,True,True
knn,0.5,0.015625,32.0,0.484375,3,6,12,"[0.05216470697915746, 0.04258547588869405, 0.08334931375078417, 0.17333255273980808, 0.055378617431683305, 0.5, 0.016208954409097108, 0.18689792057959198, 0.13888915751079298, 0.015625]",0.984375,0.14974512722614716,0.1521220340075146,True,True,True
knn,0.5,0.015625,32.0,0.484375,5,6,12,"[0.05216470697915746, 0.04258547588869405, 0.08334931375078417, 0.17333255273980808, 0.055378617431683305, 0.5, 0.016208954409097108, 0.18689792057959198, 0.13888915751079298, 0.015625]",1.46875,0.21006937295521075,0.14302595605461157,True,True,True
knn,0.5,0.015625,32.0,0.484375,7,6,12,"[0.05216470697915746, 0.04258547588869405, 0.08334931375078417, 0.17333255273980808, 0.055378617431683305, 0.5, 0.016208954409097108, 0.18689792057959198, 0.13888915751079298, 0.015625]",1.953125,0.2480081976854198,0.12698019721493492,True,True,True
iforest,0.5,0.015625,32.0,0.484375,0,7,12,"[0.02287079396876389, 0.1312874910791856, 0.019516133060951252, 0.18107369402417564, 0.015625, 0.03073969052546188, 0.08017727905560983, 0.023174631856917628, 0.04252712963546981, 0.5]",16.0,0.49479230097772725,0.030924518811107953,True,True,True
knn,0.5,0.015625,32.0,0.484375,1,7,12,"[0.02287079396876389, 0.1312874910791856, 0.019516133060951252, 0.18107369402417564, 0.015625, 0.03073969052546188, 0.08017727905560983, 0.023174631856917628, 0.04252712963546981, 0.5]",0.5,0.5000000000000001,1.0000000000000002,True,False,True
knn,0.5,0.015625,32.0,0.484375,3,7,12,"[0.02287079396876389, 0.1312874910791856, 0.019516133060951252, 0.18107369402417564, 0.015625, 0.03073969052546188, 0.08017727905560983, 0.023174631856917628, 0.04252712963546981, 0.5]",0.984375,0.47706660403704804,0.48463908981541387,True,True,True
knn,0.5,0.015625,32.0,0.484375,5,7,12,"[0.02287079396876389, 0.1312874910791856, 0.019516133060951252, 0.18107369402417564, 0.015625, 0.03073969052546188, 0.08017727905560983, 0.023174631856917628, 0.04252712963546981, 0.5]",1.46875,0.4450550106981247,0.30301617749659554,True,True,True
knn,0.5,0.015625,32.0,0.484375,7,7,12,"[0.02287079396876389, 0.1312874910791856, 0.019516133060951252, 0.18107369402417564, 0.015625, 0.03073969052546188, 0.08017727905560983, 0.023174631856917628, 0.04252712963546981, 0.5]",1.953125,0.43133575641001465,0.2208439072819275,True,True,True
iforest,1.0,0.25,4.0,0.75,0,0,12,"[0.32580698150640514, 0.38690921790431426, 0.9676140705384713, 0.3843546099619012, 1.0, 0.27596965899942727, 0.8725013024879691, 0.45922451955540217, 0.25, 0.47442361690802004]",4.0,0.46549981326139783,0.11637495331534946,True,True,True
knn,1.0,0.25,4.0,0.75,1,0,12,"[0.32580698150640514, 0.38690921790431426, 0.9676140705384713, 0.3843546099619012, 1.0, 0.27596965899942727, 0.8725013024879691, 0.45922451955540217, 0.25, 0.47442361690802004]",1.0,0.47442361690802054,0.47442361690802054,True,True,True
knn,1.0,0.25,4.0,0.75,3,0,12,"[0.32580698150640514, 0.38690921790431426, 0.9676140705384713, 0.3843546099619012, 1.0, 0.27596965899942727, 0.8725013024879691, 0.45922451955540217, 0.25, 0.47442361690802004]",1.75,0.5559895960086779,0.31770834057638736,True,True,True
knn,1.0,0.25,4.0,0.75,5,0,12,"[0.32580698150640514, 0.38690921790431426, 0.9676140705384713, 0.3843546099619012, 1.0, 0.27596965899942727, 0.8725013024879691, 0.45922451955540217, 0.25, 0.47442361690802004]",2.5,0.3974451152808537,0.15897804611234148,True,True,True
knn,1.0,0.25,4.0,0.75,7,0,12,"[0.32580698150640514, 0.38690921790431426, 0.9676140705384713, 0.3843546099619012, 1.0, 0.27596965899942727, 0.8725013024879691, 0.45922451955540217, 0.25, 0.47442361690802004]",3.25,0.37578270906374234,0.11562544894268995,True,True,True
iforest,1.0,0.25,4.0,0.75,0,1,12,"[0.677556985015122, 1.0, 0.3241086222726391, 0.9088418597742665, 0.4214571174275121, 0.6017157699164815, 0.25, 0.36026385932783084, 0.996517025592321, 0.27033447320176884]",4.0,0.3137536169084675,0.07843840422711687,True,True,True
knn,1.0,0.25,4.0,0.75,1,1,12,"[0.677556985015122, 1.0, 0.3241086222726391, 0.9088418597742665, 0.4214571174275121, 0.6017157699164815, 0.25, 0.36026385932783084, 0.996517025592321, 0.27033447320176884]",1.0,0.6775569850151221,0.6775569850151221,True,True,True
knn,1.0,0.25,4.0,0.75,3,1,12,"[0.677556985015122, 1.0, 0.3241086222726391, 0.9088418597742665, 0.4214571174275121, 0.6017157699164815, 0.25, 0.36026385932783084, 0.996517025592321, 0.27033447320176884]",1.75,0.26972912002917837,0.15413092573095907,True,True,True
knn,1.0,0.25,4.0,0.75,5,1,12,"[0.677556985015122, 1.0, 0.3241086222726391, 0.9088418597742665, 0.4214571174275121, 0.6017157699164815, 0.25, 0.36026385932783084, 0.996517025592321, 0.27033447320176884]",2.5,0.05059215437961374,0.020236861751845494,True,True,True
knn,1.0,0.25,4.0,0.75,7,1,12,"[0.677556985015122, 1.0, 0.3241086222726391, 0.9088418597742665, 0.4214571174275121, 0.6017157699164815, 0.25, 0.36026385932783084, 0.996517025592321, 0.27033447320176884]",3.25,2.2204460513182646e-16,6.832141696363891e-17,True,True,True
iforest,1.0,0.25,4.0,0.75,0,2,12,"[0.5784943723056902, 0.4028752473376102, 0.3141901203630839, 1.0, 0.5392959336163516, 0.7496244700582255, 0.27259598303883625, 0.25, 0.4815069635523964, 0.9693919135805427]",4.0,0.9412268601746978,0.23530671504367445,True,True,True
knn,1.0,0.25,4.0,0.75,1,2,12,"[0.5784943723056902, 0.4028752473376102, 0.3141901203630839, 1.0, 0.5392959336163516, 0.7496244700582255, 0.27259598303883625, 0.25, 0.4815069635523964, 0.9693919135805427]",1.0,0.9693919135805428,0.9693919135805428,True,False,True
knn,1.0,0.25,4.0,0.75,3,2,12,"[0.5784943723056902, 0.4028752473376102, 0.3141901203630839, 1.0, 0.5392959336163516, 0.7496244700582255, 0.27259598303883625, 0.25, 0.4815069635523964, 0.9693919135805427]",1.75,0.8537752252991438,0.4878715573137965,True,True,True
knn,1.0,0.25,4.0,0.75,5,2,12,"[0.5784943723056902, 0.4028752473376102, 0.3141901203630839, 1.0, 0.5392959336163516, 0.7496244700582255, 0.27259598303883625, 0.25, 0.4815069635523964, 0.9693919135805427]",2.5,0.7333640772572879,0.29334563090291516,True,True,True
knn,1.0,0.25,4.0,0.75,7,2,12,"[0.5784943723056902, 0.4028752473376102, 0.3141901203630839, 1.0, 0.5392959336163516, 0.7496244700582255, 0.27259598303883625, 0.25, 0.4815069635523964, 0.9693919135805427]",3.25,0.6817592995250645,0.20977209216155832,True,True,True
iforest,1.0,0.25,4.0,0.75,0,3,12,"[0.3118605046150149, 0.7564160007840901, 1.0, 0.6011156229389718, 0.25, 0.5829371064930672, 0.31063369062576235, 0.3553265229758622, 0.2511395673499087, 0.6513527945332257]",4.0,0.5708486314883129,0.14271215787207822,True,True,True
knn,1.0,0.25,4.0,0.75,1,3,12,"[0.3118605046150149, 0.7564160007840901, 1.0, 0.6011156229389718, 0.25, 0.5829371064930672, 0.31063369062576235, 0.3553265229758622, 0.2511395673499087, 0.6513527945332257]",1.0,0.7564160007840902,0.7564160007840902,True,True,True
knn,1.0,0.25,4.0,0.75,3,3,12,"[0.3118605046150149, 0.7564160007840901, 1.0, 0.6011156229389718, 0.25, 0.5829371064930672, 0.31063369062576235, 0.3553265229758622, 0.2511395673499087, 0.6513527945332257]",1.75,0.4815184987230251,0.27515342784172864,True,True,True
knn,1.0,0.25,4.0,0.75,5,3,12,"[0.3118605046150149, 0.7564160007840901, 1.0, 0.6011156229389718, 0.25, 0.5829371064930672, 0.31063369062576235, 0.3553265229758622, 0.2511395673499087, 0.6513527945332257]",2.5,0.08274013099732822,0.033096052398931285,True,True,True
knn,1.0,0.25,4.0,0.75,7,3,12,"[0.3118605046150149, 0.7564160007840901, 1.0, 0.6011156229389718, 0.25, 0.5829371064930672, 0.31063369062576235, 0.3553265229758622, 0.2511395673499087, 0.6513527945332257]",3.25,2.2204460513182646e-16,6.832141696363891e-17,True,True,True
iforest,1.0,0.25,4.0,0.75,0,4,12,"[0.5323750612447702, 0.8685520581344821, 0.3357154609777483, 0.7214254988036112, 1.0, 0.49419054715257726, 0.2594846017243439, 0.25, 0.3163519623144272, 0.5007883673006498]",4.0,0.4037751527336508,0.1009437881834127,True,True,True
knn,1.0,0.25,4.0,0.75,1,4,12,"[0.5323750612447702, 0.8685520581344821, 0.3357154609777483, 0.7214254988036112, 1.0, 0.49419054715257726, 0.2594846017243439, 0.25, 0.3163519623144272, 0.5007883673006498]",1.0,0.7214254988036114,0.7214254988036114,True,True,True
knn,1.0,0.25,4.0,0.75,3,4,12,"[0.5323750612447702, 0.8685520581344821, 0.3357154609777483, 0.7214254988036112, 1.0, 0.49419054715257726, 0.2594846017243439, 0.25, 0.3163519623144272, 0.5007883673006498]",1.75,0.2817547593203162,0.16100271961160925,True,True,True
knn,1.0,0.25,4.0,0.75,5,4,12,"[0.5323750612447702, 0.8685520581344821, 0.3357154609777483, 0.7214254988036112, 1.0, 0.49419054715257726, 0.2594846017243439, 0.25, 0.3163519623144272, 0.5007883673006498]",2.5,1.1102230256591323e-16,4.440892102636529e-17,True,True,True
knn,1.0,0.25,4.0,0.75,7,4,12,"[0.5323750612447702, 0.8685520581344821, 0.3357154609777483, 0.7214254988036112, 1.0, 0.49419054715257726, 0.2594846017243439, 0.25, 0.3163519623144272, 0.5007883673006498]",3.25,1.1102230256591323e-16,3.4160708481819456e-17,True,True,True
iforest,1.0,0.25,4.0,0.75,0,5,12,"[0.5491718240992568, 0.3294789728396447, 1.0, 0.6170205603614668, 0.5337930150183324, 0.8418557954083159, 0.5584384457197354, 0.38797400655233194, 0.25, 0.8952251394263194]",4.0,0.8417455796544125,0.21043639491360314,True,True,True
knn,1.0,0.25,4.0,0.75,1,5,12,"[0.5491718240992568, 0.3294789728396447, 1.0, 0.6170205603614668, 0.5337930150183324, 0.8418557954083159, 0.5584384457197354, 0.38797400655233194, 0.25, 0.8952251394263194]",1.0,0.8952251394263194,0.8952251394263194,True,True,True
knn,1.0,0.25,4.0,0.75,3,5,12,"[0.5491718240992568, 0.3294789728396447, 1.0, 0.6170205603614668, 0.5337930150183324, 0.8418557954083159, 0.5584384457197354, 0.38797400655233194, 0.25, 0.8952251394263194]",1.75,0.7152756012643773,0.40872891500821557,True,True,True
knn,1.0,0.25,4.0,0.75,5,5,12,"[0.5491718240992568, 0.3294789728396447, 1.0, 0.6170205603614668, 0.5337930150183324, 0.8418557954083159, 0.5584384457197354, 0.38797400655233194, 0.25, 0.8952251394263194]",2.5,0.5593271256717907,0.22373085026871625,True,True,True
knn,1.0,0.25,4.0,0.75,7,5,12,"[0.5491718240992568, 0.3294789728396447, 1.0, 0.6170205603614668, 0.5337930150183324, 0.8418557954083159, 0.5584384457197354, 0.38797400655233194, 0.25, 0.8952251394263194]",3.25,0.4924920647035391,0.15153601990878127,True,True,True
iforest,1.0,0.25,4.0,0.75,0,6,12,"[0.4049139200776632, 0.37335038214489574, 0.4883967998692671, 0.6545819891483324, 0.41471413872655744, 1.0, 0.25369622125345614, 0.6746115711134085, 0.5990724332500988, 0.25]",4.0,0.33155182339990397,0.08288795584997599,True,True,True
knn,1.0,0.25,4.0,0.75,1,6,12,"[0.4049139200776632, 0.37335038214489574, 0.4883967998692671, 0.6545819891483324, 0.41471413872655744, 1.0, 0.25369622125345614, 0.6746115711134085, 0.5990724332500988, 0.25]",1.0,0.5990724332500986,0.5990724332500986,True,True,True
knn,1.0,0.25,4.0,0.75,3,6,12,"[0.4049139200776632, 0.37335038214489574, 0.4883967998692671, 0.6545819891483324, 0.41471413872655744, 1.0, 0.25369622125345614, 0.6746115711134085, 0.5990724332500988, 0.25]",1.75,0.4798594051044611,0.27420537434540637,True,True,True
knn,1.0,0.25,4.0,0.75,5,6,12,"[0.4049139200776632, 0.37335038214489574, 0.4883967998692671, 0.6545819891483324, 0.41471413872655744, 1.0, 0.25369622125345614, 0.6746115711134085, 0.5990724332500988, 0.25]",2.5,0.5612868946430651,0.22451475785722605,True,True,True
knn,1.0,0.25,4.0,0.75,7,6,12,"[0.4049139200776632, 0.37335038214489574, 0.4883967998692671, 0.6545819891483324, 0.41471413872655744, 1.0, 0.25369622125345614, 0.6746115711134085, 0.5990724332500988, 0.25]",3.25,0.5961843901596098,0.18344135081834148,True,True,True
iforest,1.0,0.25,4.0,0.75,0,7,12,"[0.2911551624104318, 0.5857352188001501, 0.2732558739944511, 0.6661225607076496, 0.25, 0.3277115851003218, 0.4808753592215357, 0.29269623482041535, 0.37314568741528054, 1.0]",4.0,0.983757023423463,0.24593925585586576,True,True,True
knn,1.0,0.25,4.0,0.75,1,7,12,"[0.2911551624104318, 0.5857352188001501, 0.2732558739944511, 0.6661225607076496, 0.25, 0.3277115851003218, 0.4808753592215357, 0.29269623482041535, 0.37314568741528054, 1.0]",1.0,1.0000000000000002,1.0000000000000002,True,False,True
knn,1.0,0.25,4.0,0.75,3,7,12,"[0.2911551624104318, 0.5857352188001501, 0.2732558739944511, 0.6661225607076496, 0.25, 0.3277115851003218, 0.4808753592215357, 0.29269623482041535, 0.37314568741528054, 1.0]",1.75,0.9569806886766548,0.5468461078152312,True,True,True
knn,1.0,0.25,4.0,0.75,5,7,12,"[0.2911551624104318, 0.5857352188001501, 0.2732558739944511, 0.6661225607076496, 0.25, 0.3277115851003218, 0.4808753592215357, 0.29269623482041535, 0.37314568741528054, 1.0]",2.5,0.9051346285854068,0.36205385143416274,True,True,True
knn,1.0,0.25,4.0,0.75,7,7,12,"[0.2911551624104318, 0.5857352188001501, 0.2732558739944511, 0.6661225607076496, 0.25, 0.3277115851003218, 0.4808753592215357, 0.29269623482041535, 0.37314568741528054, 1.0]",3.25,0.8829148885463006,0.27166611955270786,True,True,True
iforest,1.0,0.125,8.0,0.875,0,0,12,"[0.18596901013081946, 0.24066537668812701, 0.9518165731723206, 0.23828578851071497, 1.0, 0.1449746287942493, 0.8149840812621812, 0.31119857717847654, 0.125, 0.3267754717126493]",8.0,0.31865756344634916,0.039832195430793645,True,True,True
knn,1.0,0.125,8.0,0.875,1,0,12,"[0.18596901013081946, 0.24066537668812701, 0.9518165731723206, 0.23828578851071497, 1.0, 0.1449746287942493, 0.8149840812621812, 0.31119857717847654, 0.125, 0.3267754717126493]",1.0,0.32677547171264903,0.32677547171264903,True,True,True
knn,1.0,0.125,8.0,0.875,3,0,12,"[0.18596901013081946, 0.24066537668812701, 0.9518165731723206, 0.23828578851071497, 1.0, 0.1449746287942493, 0.8149840812621812, 0.31119857717847654, 0.125, 0.3267754717126493]",1.875,0.5902190067850664,0.3147834702853688,True,True,True
knn,1.0,0.125,8.0,0.875,5,0,12,"[0.18596901013081946, 0.24066537668812701, 0.9518165731723206, 0.23828578851071497, 1.0, 0.1449746287942493, 0.8149840812621812, 0.31119857717847654, 0.125, 0.3267754717126493]",2.75,0.27926788238322975,0.10155195723026536,True,True,True
knn,1.0,0.125,8.0,0.875,7,0,12,"[0.18596901013081946, 0.24066537668812701, 0.9518165731723206, 0.23828578851071497, 1.0, 0.1449746287942493, 0.8149840812621812, 0.31119857717847654, 0.125, 0.3267754717126493]",3.625,0.22004685094027018,0.06070257956972971,True,True,True
iforest,1.0,0.125,8.0,0.875,0,1,12,"[0.557723238183239, 1.0, 0.18451678423599047, 0.8664280076279771, 0.27360881721407887, 0.46675297055329895, 0.125, 0.2162375169033243, 0.9947800901992303, 0.14055689219396722]",8.0,0.22195772132317307,0.027744715165396634,True,True,True
knn,1.0,0.125,8.0,0.875,1,1,12,"[0.557723238183239, 1.0, 0.18451678423599047, 0.8664280076279771, 0.27360881721407887, 0.46675297055329895, 0.125, 0.2162375169033243, 0.9947800901992303, 0.14055689219396722]",1.0,0.5577232381832391,0.5577232381832391,True,True,True
knn,1.0,0.125,8.0,0.875,3,1,12,"[0.557723238183239, 1.0, 0.18451678423599047, 0.8664280076279771, 0.27360881721407887, 0.46675297055329895, 0.125, 0.2162375169033243, 0.9947800901992303, 0.14055689219396722]",1.875,0.17067396583906888,0.09102611511417007,True,True,True
knn,1.0,0.125,8.0,0.875,5,1,12,"[0.557723238183239, 1.0, 0.18451678423599047, 0.8664280076279771, 0.27360881721407887, 0.46675297055329895, 0.125, 0.2162375169033243, 0.9947800901992303, 0.14055689219396722]",2.75,1.1102230463386476e-16,4.0371747139587186e-17,True,True,True
knn,1.0,0.125,8.0,0.875,7,1,12,"[0.557723238183239, 1.0, 0.18451678423599047, 0.8664280076279771, 0.27360881721407887, 0.46675297055329895, 0.125, 0.2162375169033243, 0.9947800901992303, 0.14055689219396722]",3.625,2.2204460784601285e-16,6.125368492303803e-17,True,True,True
iforest,1.0,0.125,8.0,0.875,0,2,12,"[0.43999597901508686, 0.2557148078398305, 0.1761119342297016, 1.0, 0.39604151982830993, 0.6490312862038747, 0.14232433972755693, 0.125, 0.33412106605542313, 0.9544410040788316]",8.0,0.929301932901393,0.11616274161267412,True,True,True
knn,1.0,0.125,8.0,0.875,1,2,12,"[0.43999597901508686, 0.2557148078398305, 0.1761119342297016, 1.0, 0.39604151982830993, 0.6490312862038747, 0.14232433972755693, 0.125, 0.33412106605542313, 0.9544410040788316]",1.0,0.9544410040788313,0.9544410040788313,True,False,True
knn,1.0,0.125,8.0,0.875,3,2,12,"[0.43999597901508686, 0.2557148078398305, 0.1761119342297016, 1.0, 0.39604151982830993, 0.6490312862038747, 0.14232433972755693, 0.125, 0.33412106605542313, 0.9544410040788316]",1.875,0.8402861261591119,0.448152600618193,True,True,True
knn,1.0,0.125,8.0,0.875,5,2,12,"[0.43999597901508686, 0.2557148078398305, 0.1761119342297016, 1.0, 0.39604151982830993, 0.6490312862038747, 0.14232433972755693, 0.125, 0.33412106605542313, 0.9544410040788316]",2.75,0.7076034084471192,0.257310330344407,True,True,True
knn,1.0,0.125,8.0,0.875,7,2,12,"[0.43999597901508686, 0.2557148078398305, 0.1761119342297016, 1.0, 0.39604151982830993, 0.6490312862038747, 0.14232433972755693, 0.125, 0.33412106605542313, 0.9544410040788316]",3.625,0.6507393865705507,0.17951431353670366,True,True,True
iforest,1.0,0.125,8.0,0.875,0,3,12,"[0.17415685198867842, 0.6578714820060879, 1.0, 0.4660548406237034, 0.125, 0.4450743347852695, 0.17313020162934328, 0.21180755122584122, 0.12585564873407332, 0.5256835912885194]",8.0,0.43590784221110246,0.05448848027638781,True,True,True
knn,1.0,0.125,8.0,0.875,1,3,12,"[0.17415685198867842, 0.6578714820060879, 1.0, 0.4660548406237034, 0.125, 0.4450743347852695, 0.17313020162934328, 0.21180755122584122, 0.12585564873407332, 0.5256835912885194]",1.0,0.6578714820060879,0.6578714820060879,True,True,True
knn,1.0,0.125,8.0,0.875,3,3,12,"[0.17415685198867842, 0.6578714820060879, 1.0, 0.4660548406237034, 0.125, 0.4450743347852695, 0.17313020162934328, 0.21180755122584122, 0.12585564873407332, 0.5256835912885194]",1.875,0.49457154333913655,0.26377148978087284,True,True,True
knn,1.0,0.125,8.0,0.875,5,3,12,"[0.17415685198867842, 0.6578714820060879, 1.0, 0.4660548406237034, 0.125, 0.4450743347852695, 0.17313020162934328, 0.21180755122584122, 0.12585564873407332, 0.5256835912885194]",2.75,1.526556681607057e-16,5.551115205843844e-17,True,True,True
knn,1.0,0.125,8.0,0.875,7,3,12,"[0.17415685198867842, 0.6578714820060879, 1.0, 0.4660548406237034, 0.125, 0.4450743347852695, 0.17313020162934328, 0.21180755122584122, 0.12585564873407332, 0.5256835912885194]",3.625,1.526556690654345e-16,4.211190870770607e-17,True,True,True
iforest,1.0,0.125,8.0,0.875,0,4,12,"[0.3884423336414245, 0.8094569953545047, 0.19451675412351876, 0.6127555204624671, 1.0, 0.3474094686540302, 0.13218049889596922, 0.125, 0.1779327123551227, 0.35438990991558555]",8.0,0.267622797594696,0.033452849699337,True,True,True
knn,1.0,0.125,8.0,0.875,1,4,12,"[0.3884423336414245, 0.8094569953545047, 0.19451675412351876, 0.6127555204624671, 1.0, 0.3474094686540302, 0.13218049889596922, 0.125, 0.1779327123551227, 0.35438990991558555]",1.0,0.612755520462467,0.612755520462467,True,True,True
knn,1.0,0.125,8.0,0.875,3,4,12,"[0.3884423336414245, 0.8094569953545047, 0.19451675412351876, 0.6127555204624671, 1.0, 0.3474094686540302, 0.13218049889596922, 0.125, 0.1779327123551227, 0.35438990991558555]",1.875,0.27789537747036636,0.1482108679841954,True,True,True
knn,1.0,0.125,8.0,0.875,5,4,12,"[0.3884423336414245, 0.8094569953545047, 0.19451675412351876, 0.6127555204624671, 1.0, 0.3474094686540302, 0.13218049889596922, 0.125, 0.1779327123551227, 0.35438990991558555]",2.75,0.05261957638275317,0.019134391411910243,True,True,True
knn,1.0,0.125,8.0,0.875,7,4,12,"[0.3884423336414245, 0.8094569953545047, 0.19451675412351876, 0.6127555204624671, 1.0, 0.3474094686540302, 0.13218049889596922, 0.125, 0.1779327123551227, 0.35438990991558555]",3.625,1.110223057970875e-16,3.0626842978506896e-17,True,True,True
iforest,1.0,0.125,8.0,0.875,0,5,12,"[0.40696997616081265, 0.18912178362070792, 1.0, 0.48467369960914775, 0.3899952609929674, 0.7724254222464878, 0.41731400949923336, 0.24165954008417026, 0.125, 0.8470292427271644]",8.0,0.7952236073816961,0.09940295092271201,True,True,True
knn,1.0,0.125,8.0,0.875,1,5,12,"[0.40696997616081265, 0.18912178362070792, 1.0, 0.48467369960914775, 0.3899952609929674, 0.7724254222464878, 0.41731400949923336, 0.24165954008417026, 0.125, 0.8470292427271644]",1.0,0.8470292427271647,0.8470292427271647,True,True,True
knn,1.0,0.125,8.0,0.875,3,5,12,"[0.40696997616081265, 0.18912178362070792, 1.0, 0.48467369960914775, 0.3899952609929674, 0.7724254222464878, 0.41731400949923336, 0.24165954008417026, 0.125, 0.8470292427271644]",1.875,0.676561844107777,0.3608329835241477,True,True,True
knn,1.0,0.125,8.0,0.875,5,5,12,"[0.40696997616081265, 0.18912178362070792, 1.0, 0.48467369960914775, 0.3899952609929674, 0.7724254222464878, 0.41731400949923336, 0.24165954008417026, 0.125, 0.8470292427271644]",2.75,0.4774518640037529,0.17361885963772833,True,True,True
knn,1.0,0.125,8.0,0.875,7,5,12,"[0.40696997616081265, 0.18912178362070792, 1.0, 0.48467369960914775, 0.3899952609929674, 0.7724254222464878, 0.41731400949923336, 0.24165954008417026, 0.125, 0.8470292427271644]",3.625,0.39211901538774274,0.1081707628655842,True,True,True
iforest,1.0,0.125,8.0,0.875,0,6,12,"[0.2576582547181988, 0.22812606026564505, 0.3413180175344922, 0.5295976840588867, 0.26706886628814613, 1.0, 0.12778238736873807, 0.5540904680040618, 0.4636806830095284, 0.125]",8.0,0.217673521405603,0.027209190175700376,True,True,True
knn,1.0,0.125,8.0,0.875,1,6,12,"[0.2576582547181988, 0.22812606026564505, 0.3413180175344922, 0.5295976840588867, 0.26706886628814613, 1.0, 0.12778238736873807, 0.5540904680040618, 0.4636806830095284, 0.125]",1.0,0.46368068300952864,0.46368068300952864,True,True,True
knn,1.0,0.125,8.0,0.875,3,6,12,"[0.2576582547181988, 0.22812606026564505, 0.3413180175344922, 0.5295976840588867, 0.26706886628814613, 1.0, 0.12778238736873807, 0.5540904680040618, 0.4636806830095284, 0.125]",1.875,0.4400976156443789,0.23471872834366875,True,True,True
knn,1.0,0.125,8.0,0.875,5,6,12,"[0.2576582547181988, 0.22812606026564505, 0.3413180175344922, 0.5295976840588867, 0.26706886628814613, 1.0, 0.12778238736873807, 0.5540904680040618, 0.4636806830095284, 0.125]",2.75,0.49406279839803513,0.17965919941746733,True,True,True
knn,1.0,0.125,8.0,0.875,7,6,12,"[0.2576582547181988, 0.22812606026564505, 0.3413180175344922, 0.5295976840588867, 0.26706886628814613, 1.0, 0.12778238736873807, 0.5540904680040618, 0.4636806830095284, 0.125]",3.625,0.5468026742370393,0.15084211703090739,True,True,True
iforest,1.0,0.125,8.0,0.875,0,7,12,"[0.15710381900440898, 0.4482827286640595, 0.14284145314546878, 0.5436647989577581, 0.125, 0.18760209844916895, 0.33346386966221225, 0.15835278421764806, 0.22793847588081922, 1.0]",8.0,0.9812191912314385,0.12265239890392982,True,True,True
knn,1.0,0.125,8.0,0.875,1,7,12,"[0.15710381900440898, 0.4482827286640595, 0.14284145314546878, 0.5436647989577581, 0.125, 0.18760209844916895, 0.33346386966221225, 0.15835278421764806, 0.22793847588081922, 1.0]",1.0,1.0000000000000002,1.0000000000000002,True,False,True
knn,1.0,0.125,8.0,0.875,3,7,12,"[0.15710381900440898, 0.4482827286640595, 0.14284145314546878, 0.5436647989577581, 0.125, 0.18760209844916895, 0.33346386966221225, 0.15835278421764806, 0.22793847588081922, 1.0]",1.875,0.9505797897688032,0.506975887876695,True,True,True
knn,1.0,0.125,8.0,0.875,5,7,12,"[0.15710381900440898, 0.4482827286640595, 0.14284145314546878, 0.5436647989577581, 0.125, 0.18760209844916895, 0.33346386966221225, 0.15835278421764806, 0.22793847588081922, 1.0]",2.75,0.887746185338261,0.32281679466845853,True,True,True
knn,1.0,0.125,8.0,0.875,7,7,12,"[0.15710381900440898, 0.4482827286640595, 0.14284145314546878, 0.5436647989577581, 0.125, 0.18760209844916895, 0.33346386966221225, 0.15835278421764806, 0.22793847588081922, 1.0]",3.625,0.8608174977251716,0.23746689592418527,True,True,True
iforest,1.0,0.0625,16.0,0.9375,0,0,12,"[0.10615018919831501, 0.1496987428993281, 0.9362769895040296, 0.1477284661989652, 1.0, 0.07615925268826017, 0.7612585228432025, 0.21088715936088992, 0.0625, 0.22507776828008774]",16.0,0.21423607419242618,0.013389754637026637,True,True,True
knn,1.0,0.0625,16.0,0.9375,1,0,12,"[0.10615018919831501, 0.1496987428993281, 0.9362769895040296, 0.1477284661989652, 1.0, 0.07615925268826017, 0.7612585228432025, 0.21088715936088992, 0.0625, 0.22507776828008774]",1.0,0.22507776828008777,0.22507776828008777,True,True,True
knn,1.0,0.0625,16.0,0.9375,3,0,12,"[0.10615018919831501, 0.1496987428993281, 0.9362769895040296, 0.1477284661989652, 1.0, 0.07615925268826017, 0.7612585228432025, 0.21088715936088992, 0.0625, 0.22507776828008774]",1.9375,0.6206295325304224,0.3203249200157019,True,True,True
knn,1.0,0.0625,16.0,0.9375,5,0,12,"[0.10615018919831501, 0.1496987428993281, 0.9362769895040296, 0.1477284661989652, 1.0, 0.07615925268826017, 0.7612585228432025, 0.21088715936088992, 0.0625, 0.22507776828008774]",2.875,0.32952358849885494,0.1146169003474278,True,True,True
knn,1.0,0.0625,16.0,0.9375,7,0,12,"[0.10615018919831501, 0.1496987428993281, 0.9362769895040296, 0.1477284661989652, 1.0, 0.07615925268826017, 0.7612585228432025, 0.21088715936088992, 0.0625, 0.22507776828008774]",3.8125,0.11091043305911642,0.029091261130260046,True,True,True
iforest,1.0,0.0625,16.0,0.9375,0,1,12,"[0.4590834679427822, 1.0, 0.10504639903146824, 0.8259935260779475, 0.1776261018303077, 0.3620618677661841, 0.0625, 0.1297900483377831, 0.9930461822953667, 0.07308072740127787]",16.0,0.18699183534067576,0.011686989708792235,True,True,True
knn,1.0,0.0625,16.0,0.9375,1,1,12,"[0.4590834679427822, 1.0, 0.10504639903146824, 0.8259935260779475, 0.1776261018303077, 0.3620618677661841, 0.0625, 0.1297900483377831, 0.9930461822953667, 0.07308072740127787]",1.0,0.45908346794278226,0.45908346794278226,True,True,True
knn,1.0,0.0625,16.0,0.9375,3,1,12,"[0.4590834679427822, 1.0, 0.10504639903146824, 0.8259935260779475, 0.1776261018303077, 0.3620618677661841, 0.0625, 0.1297900483377831, 0.9930461822953667, 0.07308072740127787]",1.9375,0.13898588641559514,0.07173465105321039,True,True,True
knn,1.0,0.0625,16.0,0.9375,5,1,12,"[0.4590834679427822, 1.0, 0.10504639903146824, 0.8259935260779475, 0.1776261018303077, 0.3620618677661841, 0.0625, 0.1297900483377831, 0.9930461822953667, 0.07308072740127787]",2.875,1.1102230334139505e-16,3.861645333613741e-17,True,True,True
knn,1.0,0.0625,16.0,0.9375,7,1,12,"[0.4590834679427822, 1.0, 0.10504639903146824, 0.8259935260779475, 0.1776261018303077, 0.3620618677661841, 0.0625, 0.1297900483377831, 0.9930461822953667, 0.07308072740127787]",3.8125,2.2204460513182646e-16,5.824120790342989e-17,True,True,True
iforest,1.0,0.0625,16.0,0.9375,0,2,12,"[0.33465573878935456, 0.1623084649173406, 0.09871543173376915, 1.0, 0.29084010401513233, 0.5619368461100754, 0.07430856996890951, 0.0625, 0.23184895594944882, 0.9397206821153462]",16.0,0.9158144244623206,0.05723840152889504,True,True,True
knn,1.0,0.0625,16.0,0.9375,1,2,12,"[0.33465573878935456, 0.1623084649173406, 0.09871543173376915, 1.0, 0.29084010401513233, 0.5619368461100754, 0.07430856996890951, 0.0625, 0.23184895594944882, 0.9397206821153462]",1.0,0.9397206821153464,0.9397206821153464,True,False,True
knn,1.0,0.0625,16.0,0.9375,3,2,12,"[0.33465573878935456, 0.1623084649173406, 0.09871543173376915, 1.0, 0.29084010401513233, 0.5619368461100754, 0.07430856996890951, 0.0625, 0.23184895594944882, 0.9397206821153462]",1.9375,0.8379133385829624,0.43247140055894834,True,True,True
knn,1.0,0.0625,16.0,0.9375,5,2,12,"[0.33465573878935456, 0.1623084649173406, 0.09871543173376915, 1.0, 0.29084010401513233, 0.5619368461100754, 0.07430856996890951, 0.0625, 0.23184895594944882, 0.9397206821153462]",2.875,0.700214801409089,0.2435529744031614,True,True,True
knn,1.0,0.0625,16.0,0.9375,7,2,12,"[0.33465573878935456, 0.1623084649173406, 0.09871543173376915, 1.0, 0.29084010401513233, 0.5619368461100754, 0.07430856996890951, 0.0625, 0.23184895594944882, 0.9397206821153462]",3.8125,0.6412011426202857,0.16818390626105856,True,True,True
iforest,1.0,0.0625,16.0,0.9375,0,3,12,"[0.09725697433873175, 0.5721651662421966, 1.0, 0.3613399921413081, 0.0625, 0.3398156701265096, 0.09649328975178183, 0.12625693793011594, 0.06307108228869933, 0.42426046294624253]",16.0,0.3337916106162393,0.020861975663514956,True,True,True
knn,1.0,0.0625,16.0,0.9375,1,3,12,"[0.09725697433873175, 0.5721651662421966, 1.0, 0.3613399921413081, 0.0625, 0.3398156701265096, 0.09649328975178183, 0.12625693793011594, 0.06307108228869933, 0.42426046294624253]",1.0,0.5721651662421967,0.5721651662421967,True,True,True
knn,1.0,0.0625,16.0,0.9375,3,3,12,"[0.09725697433873175, 0.5721651662421966, 1.0, 0.3613399921413081, 0.0625, 0.3398156701265096, 0.09649328975178183, 0.12625693793011594, 0.06307108228869933, 0.42426046294624253]",1.9375,0.4916360639678216,0.25374764591887566,True,True,True
knn,1.0,0.0625,16.0,0.9375,5,3,12,"[0.09725697433873175, 0.5721651662421966, 1.0, 0.3613399921413081, 0.0625, 0.3398156701265096, 0.09649328975178183, 0.12625693793011594, 0.06307108228869933, 0.42426046294624253]",2.875,2.220446066827901e-16,7.723290667227482e-17,True,True,True
knn,1.0,0.0625,16.0,0.9375,7,3,12,"[0.09725697433873175, 0.5721651662421966, 1.0, 0.3613399921413081, 0.0625, 0.3398156701265096, 0.09649328975178183, 0.12625693793011594, 0.06307108228869933, 0.42426046294624253]",3.8125,2.2204460513182646e-16,5.824120790342989e-17,True,True,True
iforest,1.0,0.0625,16.0,0.9375,0,4,12,"[0.28342320583537284, 0.7543826776896447, 0.11270487073950203, 0.5204547503240391, 1.0, 0.2442242968949637, 0.06733225853204138, 0.0625, 0.10007856406018875, 0.2507889888236505]",16.0,0.18752462550332996,0.011720289093958123,True,True,True
knn,1.0,0.0625,16.0,0.9375,1,4,12,"[0.28342320583537284, 0.7543826776896447, 0.11270487073950203, 0.5204547503240391, 1.0, 0.2442242968949637, 0.06733225853204138, 0.0625, 0.10007856406018875, 0.2507889888236505]",1.0,0.5204547503240392,0.5204547503240392,True,True,True
knn,1.0,0.0625,16.0,0.9375,3,4,12,"[0.28342320583537284, 0.7543826776896447, 0.11270487073950203, 0.5204547503240391, 1.0, 0.2442242968949637, 0.06733225853204138, 0.0625, 0.10007856406018875, 0.2507889888236505]",1.9375,0.27746176067573003,0.14320607002618324,True,True,True
knn,1.0,0.0625,16.0,0.9375,5,4,12,"[0.28342320583537284, 0.7543826776896447, 0.11270487073950203, 0.5204547503240391, 1.0, 0.2442242968949637, 0.06733225853204138, 0.0625, 0.10007856406018875, 0.2507889888236505]",2.875,0.11333797509921618,0.039421904382336066,True,True,True
knn,1.0,0.0625,16.0,0.9375,7,4,12,"[0.28342320583537284, 0.7543826776896447, 0.11270487073950203, 0.5204547503240391, 1.0, 0.2442242968949637, 0.06733225853204138, 0.0625, 0.10007856406018875, 0.2507889888236505]",3.8125,3.330669076977397e-16,8.736181185514484e-17,True,True,True
iforest,1.0,0.0625,16.0,0.9375,0,5,12,"[0.30158969238450506, 0.10855639354346736, 1.0, 0.38071437190877855, 0.28493498288236163, 0.7087211802625684, 0.31185349765787385, 0.15052382976026893, 0.0625, 0.8014280502608732]",16.0,0.7491770771726264,0.04682356732328915,True,True,True
knn,1.0,0.0625,16.0,0.9375,1,5,12,"[0.30158969238450506, 0.10855639354346736, 1.0, 0.38071437190877855, 0.28493498288236163, 0.7087211802625684, 0.31185349765787385, 0.15052382976026893, 0.0625, 0.8014280502608732]",1.0,0.8014280502608729,0.8014280502608729,True,True,True
knn,1.0,0.0625,16.0,0.9375,3,5,12,"[0.30158969238450506, 0.10855639354346736, 1.0, 0.38071437190877855, 0.28493498288236163, 0.7087211802625684, 0.31185349765787385, 0.15052382976026893, 0.0625, 0.8014280502608732]",1.9375,0.6560240674101367,0.33859306705039316,True,True,True
knn,1.0,0.0625,16.0,0.9375,5,5,12,"[0.30158969238450506, 0.10855639354346736, 1.0, 0.38071437190877855, 0.28493498288236163, 0.7087211802625684, 0.31185349765787385, 0.15052382976026893, 0.0625, 0.8014280502608732]",2.875,0.42567951881725746,0.14806244132774174,True,True,True
knn,1.0,0.0625,16.0,0.9375,7,5,12,"[0.30158969238450506, 0.10855639354346736, 1.0, 0.38071437190877855, 0.28493498288236163, 0.7087211802625684, 0.31185349765787385, 0.15052382976026893, 0.0625, 0.8014280502608732]",3.8125,0.32696042656316643,0.08576011188542071,True,True,True
iforest,1.0,0.0625,16.0,0.9375,0,6,12,"[0.1639552826726602, 0.1393905078477397, 0.23853143412254094, 0.42847758051738766, 0.17198781685971032, 1.0, 0.06436177267828257, 0.4551007718801015, 0.35888778028019414, 0.0625]",16.0,0.1526463823274859,0.009540398895467869,True,True,True
knn,1.0,0.0625,16.0,0.9375,1,6,12,"[0.1639552826726602, 0.1393905078477397, 0.23853143412254094, 0.42847758051738766, 0.17198781685971032, 1.0, 0.06436177267828257, 0.4551007718801015, 0.35888778028019414, 0.0625]",1.0,0.358887780280194,0.358887780280194,True,True,True
knn,1.0,0.0625,16.0,0.9375,3,6,12,"[0.1639552826726602, 0.1393905078477397, 0.23853143412254094, 0.42847758051738766, 0.17198781685971032, 1.0, 0.06436177267828257, 0.4551007718801015, 0.35888778028019414, 0.0625]",1.9375,0.38138299084779576,0.1968428339859591,True,True,True
knn,1.0,0.0625,16.0,0.9375,5,6,12,"[0.1639552826726602, 0.1393905078477397, 0.23853143412254094, 0.42847758051738766, 0.17198781685971032, 1.0, 0.06436177267828257, 0.4551007718801015, 0.35888778028019414, 0.0625]",2.875,0.4525087758242632,0.15739435680843936,True,True,True
knn,1.0,0.0625,16.0,0.9375,7,6,12,"[0.1639552826726602, 0.1393905078477397, 0.23853143412254094, 0.42847758051738766, 0.17198781685971032, 1.0, 0.06436177267828257, 0.4551007718801015, 0.35888778028019414, 0.0625]",3.8125,0.5188589284278863,0.1360941451614128,True,True,True
iforest,1.0,0.0625,16.0,0.9375,0,7,12,"[0.08477132859824493, 0.3430857465428597, 0.07466877267247135, 0.44371926588371635, 0.0625, 0.10739488300896545, 0.231241111106441, 0.08567108587804771, 0.13923770403662225, 1.0]",16.0,0.9844489376136791,0.061528058600854946,True,True,True
knn,1.0,0.0625,16.0,0.9375,1,7,12,"[0.08477132859824493, 0.3430857465428597, 0.07466877267247135, 0.44371926588371635, 0.0625, 0.10739488300896545, 0.231241111106441, 0.08567108587804771, 0.13923770403662225, 1.0]",1.0,1.0000000000000002,1.0000000000000002,True,False,True
knn,1.0,0.0625,16.0,0.9375,3,7,12,"[0.08477132859824493, 0.3430857465428597, 0.07466877267247135, 0.44371926588371635, 0.0625, 0.10739488300896545, 0.231241111106441, 0.08567108587804771, 0.13923770403662225, 1.0]",1.9375,0.9505060300706477,0.49058375745581817,True,True,True
knn,1.0,0.0625,16.0,0.9375,5,7,12,"[0.08477132859824493, 0.3430857465428597, 0.07466877267247135, 0.44371926588371635, 0.0625, 0.10739488300896545, 0.231241111106441, 0.08567108587804771, 0.13923770403662225, 1.0]",2.875,0.8844883627504523,0.30764812617407034,True,True,True
knn,1.0,0.0625,16.0,0.9375,7,7,12,"[0.08477132859824493, 0.3430857465428597, 0.07466877267247135, 0.44371926588371635, 0.0625, 0.10739488300896545, 0.231241111106441, 0.08567108587804771, 0.13923770403662225, 1.0]",3.8125,0.8561950767560831,0.22457575783766115,True,True,True
iforest,1.0,0.03125,32.0,0.96875,0,0,12,"[0.06059000184445635, 0.09311565267105036, 0.9209911087732479, 0.09158624130249994, 1.0, 0.04000859887191752, 0.711074672408214, 0.1429100170911106, 0.03125, 0.15503000120673943]",32.0,0.13958184412809352,0.0043619326290029225,True,True,True
knn,1.0,0.03125,32.0,0.96875,1,0,12,"[0.06059000184445635, 0.09311565267105036, 0.9209911087732479, 0.09158624130249994, 1.0, 0.04000859887191752, 0.711074672408214, 0.1429100170911106, 0.03125, 0.15503000120673943]",1.0,0.15503000120673963,0.15503000120673963,True,True,True
knn,1.0,0.03125,32.0,0.96875,3,0,12,"[0.06059000184445635, 0.09311565267105036, 0.9209911087732479, 0.09158624130249994, 1.0, 0.04000859887191752, 0.711074672408214, 0.1429100170911106, 0.03125, 0.15503000120673943]",1.96875,0.6299559783394283,0.31997763979145566,True,True,True
knn,1.0,0.03125,32.0,0.96875,5,0,12,"[0.06059000184445635, 0.09311565267105036, 0.9209911087732479, 0.09158624130249994, 1.0, 0.04000859887191752, 0.711074672408214, 0.1429100170911106, 0.03125, 0.15503000120673943]",2.9375,0.3589179537513983,0.12218483531962494,True,True,True
knn,1.0,0.03125,32.0,0.96875,7,0,12,"[0.06059000184445635, 0.09311565267105036, 0.9209911087732479, 0.09158624130249994, 1.0, 0.04000859887191752, 0.711074672408214, 0.1429100170911106, 0.03125, 0.15503000120673943]",3.90625,0.030760112737062757,0.007874588860688066,True,True,True
iforest,1.0,0.03125,32.0,0.96875,0,1,12,"[0.3778892757363062, 1.0, 0.05980348072490465, 0.787446041813123, 0.11531438340579672, 0.28085262303728303, 0.03125, 0.07790256237105866, 0.9913152966037978, 0.03799737340613393]",32.0,0.17591147690913733,0.005497233653410542,True,True,True
knn,1.0,0.03125,32.0,0.96875,1,1,12,"[0.3778892757363062, 1.0, 0.05980348072490465, 0.787446041813123, 0.11531438340579672, 0.28085262303728303, 0.03125, 0.07790256237105866, 0.9913152966037978, 0.03799737340613393]",1.0,0.37788927573630626,0.37788927573630626,True,True,True
knn,1.0,0.03125,32.0,0.96875,3,1,12,"[0.3778892757363062, 1.0, 0.05980348072490465, 0.787446041813123, 0.11531438340579672, 0.28085262303728303, 0.03125, 0.07790256237105866, 0.9913152966037978, 0.03799737340613393]",1.96875,0.13958224144148115,0.07089891628773645,True,True,True
knn,1.0,0.03125,32.0,0.96875,5,1,12,"[0.3778892757363062, 1.0, 0.05980348072490465, 0.787446041813123, 0.11531438340579672, 0.28085262303728303, 0.03125, 0.07790256237105866, 0.9913152966037978, 0.03799737340613393]",2.9375,1.1102230502160567e-16,3.7794827241397676e-17,True,True,True
knn,1.0,0.03125,32.0,0.96875,7,1,12,"[0.3778892757363062, 1.0, 0.05980348072490465, 0.787446041813123, 0.11531438340579672, 0.28085262303728303, 0.03125, 0.07790256237105866, 0.9913152966037978, 0.03799737340613393]",3.90625,3.3306691109047267e-16,8.5265129239161e-17,True,True,True
iforest,1.0,0.03125,32.0,0.96875,0,2,12,"[0.2545351976973603, 0.10302116645636117, 0.055332629813005456, 1.0, 0.21358358118664725, 0.4865297339717881, 0.03879704329838667, 0.03125, 0.16088161997523645, 0.9252273913437131]",32.0,0.8992332143652337,0.028101037948913554,True,True,True
knn,1.0,0.03125,32.0,0.96875,1,2,12,"[0.2545351976973603, 0.10302116645636117, 0.055332629813005456, 1.0, 0.21358358118664725, 0.4865297339717881, 0.03879704329838667, 0.03125, 0.16088161997523645, 0.9252273913437131]",1.0,0.9252273913437131,0.9252273913437131,True,False,True
knn,1.0,0.03125,32.0,0.96875,3,2,12,"[0.2545351976973603, 0.10302116645636117, 0.055332629813005456, 1.0, 0.21358358118664725, 0.4865297339717881, 0.03879704329838667, 0.03125, 0.16088161997523645, 0.9252273913437131]",1.96875,0.8388679507101767,0.42609165750358186,True,True,True
knn,1.0,0.03125,32.0,0.96875,5,2,12,"[0.2545351976973603, 0.10302116645636117, 0.055332629813005456, 1.0, 0.21358358118664725, 0.4865297339717881, 0.03879704329838667, 0.03125, 0.16088161997523645, 0.9252273913437131]",2.9375,0.6979335414807073,0.23759439709981525,True,True,True
knn,1.0,0.03125,32.0,0.96875,7,2,12,"[0.2545351976973603, 0.10302116645636117, 0.055332629813005456, 1.0, 0.21358358118664725, 0.4865297339717881, 0.03879704329838667, 0.03125, 0.16088161997523645, 0.9252273913437131]",3.90625,0.6375330803823636,0.16320846857788507,True,True,True
iforest,1.0,0.03125,32.0,0.96875,0,3,12,"[0.05431264374335171, 0.4976245154489475, 1.0, 0.28015284584524064, 0.03125, 0.25945034489405167, 0.05378007349090525, 0.07526084071710996, 0.03160733317161724, 0.3424054762260392]",32.0,0.25636395126156497,0.008011373476923905,True,True,True
knn,1.0,0.03125,32.0,0.96875,1,3,12,"[0.05431264374335171, 0.4976245154489475, 1.0, 0.28015284584524064, 0.03125, 0.25945034489405167, 0.05378007349090525, 0.07526084071710996, 0.03160733317161724, 0.3424054762260392]",1.0,0.4976245154489476,0.4976245154489476,True,True,True
knn,1.0,0.03125,32.0,0.96875,3,3,12,"[0.05431264374335171, 0.4976245154489475, 1.0, 0.28015284584524064, 0.03125, 0.25945034489405167, 0.05378007349090525, 0.07526084071710996, 0.03160733317161724, 0.3424054762260392]",1.96875,0.48110395723519866,0.24437026399248185,True,True,True
knn,1.0,0.03125,32.0,0.96875,5,3,12,"[0.05431264374335171, 0.4976245154489475, 1.0, 0.28015284584524064, 0.03125, 0.25945034489405167, 0.05378007349090525, 0.07526084071710996, 0.03160733317161724, 0.3424054762260392]",2.9375,1.1102230502160567e-16,3.7794827241397676e-17,True,True,True
knn,1.0,0.03125,32.0,0.96875,7,3,12,"[0.05431264374335171, 0.4976245154489475, 1.0, 0.28015284584524064, 0.03125, 0.25945034489405167, 0.05378007349090525, 0.07526084071710996, 0.03160733317161724, 0.3424054762260392]",3.90625,3.3306691109047267e-16,8.5265129239161e-17,True,True,True
iforest,1.0,0.03125,32.0,0.96875,0,4,12,"[0.2067970111624148, 0.7030555392865089, 0.0653022817784724, 0.44205745699430155, 1.0, 0.1716864754001213, 0.03429880411174565, 0.03125, 0.05628936271347157, 0.17747434437445042]",32.0,0.14082993363907975,0.004400935426221242,True,True,True
knn,1.0,0.03125,32.0,0.96875,1,4,12,"[0.2067970111624148, 0.7030555392865089, 0.0653022817784724, 0.44205745699430155, 1.0, 0.1716864754001213, 0.03429880411174565, 0.03125, 0.05628936271347157, 0.17747434437445042]",1.0,0.4420574569943016,0.4420574569943016,True,True,True
knn,1.0,0.03125,32.0,0.96875,3,4,12,"[0.2067970111624148, 0.7030555392865089, 0.0653022817784724, 0.44205745699430155, 1.0, 0.1716864754001213, 0.03429880411174565, 0.03125, 0.05628936271347157, 0.17747434437445042]",1.96875,0.2775892113852458,0.14099769467187087,True,True,True
knn,1.0,0.03125,32.0,0.96875,5,4,12,"[0.2067970111624148, 0.7030555392865089, 0.0653022817784724, 0.44205745699430155, 1.0, 0.1716864754001213, 0.03429880411174565, 0.03125, 0.05628936271347157, 0.17747434437445042]",2.9375,0.1636144535237263,0.055698537369779165,True,True,True
knn,1.0,0.03125,32.0,0.96875,7,4,12,"[0.2067970111624148, 0.7030555392865089, 0.0653022817784724, 0.44205745699430155, 1.0, 0.1716864754001213, 0.03429880411174565, 0.03125, 0.05628936271347157, 0.17747434437445042]",3.90625,2.2204460739364845e-16,5.6843419492774e-17,True,True,True
iforest,1.0,0.03125,32.0,0.96875,0,5,12,"[0.22349644416186457, 0.06231165100895236, 1.0, 0.2990536377253016, 0.2081767462082975, 0.6502708182389213, 0.23304418684182274, 0.09375761998804936, 0.03125, 0.7582818719185955]",32.0,0.7022668650783702,0.02194583953369907,True,True,True
knn,1.0,0.03125,32.0,0.96875,1,5,12,"[0.22349644416186457, 0.06231165100895236, 1.0, 0.2990536377253016, 0.2081767462082975, 0.6502708182389213, 0.23304418684182274, 0.09375761998804936, 0.03125, 0.7582818719185955]",1.0,0.7582818719185954,0.7582818719185954,True,True,True
knn,1.0,0.03125,32.0,0.96875,3,5,12,"[0.22349644416186457, 0.06231165100895236, 1.0, 0.2990536377253016, 0.2081767462082975, 0.6502708182389213, 0.23304418684182274, 0.09375761998804936, 0.03125, 0.7582818719185955]",1.96875,0.6405995654703848,0.32538390627067165,True,True,True
knn,1.0,0.03125,32.0,0.96875,5,5,12,"[0.22349644416186457, 0.06231165100895236, 1.0, 0.2990536377253016, 0.2081767462082975, 0.6502708182389213, 0.23304418684182274, 0.09375761998804936, 0.03125, 0.7582818719185955]",2.9375,0.38681340881601506,0.13168116044800512,True,True,True
knn,1.0,0.03125,32.0,0.96875,7,5,12,"[0.22349644416186457, 0.06231165100895236, 1.0, 0.2990536377253016, 0.2081767462082975, 0.6502708182389213, 0.23304418684182274, 0.09375761998804936, 0.03125, 0.7582818719185955]",3.90625,0.2780479131069998,0.07118026575539195,True,True,True
iforest,1.0,0.03125,32.0,0.96875,0,6,12,"[0.10432941395831492, 0.0851709517773881, 0.16669862750156833, 0.34666510547961615, 0.11075723486336661, 1.0, 0.032417908818194216, 0.37379584115918396, 0.27777831502158595, 0.03125]",32.0,0.1341586363870552,0.004192457387095475,True,True,True
knn,1.0,0.03125,32.0,0.96875,1,6,12,"[0.10432941395831492, 0.0851709517773881, 0.16669862750156833, 0.34666510547961615, 0.11075723486336661, 1.0, 0.032417908818194216, 0.37379584115918396, 0.27777831502158595, 0.03125]",1.0,0.27777831502158584,0.27777831502158584,True,True,True
knn,1.0,0.03125,32.0,0.96875,3,6,12,"[0.10432941395831492, 0.0851709517773881, 0.16669862750156833, 0.34666510547961615, 0.11075723486336661, 1.0, 0.032417908818194216, 0.37379584115918396, 0.27777831502158595, 0.03125]",1.96875,0.2994902544522943,0.1521220340075146,True,True,True
knn,1.0,0.03125,32.0,0.96875,5,6,12,"[0.10432941395831492, 0.0851709517773881, 0.16669862750156833, 0.34666510547961615, 0.11075723486336661, 1.0, 0.032417908818194216, 0.37379584115918396, 0.27777831502158595, 0.03125]",2.9375,0.4201387459104215,0.14302595605461157,True,True,True
knn,1.0,0.03125,32.0,0.96875,7,6,12,"[0.10432941395831492, 0.0851709517773881, 0.16669862750156833, 0.34666510547961615, 0.11075723486336661, 1.0, 0.032417908818194216, 0.37379584115918396, 0.27777831502158595, 0.03125]",3.90625,0.4960163953708396,0.12698019721493492,True,True,True
iforest,1.0,0.03125,32.0,0.96875,0,7,12,"[0.04574158793752778, 0.2625749821583712, 0.039032266121902505, 0.3621473880483513, 0.03125, 0.06147938105092376, 0.16035455811121965, 0.046349263713835256, 0.08505425927093963, 1.0]",32.0,0.9895846019554545,0.030924518811107953,True,True,True
knn,1.0,0.03125,32.0,0.96875,1,7,12,"[0.04574158793752778, 0.2625749821583712, 0.039032266121902505, 0.3621473880483513, 0.03125, 0.06147938105092376, 0.16035455811121965, 0.046349263713835256, 0.08505425927093963, 1.0]",1.0,1.0000000000000002,1.0000000000000002,True,False,True
knn,1.0,0.03125,32.0,0.96875,3,7,12,"[0.04574158793752778, 0.2625749821583712, 0.039032266121902505, 0.3621473880483513, 0.03125, 0.06147938105092376, 0.16035455811121965, 0.046349263713835256, 0.08505425927093963, 1.0]",1.96875,0.9541332080740961,0.48463908981541387,True,True,True
knn,1.0,0.03125,32.0,0.96875,5,7,12,"[0.04574158793752778, 0.2625749821583712, 0.039032266121902505, 0.3621473880483513, 0.03125, 0.06147938105092376, 0.16035455811121965, 0.046349263713835256, 0.08505425927093963, 1.0]",2.9375,0.8901100213962494,0.30301617749659554,True,True,True
knn,1.0,0.03125,32.0,0.96875,7,7,12,"[0.04574158793752778, 0.2625749821583712, 0.039032266121902505, 0.3621473880483513, 0.03125, 0.06147938105092376, 0.16035455811121965, 0.046349263713835256, 0.08505425927093963, 1.0]",3.90625,0.8626715128200293,0.2208439072819275,True,True,True
iforest,2.0,0.5,4.0,1.5,0,0,12,"[0.6516139630128103, 0.7738184358086285, 1.9352281410769425, 0.7687092199238024, 2.0, 0.5519393179988545, 1.7450026049759382, 0.9184490391108043, 0.5, 0.9488472338160401]",8.0,0.9309996265227957,0.11637495331534946,True,True,True
knn,2.0,0.5,4.0,1.5,1,0,12,"[0.6516139630128103, 0.7738184358086285, 1.9352281410769425, 0.7687092199238024, 2.0, 0.5519393179988545, 1.7450026049759382, 0.9184490391108043, 0.5, 0.9488472338160401]",2.0,0.9488472338160411,0.47442361690802054,True,True,True
knn,2.0,0.5,4.0,1.5,3,0,12,"[0.6516139630128103, 0.7738184358086285, 1.9352281410769425, 0.7687092199238024, 2.0, 0.5519393179988545, 1.7450026049759382, 0.9184490391108043, 0.5, 0.9488472338160401]",3.5,1.1119791920173558,0.31770834057638736,True,True,True
knn,2.0,0.5,4.0,1.5,5,0,12,"[0.6516139630128103, 0.7738184358086285, 1.9352281410769425, 0.7687092199238024, 2.0, 0.5519393179988545, 1.7450026049759382, 0.9184490391108043, 0.5, 0.9488472338160401]",5.0,0.7948902305617074,0.15897804611234148,True,True,True
knn,2.0,0.5,4.0,1.5,7,0,12,"[0.6516139630128103, 0.7738184358086285, 1.9352281410769425, 0.7687092199238024, 2.0, 0.5519393179988545, 1.7450026049759382, 0.9184490391108043, 0.5, 0.9488472338160401]",6.5,0.7515654181274847,0.11562544894268995,True,True,True
iforest,2.0,0.5,4.0,1.5,0,1,12,"[1.355113970030244, 2.0, 0.6482172445452782, 1.817683719548533, 0.8429142348550241, 1.203431539832963, 0.5, 0.7205277186556617, 1.993034051184642, 0.5406689464035377]",8.0,0.627507233816935,0.07843840422711687,True,True,True
knn,2.0,0.5,4.0,1.5,1,1,12,"[1.355113970030244, 2.0, 0.6482172445452782, 1.817683719548533, 0.8429142348550241, 1.203431539832963, 0.5, 0.7205277186556617, 1.993034051184642, 0.5406689464035377]",2.0,1.3551139700302441,0.6775569850151221,True,True,True
knn,2.0,0.5,4.0,1.5,3,1,12,"[1.355113970030244, 2.0, 0.6482172445452782, 1.817683719548533, 0.8429142348550241, 1.203431539832963, 0.5, 0.7205277186556617, 1.993034051184642, 0.5406689464035377]",3.5,0.5394582400583567,0.15413092573095907,True,True,True
knn,2.0,0.5,4.0,1.5,5,1,12,"[1.355113970030244, 2.0, 0.6482172445452782, 1.817683719548533, 0.8429142348550241, 1.203431539832963, 0.5, 0.7205277186556617, 1.993034051184642, 0.5406689464035377]",5.0,0.10118430875922747,0.020236861751845494,True,True,True
knn,2.0,0.5,4.0,1.5,7,1,12,"[1.355113970030244, 2.0, 0.6482172445452782, 1.817683719548533, 0.8429142348550241, 1.203431539832963, 0.5, 0.7205277186556617, 1.993034051184642, 0.5406689464035377]",6.5,4.440892102636529e-16,6.832141696363891e-17,True,True,True
iforest,2.0,0.5,4.0,1.5,0,2,12,"[1.1569887446113805, 0.8057504946752204, 0.6283802407261678, 2.0, 1.0785918672327033, 1.499248940116451, 0.5451919660776725, 0.5, 0.9630139271047928, 1.9387838271610853]",8.0,1.8824537203493956,0.23530671504367445,True,True,True
knn,2.0,0.5,4.0,1.5,1,2,12,"[1.1569887446113805, 0.8057504946752204, 0.6283802407261678, 2.0, 1.0785918672327033, 1.499248940116451, 0.5451919660776725, 0.5, 0.9630139271047928, 1.9387838271610853]",2.0,1.9387838271610855,0.9693919135805428,True,False,True
knn,2.0,0.5,4.0,1.5,3,2,12,"[1.1569887446113805, 0.8057504946752204, 0.6283802407261678, 2.0, 1.0785918672327033, 1.499248940116451, 0.5451919660776725, 0.5, 0.9630139271047928, 1.9387838271610853]",3.5,1.7075504505982877,0.4878715573137965,True,True,True
knn,2.0,0.5,4.0,1.5,5,2,12,"[1.1569887446113805, 0.8057504946752204, 0.6283802407261678, 2.0, 1.0785918672327033, 1.499248940116451, 0.5451919660776725, 0.5, 0.9630139271047928, 1.9387838271610853]",5.0,1.4667281545145758,0.29334563090291516,True,True,True
knn,2.0,0.5,4.0,1.5,7,2,12,"[1.1569887446113805, 0.8057504946752204, 0.6283802407261678, 2.0, 1.0785918672327033, 1.499248940116451, 0.5451919660776725, 0.5, 0.9630139271047928, 1.9387838271610853]",6.5,1.363518599050129,0.20977209216155832,True,True,True
iforest,2.0,0.5,4.0,1.5,0,3,12,"[0.6237210092300298, 1.5128320015681802, 2.0, 1.2022312458779436, 0.5, 1.1658742129861344, 0.6212673812515247, 0.7106530459517244, 0.5022791346998174, 1.3027055890664514]",8.0,1.1416972629766258,0.14271215787207822,True,True,True
knn,2.0,0.5,4.0,1.5,1,3,12,"[0.6237210092300298, 1.5128320015681802, 2.0, 1.2022312458779436, 0.5, 1.1658742129861344, 0.6212673812515247, 0.7106530459517244, 0.5022791346998174, 1.3027055890664514]",2.0,1.5128320015681804,0.7564160007840902,True,True,True
knn,2.0,0.5,4.0,1.5,3,3,12,"[0.6237210092300298, 1.5128320015681802, 2.0, 1.2022312458779436, 0.5, 1.1658742129861344, 0.6212673812515247, 0.7106530459517244, 0.5022791346998174, 1.3027055890664514]",3.5,0.9630369974460502,0.27515342784172864,True,True,True
knn,2.0,0.5,4.0,1.5,5,3,12,"[0.6237210092300298, 1.5128320015681802, 2.0, 1.2022312458779436, 0.5, 1.1658742129861344, 0.6212673812515247, 0.7106530459517244, 0.5022791346998174, 1.3027055890664514]",5.0,0.16548026199465643,0.033096052398931285,True,True,True
knn,2.0,0.5,4.0,1.5,7,3,12,"[0.6237210092300298, 1.5128320015681802, 2.0, 1.2022312458779436, 0.5, 1.1658742129861344, 0.6212673812515247, 0.7106530459517244, 0.5022791346998174, 1.3027055890664514]",6.5,4.440892102636529e-16,6.832141696363891e-17,True,True,True
iforest,2.0,0.5,4.0,1.5,0,4,12,"[1.0647501224895404, 1.7371041162689642, 0.6714309219554966, 1.4428509976072224, 2.0, 0.9883810943051545, 0.5189692034486878, 0.5, 0.6327039246288544, 1.0015767346012996]",8.0,0.8075503054673016,0.1009437881834127,True,True,True
knn,2.0,0.5,4.0,1.5,1,4,12,"[1.0647501224895404, 1.7371041162689642, 0.6714309219554966, 1.4428509976072224, 2.0, 0.9883810943051545, 0.5189692034486878, 0.5, 0.6327039246288544, 1.0015767346012996]",2.0,1.4428509976072228,0.7214254988036114,True,True,True
knn,2.0,0.5,4.0,1.5,3,4,12,"[1.0647501224895404, 1.7371041162689642, 0.6714309219554966, 1.4428509976072224, 2.0, 0.9883810943051545, 0.5189692034486878, 0.5, 0.6327039246288544, 1.0015767346012996]",3.5,0.5635095186406324,0.16100271961160925,True,True,True
knn,2.0,0.5,4.0,1.5,5,4,12,"[1.0647501224895404, 1.7371041162689642, 0.6714309219554966, 1.4428509976072224, 2.0, 0.9883810943051545, 0.5189692034486878, 0.5, 0.6327039246288544, 1.0015767346012996]",5.0,2.2204460513182646e-16,4.440892102636529e-17,True,True,True
knn,2.0,0.5,4.0,1.5,7,4,12,"[1.0647501224895404, 1.7371041162689642, 0.6714309219554966, 1.4428509976072224, 2.0, 0.9883810943051545, 0.5189692034486878, 0.5, 0.6327039246288544, 1.0015767346012996]",6.5,2.2204460513182646e-16,3.4160708481819456e-17,True,True,True
iforest,2.0,0.5,4.0,1.5,0,5,12,"[1.0983436481985136, 0.6589579456792894, 2.0, 1.2340411207229336, 1.0675860300366649, 1.6837115908166318, 1.1168768914394709, 0.7759480131046639, 0.5, 1.7904502788526389]",8.0,1.683491159308825,0.21043639491360314,True,True,True
knn,2.0,0.5,4.0,1.5,1,5,12,"[1.0983436481985136, 0.6589579456792894, 2.0, 1.2340411207229336, 1.0675860300366649, 1.6837115908166318, 1.1168768914394709, 0.7759480131046639, 0.5, 1.7904502788526389]",2.0,1.7904502788526389,0.8952251394263194,True,True,True
knn,2.0,0.5,4.0,1.5,3,5,12,"[1.0983436481985136, 0.6589579456792894, 2.0, 1.2340411207229336, 1.0675860300366649, 1.6837115908166318, 1.1168768914394709, 0.7759480131046639, 0.5, 1.7904502788526389]",3.5,1.4305512025287546,0.40872891500821557,True,True,True
knn,2.0,0.5,4.0,1.5,5,5,12,"[1.0983436481985136, 0.6589579456792894, 2.0, 1.2340411207229336, 1.0675860300366649, 1.6837115908166318, 1.1168768914394709, 0.7759480131046639, 0.5, 1.7904502788526389]",5.0,1.1186542513435813,0.22373085026871625,True,True,True
knn,2.0,0.5,4.0,1.5,7,5,12,"[1.0983436481985136, 0.6589579456792894, 2.0, 1.2340411207229336, 1.0675860300366649, 1.6837115908166318, 1.1168768914394709, 0.7759480131046639, 0.5, 1.7904502788526389]",6.5,0.9849841294070782,0.15153601990878127,True,True,True
iforest,2.0,0.5,4.0,1.5,0,6,12,"[0.8098278401553264, 0.7467007642897915, 0.9767935997385342, 1.3091639782966649, 0.8294282774531149, 2.0, 0.5073924425069123, 1.349223142226817, 1.1981448665001977, 0.5]",8.0,0.6631036467998079,0.08288795584997599,True,True,True
knn,2.0,0.5,4.0,1.5,1,6,12,"[0.8098278401553264, 0.7467007642897915, 0.9767935997385342, 1.3091639782966649, 0.8294282774531149, 2.0, 0.5073924425069123, 1.349223142226817, 1.1981448665001977, 0.5]",2.0,1.1981448665001972,0.5990724332500986,True,True,True
knn,2.0,0.5,4.0,1.5,3,6,12,"[0.8098278401553264, 0.7467007642897915, 0.9767935997385342, 1.3091639782966649, 0.8294282774531149, 2.0, 0.5073924425069123, 1.349223142226817, 1.1981448665001977, 0.5]",3.5,0.9597188102089222,0.27420537434540637,True,True,True
knn,2.0,0.5,4.0,1.5,5,6,12,"[0.8098278401553264, 0.7467007642897915, 0.9767935997385342, 1.3091639782966649, 0.8294282774531149, 2.0, 0.5073924425069123, 1.349223142226817, 1.1981448665001977, 0.5]",5.0,1.1225737892861303,0.22451475785722605,True,True,True
knn,2.0,0.5,4.0,1.5,7,6,12,"[0.8098278401553264, 0.7467007642897915, 0.9767935997385342, 1.3091639782966649, 0.8294282774531149, 2.0, 0.5073924425069123, 1.349223142226817, 1.1981448665001977, 0.5]",6.5,1.1923687803192196,0.18344135081834148,True,True,True
iforest,2.0,0.5,4.0,1.5,0,7,12,"[0.5823103248208636, 1.1714704376003002, 0.5465117479889022, 1.3322451214152993, 0.5, 0.6554231702006436, 0.9617507184430714, 0.5853924696408307, 0.7462913748305611, 2.0]",8.0,1.967514046846926,0.24593925585586576,True,True,True
knn,2.0,0.5,4.0,1.5,1,7,12,"[0.5823103248208636, 1.1714704376003002, 0.5465117479889022, 1.3322451214152993, 0.5, 0.6554231702006436, 0.9617507184430714, 0.5853924696408307, 0.7462913748305611, 2.0]",2.0,2.0000000000000004,1.0000000000000002,True,False,True
knn,2.0,0.5,4.0,1.5,3,7,12,"[0.5823103248208636, 1.1714704376003002, 0.5465117479889022, 1.3322451214152993, 0.5, 0.6554231702006436, 0.9617507184430714, 0.5853924696408307, 0.7462913748305611, 2.0]",3.5,1.9139613773533095,0.5468461078152312,True,True,True
knn,2.0,0.5,4.0,1.5,5,7,12,"[0.5823103248208636, 1.1714704376003002, 0.5465117479889022, 1.3322451214152993, 0.5, 0.6554231702006436, 0.9617507184430714, 0.5853924696408307, 0.7462913748305611, 2.0]",5.0,1.8102692571708137,0.36205385143416274,True,True,True
knn,2.0,0.5,4.0,1.5,7,7,12,"[0.5823103248208636, 1.1714704376003002, 0.5465117479889022, 1.3322451214152993, 0.5, 0.6554231702006436, 0.9617507184430714, 0.5853924696408307, 0.7462913748305611, 2.0]",6.5,1.7658297770926012,0.27166611955270786,True,True,True
iforest,2.0,0.25,8.0,1.75,0,0,12,"[0.3719380202616389, 0.48133075337625403, 1.9036331463446412, 0.47657157702142994, 2.0, 0.2899492575884986, 1.6299681625243625, 0.6223971543569531, 0.25, 0.6535509434252986]",16.0,0.6373151268926983,0.039832195430793645,True,True,True
knn,2.0,0.25,8.0,1.75,1,0,12,"[0.3719380202616389, 0.48133075337625403, 1.9036331463446412, 0.47657157702142994, 2.0, 0.2899492575884986, 1.6299681625243625, 0.6223971543569531, 0.25, 0.6535509434252986]",2.0,0.6535509434252981,0.32677547171264903,True,True,True
knn,2.0,0.25,8.0,1.75,3,0,12,"[0.3719380202616389, 0.48133075337625403, 1.9036331463446412, 0.47657157702142994, 2.0, 0.2899492575884986, 1.6299681625243625, 0.6223971543569531, 0.25, 0.6535509434252986]",3.75,1.180438013570133,0.3147834702853688,True,True,True
knn,2.0,0.25,8.0,1.75,5,0,12,"[0.3719380202616389, 0.48133075337625403, 1.9036331463446412, 0.47657157702142994, 2.0, 0.2899492575884986, 1.6299681625243625, 0.6223971543569531, 0.25, 0.6535509434252986]",5.5,0.5585357647664595,0.10155195723026536,True,True,True
knn,2.0,0.25,8.0,1.75,7,0,12,"[0.3719380202616389, 0.48133075337625403, 1.9036331463446412, 0.47657157702142994, 2.0, 0.2899492575884986, 1.6299681625243625, 0.6223971543569531, 0.25, 0.6535509434252986]",7.25,0.44009370188054037,0.06070257956972971,True,True,True
iforest,2.0,0.25,8.0,1.75,0,1,12,"[1.115446476366478, 2.0, 0.36903356847198093, 1.7328560152559542, 0.5472176344281577, 0.9335059411065979, 0.25, 0.4324750338066486, 1.9895601803984606, 0.28111378438793444]",16.0,0.44391544264634614,0.027744715165396634,True,True,True
knn,2.0,0.25,8.0,1.75,1,1,12,"[1.115446476366478, 2.0, 0.36903356847198093, 1.7328560152559542, 0.5472176344281577, 0.9335059411065979, 0.25, 0.4324750338066486, 1.9895601803984606, 0.28111378438793444]",2.0,1.1154464763664782,0.5577232381832391,True,True,True
knn,2.0,0.25,8.0,1.75,3,1,12,"[1.115446476366478, 2.0, 0.36903356847198093, 1.7328560152559542, 0.5472176344281577, 0.9335059411065979, 0.25, 0.4324750338066486, 1.9895601803984606, 0.28111378438793444]",3.75,0.34134793167813776,0.09102611511417007,True,True,True
knn,2.0,0.25,8.0,1.75,5,1,12,"[1.115446476366478, 2.0, 0.36903356847198093, 1.7328560152559542, 0.5472176344281577, 0.9335059411065979, 0.25, 0.4324750338066486, 1.9895601803984606, 0.28111378438793444]",5.5,2.220446092677295e-16,4.0371747139587186e-17,True,True,True
knn,2.0,0.25,8.0,1.75,7,1,12,"[1.115446476366478, 2.0, 0.36903356847198093, 1.7328560152559542, 0.5472176344281577, 0.9335059411065979, 0.25, 0.4324750338066486, 1.9895601803984606, 0.28111378438793444]",7.25,4.440892156920257e-16,6.125368492303803e-17,True,True,True
iforest,2.0,0.25,8.0,1.75,0,2,12,"[0.8799919580301737, 0.511429615679661, 0.3522238684594032, 2.0, 0.7920830396566199, 1.2980625724077495, 0.28464867945511385, 0.25, 0.6682421321108463, 1.9088820081576632]",16.0,1.858603865802786,0.11616274161267412,True,True,True
knn,2.0,0.25,8.0,1.75,1,2,12,"[0.8799919580301737, 0.511429615679661, 0.3522238684594032, 2.0, 0.7920830396566199, 1.2980625724077495, 0.28464867945511385, 0.25, 0.6682421321108463, 1.9088820081576632]",2.0,1.9088820081576625,0.9544410040788313,True,False,True
knn,2.0,0.25,8.0,1.75,3,2,12,"[0.8799919580301737, 0.511429615679661, 0.3522238684594032, 2.0, 0.7920830396566199, 1.2980625724077495, 0.28464867945511385, 0.25, 0.6682421321108463, 1.9088820081576632]",3.75,1.6805722523182238,0.448152600618193,True,True,True
knn,2.0,0.25,8.0,1.75,5,2,12,"[0.8799919580301737, 0.511429615679661, 0.3522238684594032, 2.0, 0.7920830396566199, 1.2980625724077495, 0.28464867945511385, 0.25, 0.6682421321108463, 1.9088820081576632]",5.5,1.4152068168942384,0.257310330344407,True,True,True
knn,2.0,0.25,8.0,1.75,7,2,12,"[0.8799919580301737, 0.511429615679661, 0.3522238684594032, 2.0, 0.7920830396566199, 1.2980625724077495, 0.28464867945511385, 0.25, 0.6682421321108463, 1.9088820081576632]",7.25,1.3014787731411015,0.17951431353670366,True,True,True
iforest,2.0,0.25,8.0,1.75,0,3,12,"[0.34831370397735684, 1.3157429640121758, 2.0, 0.9321096812474068, 0.25, 0.890148669570539, 0.34626040325868657, 0.42361510245168243, 0.25171129746814663, 1.0513671825770388]",16.0,0.8718156844222049,0.05448848027638781,True,True,True
knn,2.0,0.25,8.0,1.75,1,3,12,"[0.34831370397735684, 1.3157429640121758, 2.0, 0.9321096812474068, 0.25, 0.890148669570539, 0.34626040325868657, 0.42361510245168243, 0.25171129746814663, 1.0513671825770388]",2.0,1.3157429640121758,0.6578714820060879,True,True,True
knn,2.0,0.25,8.0,1.75,3,3,12,"[0.34831370397735684, 1.3157429640121758, 2.0, 0.9321096812474068, 0.25, 0.890148669570539, 0.34626040325868657, 0.42361510245168243, 0.25171129746814663, 1.0513671825770388]",3.75,0.9891430866782731,0.26377148978087284,True,True,True
knn,2.0,0.25,8.0,1.75,5,3,12,"[0.34831370397735684, 1.3157429640121758, 2.0, 0.9321096812474068, 0.25, 0.890148669570539, 0.34626040325868657, 0.42361510245168243, 0.25171129746814663, 1.0513671825770388]",5.5,3.053113363214114e-16,5.551115205843844e-17,True,True,True
knn,2.0,0.25,8.0,1.75,7,3,12,"[0.34831370397735684, 1.3157429640121758, 2.0, 0.9321096812474068, 0.25, 0.890148669570539, 0.34626040325868657, 0.42361510245168243, 0.25171129746814663, 1.0513671825770388]",7.25,3.05311338130869e-16,4.211190870770607e-17,True,True,True
iforest,2.0,0.25,8.0,1.75,0,4,12,"[0.776884667282849, 1.6189139907090093, 0.38903350824703753, 1.2255110409249341, 2.0, 0.6948189373080604, 0.26436099779193845, 0.25, 0.3558654247102454, 0.7087798198311711]",16.0,0.535245595189392,0.033452849699337,True,True,True
knn,2.0,0.25,8.0,1.75,1,4,12,"[0.776884667282849, 1.6189139907090093, 0.38903350824703753, 1.2255110409249341, 2.0, 0.6948189373080604, 0.26436099779193845, 0.25, 0.3558654247102454, 0.7087798198311711]",2.0,1.225511040924934,0.612755520462467,True,True,True
knn,2.0,0.25,8.0,1.75,3,4,12,"[0.776884667282849, 1.6189139907090093, 0.38903350824703753, 1.2255110409249341, 2.0, 0.6948189373080604, 0.26436099779193845, 0.25, 0.3558654247102454, 0.7087798198311711]",3.75,0.5557907549407327,0.1482108679841954,True,True,True
knn,2.0,0.25,8.0,1.75,5,4,12,"[0.776884667282849, 1.6189139907090093, 0.38903350824703753, 1.2255110409249341, 2.0, 0.6948189373080604, 0.26436099779193845, 0.25, 0.3558654247102454, 0.7087798198311711]",5.5,0.10523915276550634,0.019134391411910243,True,True,True
knn,2.0,0.25,8.0,1.75,7,4,12,"[0.776884667282849, 1.6189139907090093, 0.38903350824703753, 1.2255110409249341, 2.0, 0.6948189373080604, 0.26436099779193845, 0.25, 0.3558654247102454, 0.7087798198311711]",7.25,2.22044611594175e-16,3.0626842978506896e-17,True,True,True
iforest,2.0,0.25,8.0,1.75,0,5,12,"[0.8139399523216253, 0.37824356724141583, 2.0, 0.9693473992182955, 0.7799905219859348, 1.5448508444929756, 0.8346280189984667, 0.4833190801683405, 0.25, 1.6940584854543288]",16.0,1.5904472147633921,0.09940295092271201,True,True,True
knn,2.0,0.25,8.0,1.75,1,5,12,"[0.8139399523216253, 0.37824356724141583, 2.0, 0.9693473992182955, 0.7799905219859348, 1.5448508444929756, 0.8346280189984667, 0.4833190801683405, 0.25, 1.6940584854543288]",2.0,1.6940584854543295,0.8470292427271647,True,True,True
knn,2.0,0.25,8.0,1.75,3,5,12,"[0.8139399523216253, 0.37824356724141583, 2.0, 0.9693473992182955, 0.7799905219859348, 1.5448508444929756, 0.8346280189984667, 0.4833190801683405, 0.25, 1.6940584854543288]",3.75,1.353123688215554,0.3608329835241477,True,True,True
knn,2.0,0.25,8.0,1.75,5,5,12,"[0.8139399523216253, 0.37824356724141583, 2.0, 0.9693473992182955, 0.7799905219859348, 1.5448508444929756, 0.8346280189984667, 0.4833190801683405, 0.25, 1.6940584854543288]",5.5,0.9549037280075058,0.17361885963772833,True,True,True
knn,2.0,0.25,8.0,1.75,7,5,12,"[0.8139399523216253, 0.37824356724141583, 2.0, 0.9693473992182955, 0.7799905219859348, 1.5448508444929756, 0.8346280189984667, 0.4833190801683405, 0.25, 1.6940584854543288]",7.25,0.7842380307754855,0.1081707628655842,True,True,True
iforest,2.0,0.25,8.0,1.75,0,6,12,"[0.5153165094363976, 0.4562521205312901, 0.6826360350689844, 1.0591953681177735, 0.5341377325762923, 2.0, 0.25556477473747613, 1.1081809360081236, 0.9273613660190568, 0.25]",16.0,0.435347042811206,0.027209190175700376,True,True,True
knn,2.0,0.25,8.0,1.75,1,6,12,"[0.5153165094363976, 0.4562521205312901, 0.6826360350689844, 1.0591953681177735, 0.5341377325762923, 2.0, 0.25556477473747613, 1.1081809360081236, 0.9273613660190568, 0.25]",2.0,0.9273613660190573,0.46368068300952864,True,True,True
knn,2.0,0.25,8.0,1.75,3,6,12,"[0.5153165094363976, 0.4562521205312901, 0.6826360350689844, 1.0591953681177735, 0.5341377325762923, 2.0, 0.25556477473747613, 1.1081809360081236, 0.9273613660190568, 0.25]",3.75,0.8801952312887578,0.23471872834366875,True,True,True
knn,2.0,0.25,8.0,1.75,5,6,12,"[0.5153165094363976, 0.4562521205312901, 0.6826360350689844, 1.0591953681177735, 0.5341377325762923, 2.0, 0.25556477473747613, 1.1081809360081236, 0.9273613660190568, 0.25]",5.5,0.9881255967960703,0.17965919941746733,True,True,True
knn,2.0,0.25,8.0,1.75,7,6,12,"[0.5153165094363976, 0.4562521205312901, 0.6826360350689844, 1.0591953681177735, 0.5341377325762923, 2.0, 0.25556477473747613, 1.1081809360081236, 0.9273613660190568, 0.25]",7.25,1.0936053484740786,0.15084211703090739,True,True,True
iforest,2.0,0.25,8.0,1.75,0,7,12,"[0.31420763800881796, 0.896565457328119, 0.28568290629093757, 1.0873295979155162, 0.25, 0.3752041968983379, 0.6669277393244245, 0.3167055684352961, 0.45587695176163845, 2.0]",16.0,1.962438382462877,0.12265239890392982,True,True,True
knn,2.0,0.25,8.0,1.75,1,7,12,"[0.31420763800881796, 0.896565457328119, 0.28568290629093757, 1.0873295979155162, 0.25, 0.3752041968983379, 0.6669277393244245, 0.3167055684352961, 0.45587695176163845, 2.0]",2.0,2.0000000000000004,1.0000000000000002,True,False,True
knn,2.0,0.25,8.0,1.75,3,7,12,"[0.31420763800881796, 0.896565457328119, 0.28568290629093757, 1.0873295979155162, 0.25, 0.3752041968983379, 0.6669277393244245, 0.3167055684352961, 0.45587695176163845, 2.0]",3.75,1.9011595795376064,0.506975887876695,True,True,True
knn,2.0,0.25,8.0,1.75,5,7,12,"[0.31420763800881796, 0.896565457328119, 0.28568290629093757, 1.0873295979155162, 0.25, 0.3752041968983379, 0.6669277393244245, 0.3167055684352961, 0.45587695176163845, 2.0]",5.5,1.775492370676522,0.32281679466845853,True,True,True
knn,2.0,0.25,8.0,1.75,7,7,12,"[0.31420763800881796, 0.896565457328119, 0.28568290629093757, 1.0873295979155162, 0.25, 0.3752041968983379, 0.6669277393244245, 0.3167055684352961, 0.45587695176163845, 2.0]",7.25,1.7216349954503432,0.23746689592418527,True,True,True
iforest,2.0,0.125,16.0,1.875,0,0,12,"[0.21230037839663002, 0.2993974857986562, 1.8725539790080592, 0.2954569323979304, 2.0, 0.15231850537652034, 1.522517045686405, 0.42177431872177984, 0.125, 0.4501555365601755]",32.0,0.42847214838485237,0.013389754637026637,True,True,True
knn,2.0,0.125,16.0,1.875,1,0,12,"[0.21230037839663002, 0.2993974857986562, 1.8725539790080592, 0.2954569323979304, 2.0, 0.15231850537652034, 1.522517045686405, 0.42177431872177984, 0.125, 0.4501555365601755]",2.0,0.45015553656017554,0.22507776828008777,True,True,True
knn,2.0,0.125,16.0,1.875,3,0,12,"[0.21230037839663002, 0.2993974857986562, 1.8725539790080592, 0.2954569323979304, 2.0, 0.15231850537652034, 1.522517045686405, 0.42177431872177984, 0.125, 0.4501555365601755]",3.875,1.2412590650608448,0.3203249200157019,True,True,True
knn,2.0,0.125,16.0,1.875,5,0,12,"[0.21230037839663002, 0.2993974857986562, 1.8725539790080592, 0.2954569323979304, 2.0, 0.15231850537652034, 1.522517045686405, 0.42177431872177984, 0.125, 0.4501555365601755]",5.75,0.6590471769977099,0.1146169003474278,True,True,True
knn,2.0,0.125,16.0,1.875,7,0,12,"[0.21230037839663002, 0.2993974857986562, 1.8725539790080592, 0.2954569323979304, 2.0, 0.15231850537652034, 1.522517045686405, 0.42177431872177984, 0.125, 0.4501555365601755]",7.625,0.22182086611823285,0.029091261130260046,True,True,True
iforest,2.0,0.125,16.0,1.875,0,1,12,"[0.9181669358855644, 2.0, 0.2100927980629365, 1.651987052155895, 0.3552522036606154, 0.7241237355323682, 0.125, 0.2595800966755662, 1.9860923645907334, 0.14616145480255574]",32.0,0.3739836706813515,0.011686989708792235,True,True,True
knn,2.0,0.125,16.0,1.875,1,1,12,"[0.9181669358855644, 2.0, 0.2100927980629365, 1.651987052155895, 0.3552522036606154, 0.7241237355323682, 0.125, 0.2595800966755662, 1.9860923645907334, 0.14616145480255574]",2.0,0.9181669358855645,0.45908346794278226,True,True,True
knn,2.0,0.125,16.0,1.875,3,1,12,"[0.9181669358855644, 2.0, 0.2100927980629365, 1.651987052155895, 0.3552522036606154, 0.7241237355323682, 0.125, 0.2595800966755662, 1.9860923645907334, 0.14616145480255574]",3.875,0.2779717728311903,0.07173465105321039,True,True,True
knn,2.0,0.125,16.0,1.875,5,1,12,"[0.9181669358855644, 2.0, 0.2100927980629365, 1.651987052155895, 0.3552522036606154, 0.7241237355323682, 0.125, 0.2595800966755662, 1.9860923645907334, 0.14616145480255574]",5.75,2.220446066827901e-16,3.861645333613741e-17,True,True,True
knn,2.0,0.125,16.0,1.875,7,1,12,"[0.9181669358855644, 2.0, 0.2100927980629365, 1.651987052155895, 0.3552522036606154, 0.7241237355323682, 0.125, 0.2595800966755662, 1.9860923645907334, 0.14616145480255574]",7.625,4.440892102636529e-16,5.824120790342989e-17,True,True,True
iforest,2.0,0.125,16.0,1.875,0,2,12,"[0.6693114775787091, 0.3246169298346812, 0.1974308634675383, 2.0, 0.5816802080302647, 1.1238736922201509, 0.14861713993781903, 0.125, 0.46369791189889764, 1.8794413642306924]",32.0,1.8316288489246413,0.05723840152889504,True,True,True
knn,2.0,0.125,16.0,1.875,1,2,12,"[0.6693114775787091, 0.3246169298346812, 0.1974308634675383, 2.0, 0.5816802080302647, 1.1238736922201509, 0.14861713993781903, 0.125, 0.46369791189889764, 1.8794413642306924]",2.0,1.8794413642306929,0.9397206821153464,True,False,True
knn,2.0,0.125,16.0,1.875,3,2,12,"[0.6693114775787091, 0.3246169298346812, 0.1974308634675383, 2.0, 0.5816802080302647, 1.1238736922201509, 0.14861713993781903, 0.125, 0.46369791189889764, 1.8794413642306924]",3.875,1.6758266771659247,0.43247140055894834,True,True,True
knn,2.0,0.125,16.0,1.875,5,2,12,"[0.6693114775787091, 0.3246169298346812, 0.1974308634675383, 2.0, 0.5816802080302647, 1.1238736922201509, 0.14861713993781903, 0.125, 0.46369791189889764, 1.8794413642306924]",5.75,1.400429602818178,0.2435529744031614,True,True,True
knn,2.0,0.125,16.0,1.875,7,2,12,"[0.6693114775787091, 0.3246169298346812, 0.1974308634675383, 2.0, 0.5816802080302647, 1.1238736922201509, 0.14861713993781903, 0.125, 0.46369791189889764, 1.8794413642306924]",7.625,1.2824022852405714,0.16818390626105856,True,True,True
iforest,2.0,0.125,16.0,1.875,0,3,12,"[0.1945139486774635, 1.1443303324843932, 2.0, 0.7226799842826162, 0.125, 0.6796313402530192, 0.19298657950356365, 0.2525138758602319, 0.12614216457739866, 0.8485209258924851]",32.0,0.6675832212324786,0.020861975663514956,True,True,True
knn,2.0,0.125,16.0,1.875,1,3,12,"[0.1945139486774635, 1.1443303324843932, 2.0, 0.7226799842826162, 0.125, 0.6796313402530192, 0.19298657950356365, 0.2525138758602319, 0.12614216457739866, 0.8485209258924851]",2.0,1.1443303324843934,0.5721651662421967,True,True,True
knn,2.0,0.125,16.0,1.875,3,3,12,"[0.1945139486774635, 1.1443303324843932, 2.0, 0.7226799842826162, 0.125, 0.6796313402530192, 0.19298657950356365, 0.2525138758602319, 0.12614216457739866, 0.8485209258924851]",3.875,0.9832721279356432,0.25374764591887566,True,True,True
knn,2.0,0.125,16.0,1.875,5,3,12,"[0.1945139486774635, 1.1443303324843932, 2.0, 0.7226799842826162, 0.125, 0.6796313402530192, 0.19298657950356365, 0.2525138758602319, 0.12614216457739866, 0.8485209258924851]",5.75,4.440892133655802e-16,7.723290667227482e-17,True,True,True
knn,2.0,0.125,16.0,1.875,7,3,12,"[0.1945139486774635, 1.1443303324843932, 2.0, 0.7226799842826162, 0.125, 0.6796313402530192, 0.19298657950356365, 0.2525138758602319, 0.12614216457739866, 0.8485209258924851]",7.625,4.440892102636529e-16,5.824120790342989e-17,True,True,True
iforest,2.0,0.125,16.0,1.875,0,4,12,"[0.5668464116707457, 1.5087653553792895, 0.22540974147900406, 1.0409095006480782, 2.0, 0.4884485937899274, 0.13466451706408275, 0.125, 0.2001571281203775, 0.501577977647301]",32.0,0.3750492510066599,0.011720289093958123,True,True,True
knn,2.0,0.125,16.0,1.875,1,4,12,"[0.5668464116707457, 1.5087653553792895, 0.22540974147900406, 1.0409095006480782, 2.0, 0.4884485937899274, 0.13466451706408275, 0.125, 0.2001571281203775, 0.501577977647301]",2.0,1.0409095006480784,0.5204547503240392,True,True,True
knn,2.0,0.125,16.0,1.875,3,4,12,"[0.5668464116707457, 1.5087653553792895, 0.22540974147900406, 1.0409095006480782, 2.0, 0.4884485937899274, 0.13466451706408275, 0.125, 0.2001571281203775, 0.501577977647301]",3.875,0.5549235213514601,0.14320607002618324,True,True,True
knn,2.0,0.125,16.0,1.875,5,4,12,"[0.5668464116707457, 1.5087653553792895, 0.22540974147900406, 1.0409095006480782, 2.0, 0.4884485937899274, 0.13466451706408275, 0.125, 0.2001571281203775, 0.501577977647301]",5.75,0.22667595019843237,0.039421904382336066,True,True,True
knn,2.0,0.125,16.0,1.875,7,4,12,"[0.5668464116707457, 1.5087653553792895, 0.22540974147900406, 1.0409095006480782, 2.0, 0.4884485937899274, 0.13466451706408275, 0.125, 0.2001571281203775, 0.501577977647301]",7.625,6.661338153954794e-16,8.736181185514484e-17,True,True,True
iforest,2.0,0.125,16.0,1.875,0,5,12,"[0.6031793847690101, 0.2171127870869347, 2.0, 0.7614287438175571, 0.5698699657647233, 1.4174423605251367, 0.6237069953157477, 0.30104765952053786, 0.125, 1.6028561005217463]",32.0,1.4983541543452528,0.04682356732328915,True,True,True
knn,2.0,0.125,16.0,1.875,1,5,12,"[0.6031793847690101, 0.2171127870869347, 2.0, 0.7614287438175571, 0.5698699657647233, 1.4174423605251367, 0.6237069953157477, 0.30104765952053786, 0.125, 1.6028561005217463]",2.0,1.6028561005217459,0.8014280502608729,True,True,True
knn,2.0,0.125,16.0,1.875,3,5,12,"[0.6031793847690101, 0.2171127870869347, 2.0, 0.7614287438175571, 0.5698699657647233, 1.4174423605251367, 0.6237069953157477, 0.30104765952053786, 0.125, 1.6028561005217463]",3.875,1.3120481348202735,0.33859306705039316,True,True,True
knn,2.0,0.125,16.0,1.875,5,5,12,"[0.6031793847690101, 0.2171127870869347, 2.0, 0.7614287438175571, 0.5698699657647233, 1.4174423605251367, 0.6237069953157477, 0.30104765952053786, 0.125, 1.6028561005217463]",5.75,0.8513590376345149,0.14806244132774174,True,True,True
knn,2.0,0.125,16.0,1.875,7,5,12,"[0.6031793847690101, 0.2171127870869347, 2.0, 0.7614287438175571, 0.5698699657647233, 1.4174423605251367, 0.6237069953157477, 0.30104765952053786, 0.125, 1.6028561005217463]",7.625,0.6539208531263329,0.08576011188542071,True,True,True
iforest,2.0,0.125,16.0,1.875,0,6,12,"[0.3279105653453204, 0.2787810156954794, 0.4770628682450819, 0.8569551610347753, 0.34397563371942064, 2.0, 0.12872354535656513, 0.910201543760203, 0.7177755605603883, 0.125]",32.0,0.3052927646549718,0.009540398895467869,True,True,True
knn,2.0,0.125,16.0,1.875,1,6,12,"[0.3279105653453204, 0.2787810156954794, 0.4770628682450819, 0.8569551610347753, 0.34397563371942064, 2.0, 0.12872354535656513, 0.910201543760203, 0.7177755605603883, 0.125]",2.0,0.717775560560388,0.358887780280194,True,True,True
knn,2.0,0.125,16.0,1.875,3,6,12,"[0.3279105653453204, 0.2787810156954794, 0.4770628682450819, 0.8569551610347753, 0.34397563371942064, 2.0, 0.12872354535656513, 0.910201543760203, 0.7177755605603883, 0.125]",3.875,0.7627659816955915,0.1968428339859591,True,True,True
knn,2.0,0.125,16.0,1.875,5,6,12,"[0.3279105653453204, 0.2787810156954794, 0.4770628682450819, 0.8569551610347753, 0.34397563371942064, 2.0, 0.12872354535656513, 0.910201543760203, 0.7177755605603883, 0.125]",5.75,0.9050175516485264,0.15739435680843936,True,True,True
knn,2.0,0.125,16.0,1.875,7,6,12,"[0.3279105653453204, 0.2787810156954794, 0.4770628682450819, 0.8569551610347753, 0.34397563371942064, 2.0, 0.12872354535656513, 0.910201543760203, 0.7177755605603883, 0.125]",7.625,1.0377178568557726,0.1360941451614128,True,True,True
iforest,2.0,0.125,16.0,1.875,0,7,12,"[0.16954265719648987, 0.6861714930857195, 0.1493375453449427, 0.8874385317674327, 0.125, 0.2147897660179309, 0.462482222212882, 0.17134217175609542, 0.2784754080732445, 2.0]",32.0,1.9688978752273583,0.061528058600854946,True,True,True
knn,2.0,0.125,16.0,1.875,1,7,12,"[0.16954265719648987, 0.6861714930857195, 0.1493375453449427, 0.8874385317674327, 0.125, 0.2147897660179309, 0.462482222212882, 0.17134217175609542, 0.2784754080732445, 2.0]",2.0,2.0000000000000004,1.0000000000000002,True,False,True
knn,2.0,0.125,16.0,1.875,3,7,12,"[0.16954265719648987, 0.6861714930857195, 0.1493375453449427, 0.8874385317674327, 0.125, 0.2147897660179309, 0.462482222212882, 0.17134217175609542, 0.2784754080732445, 2.0]",3.875,1.9010120601412954,0.49058375745581817,True,True,True
knn,2.0,0.125,16.0,1.875,5,7,12,"[0.16954265719648987, 0.6861714930857195, 0.1493375453449427, 0.8874385317674327, 0.125, 0.2147897660179309, 0.462482222212882, 0.17134217175609542, 0.2784754080732445, 2.0]",5.75,1.7689767255009046,0.30764812617407034,True,True,True
knn,2.0,0.125,16.0,1.875,7,7,12,"[0.16954265719648987, 0.6861714930857195, 0.1493375453449427, 0.8874385317674327, 0.125, 0.2147897660179309, 0.462482222212882, 0.17134217175609542, 0.2784754080732445, 2.0]",7.625,1.7123901535121662,0.22457575783766115,True,True,True
iforest,2.0,0.0625,32.0,1.9375,0,0,12,"[0.1211800036889127, 0.18623130534210072, 1.8419822175464957, 0.18317248260499988, 2.0, 0.08001719774383503, 1.422149344816428, 0.2858200341822212, 0.0625, 0.31006000241347886]",64.0,0.27916368825618704,0.0043619326290029225,True,True,True
knn,2.0,0.0625,32.0,1.9375,1,0,12,"[0.1211800036889127, 0.18623130534210072, 1.8419822175464957, 0.18317248260499988, 2.0, 0.08001719774383503, 1.422149344816428, 0.2858200341822212, 0.0625, 0.31006000241347886]",2.0,0.31006000241347925,0.15503000120673963,True,True,True
knn,2.0,0.0625,32.0,1.9375,3,0,12,"[0.1211800036889127, 0.18623130534210072, 1.8419822175464957, 0.18317248260499988, 2.0, 0.08001719774383503, 1.422149344816428, 0.2858200341822212, 0.0625, 0.31006000241347886]",3.9375,1.2599119566788566,0.31997763979145566,True,True,True
knn,2.0,0.0625,32.0,1.9375,5,0,12,"[0.1211800036889127, 0.18623130534210072, 1.8419822175464957, 0.18317248260499988, 2.0, 0.08001719774383503, 1.422149344816428, 0.2858200341822212, 0.0625, 0.31006000241347886]",5.875,0.7178359075027966,0.12218483531962494,True,True,True
knn,2.0,0.0625,32.0,1.9375,7,0,12,"[0.1211800036889127, 0.18623130534210072, 1.8419822175464957, 0.18317248260499988, 2.0, 0.08001719774383503, 1.422149344816428, 0.2858200341822212, 0.0625, 0.31006000241347886]",7.8125,0.061520225474125514,0.007874588860688066,True,True,True
iforest,2.0,0.0625,32.0,1.9375,0,1,12,"[0.7557785514726124, 2.0, 0.1196069614498093, 1.574892083626246, 0.23062876681159344, 0.5617052460745661, 0.0625, 0.15580512474211733, 1.9826305932075956, 0.07599474681226787]",64.0,0.35182295381827466,0.005497233653410542,True,True,True
knn,2.0,0.0625,32.0,1.9375,1,1,12,"[0.7557785514726124, 2.0, 0.1196069614498093, 1.574892083626246, 0.23062876681159344, 0.5617052460745661, 0.0625, 0.15580512474211733, 1.9826305932075956, 0.07599474681226787]",2.0,0.7557785514726125,0.37788927573630626,True,True,True
knn,2.0,0.0625,32.0,1.9375,3,1,12,"[0.7557785514726124, 2.0, 0.1196069614498093, 1.574892083626246, 0.23062876681159344, 0.5617052460745661, 0.0625, 0.15580512474211733, 1.9826305932075956, 0.07599474681226787]",3.9375,0.2791644828829623,0.07089891628773645,True,True,True
knn,2.0,0.0625,32.0,1.9375,5,1,12,"[0.7557785514726124, 2.0, 0.1196069614498093, 1.574892083626246, 0.23062876681159344, 0.5617052460745661, 0.0625, 0.15580512474211733, 1.9826305932075956, 0.07599474681226787]",5.875,2.2204461004321135e-16,3.7794827241397676e-17,True,True,True
knn,2.0,0.0625,32.0,1.9375,7,1,12,"[0.7557785514726124, 2.0, 0.1196069614498093, 1.574892083626246, 0.23062876681159344, 0.5617052460745661, 0.0625, 0.15580512474211733, 1.9826305932075956, 0.07599474681226787]",7.8125,6.661338221809453e-16,8.5265129239161e-17,True,True,True
iforest,2.0,0.0625,32.0,1.9375,0,2,12,"[0.5090703953947207, 0.20604233291272234, 0.11066525962601091, 2.0, 0.4271671623732945, 0.9730594679435762, 0.07759408659677335, 0.0625, 0.3217632399504729, 1.8504547826874262]",64.0,1.7984664287304675,0.028101037948913554,True,True,True
knn,2.0,0.0625,32.0,1.9375,1,2,12,"[0.5090703953947207, 0.20604233291272234, 0.11066525962601091, 2.0, 0.4271671623732945, 0.9730594679435762, 0.07759408659677335, 0.0625, 0.3217632399504729, 1.8504547826874262]",2.0,1.8504547826874262,0.9252273913437131,True,False,True
knn,2.0,0.0625,32.0,1.9375,3,2,12,"[0.5090703953947207, 0.20604233291272234, 0.11066525962601091, 2.0, 0.4271671623732945, 0.9730594679435762, 0.07759408659677335, 0.0625, 0.3217632399504729, 1.8504547826874262]",3.9375,1.6777359014203534,0.42609165750358186,True,True,True
knn,2.0,0.0625,32.0,1.9375,5,2,12,"[0.5090703953947207, 0.20604233291272234, 0.11066525962601091, 2.0, 0.4271671623732945, 0.9730594679435762, 0.07759408659677335, 0.0625, 0.3217632399504729, 1.8504547826874262]",5.875,1.3958670829614146,0.23759439709981525,True,True,True
knn,2.0,0.0625,32.0,1.9375,7,2,12,"[0.5090703953947207, 0.20604233291272234, 0.11066525962601091, 2.0, 0.4271671623732945, 0.9730594679435762, 0.07759408659677335, 0.0625, 0.3217632399504729, 1.8504547826874262]",7.8125,1.2750661607647271,0.16320846857788507,True,True,True
iforest,2.0,0.0625,32.0,1.9375,0,3,12,"[0.10862528748670341, 0.995249030897895, 2.0, 0.5603056916904813, 0.0625, 0.5189006897881033, 0.1075601469818105, 0.15052168143421993, 0.06321466634323449, 0.6848109524520783]",64.0,0.5127279025231299,0.008011373476923905,True,True,True
knn,2.0,0.0625,32.0,1.9375,1,3,12,"[0.10862528748670341, 0.995249030897895, 2.0, 0.5603056916904813, 0.0625, 0.5189006897881033, 0.1075601469818105, 0.15052168143421993, 0.06321466634323449, 0.6848109524520783]",2.0,0.9952490308978952,0.4976245154489476,True,True,True
knn,2.0,0.0625,32.0,1.9375,3,3,12,"[0.10862528748670341, 0.995249030897895, 2.0, 0.5603056916904813, 0.0625, 0.5189006897881033, 0.1075601469818105, 0.15052168143421993, 0.06321466634323449, 0.6848109524520783]",3.9375,0.9622079144703973,0.24437026399248185,True,True,True
knn,2.0,0.0625,32.0,1.9375,5,3,12,"[0.10862528748670341, 0.995249030897895, 2.0, 0.5603056916904813, 0.0625, 0.5189006897881033, 0.1075601469818105, 0.15052168143421993, 0.06321466634323449, 0.6848109524520783]",5.875,2.2204461004321135e-16,3.7794827241397676e-17,True,True,True
knn,2.0,0.0625,32.0,1.9375,7,3,12,"[0.10862528748670341, 0.995249030897895, 2.0, 0.5603056916904813, 0.0625, 0.5189006897881033, 0.1075601469818105, 0.15052168143421993, 0.06321466634323449, 0.6848109524520783]",7.8125,6.661338221809453e-16,8.5265129239161e-17,True,True,True
iforest,2.0,0.0625,32.0,1.9375,0,4,12,"[0.4135940223248296, 1.4061110785730178, 0.1306045635569448, 0.8841149139886031, 2.0, 0.3433729508002426, 0.0685976082234913, 0.0625, 0.11257872542694314, 0.35494868874890084]",64.0,0.2816598672781595,0.004400935426221242,True,True,True
knn,2.0,0.0625,32.0,1.9375,1,4,12,"[0.4135940223248296, 1.4061110785730178, 0.1306045635569448, 0.8841149139886031, 2.0, 0.3433729508002426, 0.0685976082234913, 0.0625, 0.11257872542694314, 0.35494868874890084]",2.0,0.8841149139886032,0.4420574569943016,True,True,True
knn,2.0,0.0625,32.0,1.9375,3,4,12,"[0.4135940223248296, 1.4061110785730178, 0.1306045635569448, 0.8841149139886031, 2.0, 0.3433729508002426, 0.0685976082234913, 0.0625, 0.11257872542694314, 0.35494868874890084]",3.9375,0.5551784227704916,0.14099769467187087,True,True,True
knn,2.0,0.0625,32.0,1.9375,5,4,12,"[0.4135940223248296, 1.4061110785730178, 0.1306045635569448, 0.8841149139886031, 2.0, 0.3433729508002426, 0.0685976082234913, 0.0625, 0.11257872542694314, 0.35494868874890084]",5.875,0.3272289070474526,0.055698537369779165,True,True,True
knn,2.0,0.0625,32.0,1.9375,7,4,12,"[0.4135940223248296, 1.4061110785730178, 0.1306045635569448, 0.8841149139886031, 2.0, 0.3433729508002426, 0.0685976082234913, 0.0625, 0.11257872542694314, 0.35494868874890084]",7.8125,4.440892147872969e-16,5.6843419492774e-17,True,True,True
iforest,2.0,0.0625,32.0,1.9375,0,5,12,"[0.44699288832372913, 0.12462330201790472, 2.0, 0.5981072754506032, 0.416353492416595, 1.3005416364778426, 0.4660883736836455, 0.18751523997609873, 0.0625, 1.516563743837191]",64.0,1.4045337301567404,0.02194583953369907,True,True,True
knn,2.0,0.0625,32.0,1.9375,1,5,12,"[0.44699288832372913, 0.12462330201790472, 2.0, 0.5981072754506032, 0.416353492416595, 1.3005416364778426, 0.4660883736836455, 0.18751523997609873, 0.0625, 1.516563743837191]",2.0,1.5165637438371908,0.7582818719185954,True,True,True
knn,2.0,0.0625,32.0,1.9375,3,5,12,"[0.44699288832372913, 0.12462330201790472, 2.0, 0.5981072754506032, 0.416353492416595, 1.3005416364778426, 0.4660883736836455, 0.18751523997609873, 0.0625, 1.516563743837191]",3.9375,1.2811991309407695,0.32538390627067165,True,True,True
knn,2.0,0.0625,32.0,1.9375,5,5,12,"[0.44699288832372913, 0.12462330201790472, 2.0, 0.5981072754506032, 0.416353492416595, 1.3005416364778426, 0.4660883736836455, 0.18751523997609873, 0.0625, 1.516563743837191]",5.875,0.7736268176320301,0.13168116044800512,True,True,True
knn,2.0,0.0625,32.0,1.9375,7,5,12,"[0.44699288832372913, 0.12462330201790472, 2.0, 0.5981072754506032, 0.416353492416595, 1.3005416364778426, 0.4660883736836455, 0.18751523997609873, 0.0625, 1.516563743837191]",7.8125,0.5560958262139996,0.07118026575539195,True,True,True
iforest,2.0,0.0625,32.0,1.9375,0,6,12,"[0.20865882791662985, 0.1703419035547762, 0.33339725500313666, 0.6933302109592323, 0.22151446972673322, 2.0, 0.06483581763638843, 0.7475916823183679, 0.5555566300431719, 0.0625]",64.0,0.2683172727741104,0.004192457387095475,True,True,True
knn,2.0,0.0625,32.0,1.9375,1,6,12,"[0.20865882791662985, 0.1703419035547762, 0.33339725500313666, 0.6933302109592323, 0.22151446972673322, 2.0, 0.06483581763638843, 0.7475916823183679, 0.5555566300431719, 0.0625]",2.0,0.5555566300431717,0.27777831502158584,True,True,True
knn,2.0,0.0625,32.0,1.9375,3,6,12,"[0.20865882791662985, 0.1703419035547762, 0.33339725500313666, 0.6933302109592323, 0.22151446972673322, 2.0, 0.06483581763638843, 0.7475916823183679, 0.5555566300431719, 0.0625]",3.9375,0.5989805089045886,0.1521220340075146,True,True,True
knn,2.0,0.0625,32.0,1.9375,5,6,12,"[0.20865882791662985, 0.1703419035547762, 0.33339725500313666, 0.6933302109592323, 0.22151446972673322, 2.0, 0.06483581763638843, 0.7475916823183679, 0.5555566300431719, 0.0625]",5.875,0.840277491820843,0.14302595605461157,True,True,True
knn,2.0,0.0625,32.0,1.9375,7,6,12,"[0.20865882791662985, 0.1703419035547762, 0.33339725500313666, 0.6933302109592323, 0.22151446972673322, 2.0, 0.06483581763638843, 0.7475916823183679, 0.5555566300431719, 0.0625]",7.8125,0.9920327907416792,0.12698019721493492,True,True,True
iforest,2.0,0.0625,32.0,1.9375,0,7,12,"[0.09148317587505556, 0.5251499643167424, 0.07806453224380501, 0.7242947760967026, 0.0625, 0.12295876210184752, 0.3207091162224393, 0.09269852742767051, 0.17010851854187925, 2.0]",64.0,1.979169203910909,0.030924518811107953,True,True,True
knn,2.0,0.0625,32.0,1.9375,1,7,12,"[0.09148317587505556, 0.5251499643167424, 0.07806453224380501, 0.7242947760967026, 0.0625, 0.12295876210184752, 0.3207091162224393, 0.09269852742767051, 0.17010851854187925, 2.0]",2.0,2.0000000000000004,1.0000000000000002,True,False,True
knn,2.0,0.0625,32.0,1.9375,3,7,12,"[0.09148317587505556, 0.5251499643167424, 0.07806453224380501, 0.7242947760967026, 0.0625, 0.12295876210184752, 0.3207091162224393, 0.09269852742767051, 0.17010851854187925, 2.0]",3.9375,1.9082664161481921,0.48463908981541387,True,True,True
knn,2.0,0.0625,32.0,1.9375,5,7,12,"[0.09148317587505556, 0.5251499643167424, 0.07806453224380501, 0.7242947760967026, 0.0625, 0.12295876210184752, 0.3207091162224393, 0.09269852742767051, 0.17010851854187925, 2.0]",5.875,1.7802200427924988,0.30301617749659554,True,True,True
knn,2.0,0.0625,32.0,1.9375,7,7,12,"[0.09148317587505556, 0.5251499643167424, 0.07806453224380501, 0.7242947760967026, 0.0625, 0.12295876210184752, 0.3207091162224393, 0.09269852742767051, 0.17010851854187925, 2.0]",7.8125,1.7253430256400586,0.2208439072819275,True,True,True
iforest,4.0,1.0,4.0,3.0,0,0,12,"[1.3032279260256205, 1.547636871617257, 3.870456282153885, 1.5374184398476047, 4.0, 1.103878635997709, 3.4900052099518764, 1.8368980782216087, 1.0, 1.8976944676320802]",16.0,1.8619992530455913,0.11637495331534946,True,True,True
knn,4.0,1.0,4.0,3.0,1,0,12,"[1.3032279260256205, 1.547636871617257, 3.870456282153885, 1.5374184398476047, 4.0, 1.103878635997709, 3.4900052099518764, 1.8368980782216087, 1.0, 1.8976944676320802]",4.0,1.8976944676320822,0.47442361690802054,True,True,True
knn,4.0,1.0,4.0,3.0,3,0,12,"[1.3032279260256205, 1.547636871617257, 3.870456282153885, 1.5374184398476047, 4.0, 1.103878635997709, 3.4900052099518764, 1.8368980782216087, 1.0, 1.8976944676320802]",7.0,2.2239583840347117,0.31770834057638736,True,True,True
knn,4.0,1.0,4.0,3.0,5,0,12,"[1.3032279260256205, 1.547636871617257, 3.870456282153885, 1.5374184398476047, 4.0, 1.103878635997709, 3.4900052099518764, 1.8368980782216087, 1.0, 1.8976944676320802]",10.0,1.5897804611234148,0.15897804611234148,True,True,True
knn,4.0,1.0,4.0,3.0,7,0,12,"[1.3032279260256205, 1.547636871617257, 3.870456282153885, 1.5374184398476047, 4.0, 1.103878635997709, 3.4900052099518764, 1.8368980782216087, 1.0, 1.8976944676320802]",13.0,1.5031308362549693,0.11562544894268995,True,True,True
iforest,4.0,1.0,4.0,3.0,0,1,12,"[2.710227940060488, 4.0, 1.2964344890905564, 3.635367439097066, 1.6858284697100483, 2.406863079665926, 1.0, 1.4410554373113234, 3.986068102369284, 1.0813378928070754]",16.0,1.25501446763387,0.07843840422711687,True,True,True
knn,4.0,1.0,4.0,3.0,1,1,12,"[2.710227940060488, 4.0, 1.2964344890905564, 3.635367439097066, 1.6858284697100483, 2.406863079665926, 1.0, 1.4410554373113234, 3.986068102369284, 1.0813378928070754]",4.0,2.7102279400604883,0.6775569850151221,True,True,True
knn,4.0,1.0,4.0,3.0,3,1,12,"[2.710227940060488, 4.0, 1.2964344890905564, 3.635367439097066, 1.6858284697100483, 2.406863079665926, 1.0, 1.4410554373113234, 3.986068102369284, 1.0813378928070754]",7.0,1.0789164801167135,0.15413092573095907,True,True,True
knn,4.0,1.0,4.0,3.0,5,1,12,"[2.710227940060488, 4.0, 1.2964344890905564, 3.635367439097066, 1.6858284697100483, 2.406863079665926, 1.0, 1.4410554373113234, 3.986068102369284, 1.0813378928070754]",10.0,0.20236861751845495,0.020236861751845494,True,True,True
knn,4.0,1.0,4.0,3.0,7,1,12,"[2.710227940060488, 4.0, 1.2964344890905564, 3.635367439097066, 1.6858284697100483, 2.406863079665926, 1.0, 1.4410554373113234, 3.986068102369284, 1.0813378928070754]",13.0,8.881784205273058e-16,6.832141696363891e-17,True,True,True
iforest,4.0,1.0,4.0,3.0,0,2,12,"[2.313977489222761, 1.6115009893504408, 1.2567604814523357, 4.0, 2.1571837344654066, 2.998497880232902, 1.090383932155345, 1.0, 1.9260278542095857, 3.8775676543221707]",16.0,3.7649074406987912,0.23530671504367445,True,True,True
knn,4.0,1.0,4.0,3.0,1,2,12,"[2.313977489222761, 1.6115009893504408, 1.2567604814523357, 4.0, 2.1571837344654066, 2.998497880232902, 1.090383932155345, 1.0, 1.9260278542095857, 3.8775676543221707]",4.0,3.877567654322171,0.9693919135805428,True,False,True
knn,4.0,1.0,4.0,3.0,3,2,12,"[2.313977489222761, 1.6115009893504408, 1.2567604814523357, 4.0, 2.1571837344654066, 2.998497880232902, 1.090383932155345, 1.0, 1.9260278542095857, 3.8775676543221707]",7.0,3.4151009011965754,0.4878715573137965,True,True,True
knn,4.0,1.0,4.0,3.0,5,2,12,"[2.313977489222761, 1.6115009893504408, 1.2567604814523357, 4.0, 2.1571837344654066, 2.998497880232902, 1.090383932155345, 1.0, 1.9260278542095857, 3.8775676543221707]",10.0,2.9334563090291517,0.29334563090291516,True,True,True
knn,4.0,1.0,4.0,3.0,7,2,12,"[2.313977489222761, 1.6115009893504408, 1.2567604814523357, 4.0, 2.1571837344654066, 2.998497880232902, 1.090383932155345, 1.0, 1.9260278542095857, 3.8775676543221707]",13.0,2.727037198100258,0.20977209216155832,True,True,True
iforest,4.0,1.0,4.0,3.0,0,3,12,"[1.2474420184600596, 3.0256640031363604, 4.0, 2.404462491755887, 1.0, 2.3317484259722687, 1.2425347625030494, 1.4213060919034488, 1.0045582693996349, 2.605411178132903]",16.0,2.2833945259532515,0.14271215787207822,True,True,True
knn,4.0,1.0,4.0,3.0,1,3,12,"[1.2474420184600596, 3.0256640031363604, 4.0, 2.404462491755887, 1.0, 2.3317484259722687, 1.2425347625030494, 1.4213060919034488, 1.0045582693996349, 2.605411178132903]",4.0,3.025664003136361,0.7564160007840902,True,True,True
knn,4.0,1.0,4.0,3.0,3,3,12,"[1.2474420184600596, 3.0256640031363604, 4.0, 2.404462491755887, 1.0, 2.3317484259722687, 1.2425347625030494, 1.4213060919034488, 1.0045582693996349, 2.605411178132903]",7.0,1.9260739948921004,0.27515342784172864,True,True,True
knn,4.0,1.0,4.0,3.0,5,3,12,"[1.2474420184600596, 3.0256640031363604, 4.0, 2.404462491755887, 1.0, 2.3317484259722687, 1.2425347625030494, 1.4213060919034488, 1.0045582693996349, 2.605411178132903]",10.0,0.33096052398931286,0.033096052398931285,True,True,True
knn,4.0,1.0,4.0,3.0,7,3,12,"[1.2474420184600596, 3.0256640031363604, 4.0, 2.404462491755887, 1.0, 2.3317484259722687, 1.2425347625030494, 1.4213060919034488, 1.0045582693996349, 2.605411178132903]",13.0,8.881784205273058e-16,6.832141696363891e-17,True,True,True
iforest,4.0,1.0,4.0,3.0,0,4,12,"[2.1295002449790807, 3.4742082325379284, 1.3428618439109932, 2.8857019952144447, 4.0, 1.976762188610309, 1.0379384068973756, 1.0, 1.2654078492577088, 2.003153469202599]",16.0,1.615100610934603,0.1009437881834127,True,True,True
knn,4.0,1.0,4.0,3.0,1,4,12,"[2.1295002449790807, 3.4742082325379284, 1.3428618439109932, 2.8857019952144447, 4.0, 1.976762188610309, 1.0379384068973756, 1.0, 1.2654078492577088, 2.003153469202599]",4.0,2.8857019952144456,0.7214254988036114,True,True,True
knn,4.0,1.0,4.0,3.0,3,4,12,"[2.1295002449790807, 3.4742082325379284, 1.3428618439109932, 2.8857019952144447, 4.0, 1.976762188610309, 1.0379384068973756, 1.0, 1.2654078492577088, 2.003153469202599]",7.0,1.1270190372812647,0.16100271961160925,True,True,True
knn,4.0,1.0,4.0,3.0,5,4,12,"[2.1295002449790807, 3.4742082325379284, 1.3428618439109932, 2.8857019952144447, 4.0, 1.976762188610309, 1.0379384068973756, 1.0, 1.2654078492577088, 2.003153469202599]",10.0,4.440892102636529e-16,4.440892102636529e-17,True,True,True
knn,4.0,1.0,4.0,3.0,7,4,12,"[2.1295002449790807, 3.4742082325379284, 1.3428618439109932, 2.8857019952144447, 4.0, 1.976762188610309, 1.0379384068973756, 1.0, 1.2654078492577088, 2.003153469202599]",13.0,4.440892102636529e-16,3.4160708481819456e-17,True,True,True
iforest,4.0,1.0,4.0,3.0,0,5,12,"[2.196687296397027, 1.317915891358579, 4.0, 2.468082241445867, 2.1351720600733297, 3.3674231816332636, 2.2337537828789418, 1.5518960262093278, 1.0, 3.5809005577052777]",16.0,3.36698231861765,0.21043639491360314,True,True,True
knn,4.0,1.0,4.0,3.0,1,5,12,"[2.196687296397027, 1.317915891358579, 4.0, 2.468082241445867, 2.1351720600733297, 3.3674231816332636, 2.2337537828789418, 1.5518960262093278, 1.0, 3.5809005577052777]",4.0,3.5809005577052777,0.8952251394263194,True,True,True
knn,4.0,1.0,4.0,3.0,3,5,12,"[2.196687296397027, 1.317915891358579, 4.0, 2.468082241445867, 2.1351720600733297, 3.3674231816332636, 2.2337537828789418, 1.5518960262093278, 1.0, 3.5809005577052777]",7.0,2.861102405057509,0.40872891500821557,True,True,True
knn,4.0,1.0,4.0,3.0,5,5,12,"[2.196687296397027, 1.317915891358579, 4.0, 2.468082241445867, 2.1351720600733297, 3.3674231816332636, 2.2337537828789418, 1.5518960262093278, 1.0, 3.5809005577052777]",10.0,2.2373085026871626,0.22373085026871625,True,True,True
knn,4.0,1.0,4.0,3.0,7,5,12,"[2.196687296397027, 1.317915891358579, 4.0, 2.468082241445867, 2.1351720600733297, 3.3674231816332636, 2.2337537828789418, 1.5518960262093278, 1.0, 3.5809005577052777]",13.0,1.9699682588141565,0.15153601990878127,True,True,True
iforest,4.0,1.0,4.0,3.0,0,6,12,"[1.6196556803106528, 1.493401528579583, 1.9535871994770684, 2.6183279565933297, 1.6588565549062297, 4.0, 1.0147848850138246, 2.698446284453634, 2.3962897330003954, 1.0]",16.0,1.3262072935996159,0.08288795584997599,True,True,True
knn,4.0,1.0,4.0,3.0,1,6,12,"[1.6196556803106528, 1.493401528579583, 1.9535871994770684, 2.6183279565933297, 1.6588565549062297, 4.0, 1.0147848850138246, 2.698446284453634, 2.3962897330003954, 1.0]",4.0,2.3962897330003945,0.5990724332500986,True,True,True
knn,4.0,1.0,4.0,3.0,3,6,12,"[1.6196556803106528, 1.493401528579583, 1.9535871994770684, 2.6183279565933297, 1.6588565549062297, 4.0, 1.0147848850138246, 2.698446284453634, 2.3962897330003954, 1.0]",7.0,1.9194376204178445,0.27420537434540637,True,True,True
knn,4.0,1.0,4.0,3.0,5,6,12,"[1.6196556803106528, 1.493401528579583, 1.9535871994770684, 2.6183279565933297, 1.6588565549062297, 4.0, 1.0147848850138246, 2.698446284453634, 2.3962897330003954, 1.0]",10.0,2.2451475785722605,0.22451475785722605,True,True,True
knn,4.0,1.0,4.0,3.0,7,6,12,"[1.6196556803106528, 1.493401528579583, 1.9535871994770684, 2.6183279565933297, 1.6588565549062297, 4.0, 1.0147848850138246, 2.698446284453634, 2.3962897330003954, 1.0]",13.0,2.384737560638439,0.18344135081834148,True,True,True
iforest,4.0,1.0,4.0,3.0,0,7,12,"[1.1646206496417273, 2.3429408752006005, 1.0930234959778045, 2.6644902428305985, 1.0, 1.3108463404012871, 1.9235014368861427, 1.1707849392816614, 1.4925827496611221, 4.0]",16.0,3.935028093693852,0.24593925585586576,True,True,True
knn,4.0,1.0,4.0,3.0,1,7,12,"[1.1646206496417273, 2.3429408752006005, 1.0930234959778045, 2.6644902428305985, 1.0, 1.3108463404012871, 1.9235014368861427, 1.1707849392816614, 1.4925827496611221, 4.0]",4.0,4.000000000000001,1.0000000000000002,True,False,True
knn,4.0,1.0,4.0,3.0,3,7,12,"[1.1646206496417273, 2.3429408752006005, 1.0930234959778045, 2.6644902428305985, 1.0, 1.3108463404012871, 1.9235014368861427, 1.1707849392816614, 1.4925827496611221, 4.0]",7.0,3.827922754706619,0.5468461078152312,True,True,True
knn,4.0,1.0,4.0,3.0,5,7,12,"[1.1646206496417273, 2.3429408752006005, 1.0930234959778045, 2.6644902428305985, 1.0, 1.3108463404012871, 1.9235014368861427, 1.1707849392816614, 1.4925827496611221, 4.0]",10.0,3.6205385143416273,0.36205385143416274,True,True,True
knn,4.0,1.0,4.0,3.0,7,7,12,"[1.1646206496417273, 2.3429408752006005, 1.0930234959778045, 2.6644902428305985, 1.0, 1.3108463404012871, 1.9235014368861427, 1.1707849392816614, 1.4925827496611221, 4.0]",13.0,3.5316595541852025,0.27166611955270786,True,True,True
iforest,4.0,0.5,8.0,3.5,0,0,12,"[0.7438760405232778, 0.9626615067525081, 3.8072662926892824, 0.9531431540428599, 4.0, 0.5798985151769972, 3.259936325048725, 1.2447943087139062, 0.5, 1.3071018868505972]",32.0,1.2746302537853966,0.039832195430793645,True,True,True
knn,4.0,0.5,8.0,3.5,1,0,12,"[0.7438760405232778, 0.9626615067525081, 3.8072662926892824, 0.9531431540428599, 4.0, 0.5798985151769972, 3.259936325048725, 1.2447943087139062, 0.5, 1.3071018868505972]",4.0,1.3071018868505961,0.32677547171264903,True,True,True
knn,4.0,0.5,8.0,3.5,3,0,12,"[0.7438760405232778, 0.9626615067525081, 3.8072662926892824, 0.9531431540428599, 4.0, 0.5798985151769972, 3.259936325048725, 1.2447943087139062, 0.5, 1.3071018868505972]",7.5,2.360876027140266,0.3147834702853688,True,True,True
knn,4.0,0.5,8.0,3.5,5,0,12,"[0.7438760405232778, 0.9626615067525081, 3.8072662926892824, 0.9531431540428599, 4.0, 0.5798985151769972, 3.259936325048725, 1.2447943087139062, 0.5, 1.3071018868505972]",11.0,1.117071529532919,0.10155195723026536,True,True,True
knn,4.0,0.5,8.0,3.5,7,0,12,"[0.7438760405232778, 0.9626615067525081, 3.8072662926892824, 0.9531431540428599, 4.0, 0.5798985151769972, 3.259936325048725, 1.2447943087139062, 0.5, 1.3071018868505972]",14.5,0.8801874037610807,0.06070257956972971,True,True,True
iforest,4.0,0.5,8.0,3.5,0,1,12,"[2.230892952732956, 4.0, 0.7380671369439619, 3.4657120305119085, 1.0944352688563155, 1.8670118822131958, 0.5, 0.8649500676132972, 3.979120360796921, 0.5622275687758689]",32.0,0.8878308852926923,0.027744715165396634,True,True,True
knn,4.0,0.5,8.0,3.5,1,1,12,"[2.230892952732956, 4.0, 0.7380671369439619, 3.4657120305119085, 1.0944352688563155, 1.8670118822131958, 0.5, 0.8649500676132972, 3.979120360796921, 0.5622275687758689]",4.0,2.2308929527329564,0.5577232381832391,True,True,True
knn,4.0,0.5,8.0,3.5,3,1,12,"[2.230892952732956, 4.0, 0.7380671369439619, 3.4657120305119085, 1.0944352688563155, 1.8670118822131958, 0.5, 0.8649500676132972, 3.979120360796921, 0.5622275687758689]",7.5,0.6826958633562755,0.09102611511417007,True,True,True
knn,4.0,0.5,8.0,3.5,5,1,12,"[2.230892952732956, 4.0, 0.7380671369439619, 3.4657120305119085, 1.0944352688563155, 1.8670118822131958, 0.5, 0.8649500676132972, 3.979120360796921, 0.5622275687758689]",11.0,4.44089218535459e-16,4.0371747139587186e-17,True,True,True
knn,4.0,0.5,8.0,3.5,7,1,12,"[2.230892952732956, 4.0, 0.7380671369439619, 3.4657120305119085, 1.0944352688563155, 1.8670118822131958, 0.5, 0.8649500676132972, 3.979120360796921, 0.5622275687758689]",14.5,8.881784313840514e-16,6.125368492303803e-17,True,True,True
iforest,4.0,0.5,8.0,3.5,0,2,12,"[1.7599839160603474, 1.022859231359322, 0.7044477369188064, 4.0, 1.5841660793132397, 2.596125144815499, 0.5692973589102277, 0.5, 1.3364842642216925, 3.8177640163153264]",32.0,3.717207731605572,0.11616274161267412,True,True,True
knn,4.0,0.5,8.0,3.5,1,2,12,"[1.7599839160603474, 1.022859231359322, 0.7044477369188064, 4.0, 1.5841660793132397, 2.596125144815499, 0.5692973589102277, 0.5, 1.3364842642216925, 3.8177640163153264]",4.0,3.817764016315325,0.9544410040788313,True,False,True
knn,4.0,0.5,8.0,3.5,3,2,12,"[1.7599839160603474, 1.022859231359322, 0.7044477369188064, 4.0, 1.5841660793132397, 2.596125144815499, 0.5692973589102277, 0.5, 1.3364842642216925, 3.8177640163153264]",7.5,3.3611445046364476,0.448152600618193,True,True,True
knn,4.0,0.5,8.0,3.5,5,2,12,"[1.7599839160603474, 1.022859231359322, 0.7044477369188064, 4.0, 1.5841660793132397, 2.596125144815499, 0.5692973589102277, 0.5, 1.3364842642216925, 3.8177640163153264]",11.0,2.830413633788477,0.257310330344407,True,True,True
knn,4.0,0.5,8.0,3.5,7,2,12,"[1.7599839160603474, 1.022859231359322, 0.7044477369188064, 4.0, 1.5841660793132397, 2.596125144815499, 0.5692973589102277, 0.5, 1.3364842642216925, 3.8177640163153264]",14.5,2.602957546282203,0.17951431353670366,True,True,True
iforest,4.0,0.5,8.0,3.5,0,3,12,"[0.6966274079547137, 2.6314859280243517, 4.0, 1.8642193624948136, 0.5, 1.780297339141078, 0.6925208065173731, 0.8472302049033649, 0.5034225949362933, 2.1027343651540775]",32.0,1.7436313688444098,0.05448848027638781,True,True,True
knn,4.0,0.5,8.0,3.5,1,3,12,"[0.6966274079547137, 2.6314859280243517, 4.0, 1.8642193624948136, 0.5, 1.780297339141078, 0.6925208065173731, 0.8472302049033649, 0.5034225949362933, 2.1027343651540775]",4.0,2.6314859280243517,0.6578714820060879,True,True,True
knn,4.0,0.5,8.0,3.5,3,3,12,"[0.6966274079547137, 2.6314859280243517, 4.0, 1.8642193624948136, 0.5, 1.780297339141078, 0.6925208065173731, 0.8472302049033649, 0.5034225949362933, 2.1027343651540775]",7.5,1.9782861733565462,0.26377148978087284,True,True,True
knn,4.0,0.5,8.0,3.5,5,3,12,"[0.6966274079547137, 2.6314859280243517, 4.0, 1.8642193624948136, 0.5, 1.780297339141078, 0.6925208065173731, 0.8472302049033649, 0.5034225949362933, 2.1027343651540775]",11.0,6.106226726428228e-16,5.551115205843844e-17,True,True,True
knn,4.0,0.5,8.0,3.5,7,3,12,"[0.6966274079547137, 2.6314859280243517, 4.0, 1.8642193624948136, 0.5, 1.780297339141078, 0.6925208065173731, 0.8472302049033649, 0.5034225949362933, 2.1027343651540775]",14.5,6.10622676261738e-16,4.211190870770607e-17,True,True,True
iforest,4.0,0.5,8.0,3.5,0,4,12,"[1.553769334565698, 3.2378279814180186, 0.7780670164940751, 2.4510220818498683, 4.0, 1.3896378746161209, 0.5287219955838769, 0.5, 0.7117308494204908, 1.4175596396623422]",32.0,1.070491190378784,0.033452849699337,True,True,True
knn,4.0,0.5,8.0,3.5,1,4,12,"[1.553769334565698, 3.2378279814180186, 0.7780670164940751, 2.4510220818498683, 4.0, 1.3896378746161209, 0.5287219955838769, 0.5, 0.7117308494204908, 1.4175596396623422]",4.0,2.451022081849868,0.612755520462467,True,True,True
knn,4.0,0.5,8.0,3.5,3,4,12,"[1.553769334565698, 3.2378279814180186, 0.7780670164940751, 2.4510220818498683, 4.0, 1.3896378746161209, 0.5287219955838769, 0.5, 0.7117308494204908, 1.4175596396623422]",7.5,1.1115815098814654,0.1482108679841954,True,True,True
knn,4.0,0.5,8.0,3.5,5,4,12,"[1.553769334565698, 3.2378279814180186, 0.7780670164940751, 2.4510220818498683, 4.0, 1.3896378746161209, 0.5287219955838769, 0.5, 0.7117308494204908, 1.4175596396623422]",11.0,0.21047830553101268,0.019134391411910243,True,True,True
knn,4.0,0.5,8.0,3.5,7,4,12,"[1.553769334565698, 3.2378279814180186, 0.7780670164940751, 2.4510220818498683, 4.0, 1.3896378746161209, 0.5287219955838769, 0.5, 0.7117308494204908, 1.4175596396623422]",14.5,4.4408922318835e-16,3.0626842978506896e-17,True,True,True
iforest,4.0,0.5,8.0,3.5,0,5,12,"[1.6278799046432506, 0.7564871344828317, 4.0, 1.938694798436591, 1.5599810439718695, 3.089701688985951, 1.6692560379969335, 0.966638160336681, 0.5, 3.3881169709086576]",32.0,3.1808944295267843,0.09940295092271201,True,True,True
knn,4.0,0.5,8.0,3.5,1,5,12,"[1.6278799046432506, 0.7564871344828317, 4.0, 1.938694798436591, 1.5599810439718695, 3.089701688985951, 1.6692560379969335, 0.966638160336681, 0.5, 3.3881169709086576]",4.0,3.388116970908659,0.8470292427271647,True,True,True
knn,4.0,0.5,8.0,3.5,3,5,12,"[1.6278799046432506, 0.7564871344828317, 4.0, 1.938694798436591, 1.5599810439718695, 3.089701688985951, 1.6692560379969335, 0.966638160336681, 0.5, 3.3881169709086576]",7.5,2.706247376431108,0.3608329835241477,True,True,True
knn,4.0,0.5,8.0,3.5,5,5,12,"[1.6278799046432506, 0.7564871344828317, 4.0, 1.938694798436591, 1.5599810439718695, 3.089701688985951, 1.6692560379969335, 0.966638160336681, 0.5, 3.3881169709086576]",11.0,1.9098074560150116,0.17361885963772833,True,True,True
knn,4.0,0.5,8.0,3.5,7,5,12,"[1.6278799046432506, 0.7564871344828317, 4.0, 1.938694798436591, 1.5599810439718695, 3.089701688985951, 1.6692560379969335, 0.966638160336681, 0.5, 3.3881169709086576]",14.5,1.568476061550971,0.1081707628655842,True,True,True
iforest,4.0,0.5,8.0,3.5,0,6,12,"[1.0306330188727952, 0.9125042410625802, 1.3652720701379688, 2.118390736235547, 1.0682754651525845, 4.0, 0.5111295494749523, 2.2163618720162472, 1.8547227320381137, 0.5]",32.0,0.870694085622412,0.027209190175700376,True,True,True
knn,4.0,0.5,8.0,3.5,1,6,12,"[1.0306330188727952, 0.9125042410625802, 1.3652720701379688, 2.118390736235547, 1.0682754651525845, 4.0, 0.5111295494749523, 2.2163618720162472, 1.8547227320381137, 0.5]",4.0,1.8547227320381146,0.46368068300952864,True,True,True
knn,4.0,0.5,8.0,3.5,3,6,12,"[1.0306330188727952, 0.9125042410625802, 1.3652720701379688, 2.118390736235547, 1.0682754651525845, 4.0, 0.5111295494749523, 2.2163618720162472, 1.8547227320381137, 0.5]",7.5,1.7603904625775155,0.23471872834366875,True,True,True
knn,4.0,0.5,8.0,3.5,5,6,12,"[1.0306330188727952, 0.9125042410625802, 1.3652720701379688, 2.118390736235547, 1.0682754651525845, 4.0, 0.5111295494749523, 2.2163618720162472, 1.8547227320381137, 0.5]",11.0,1.9762511935921405,0.17965919941746733,True,True,True
knn,4.0,0.5,8.0,3.5,7,6,12,"[1.0306330188727952, 0.9125042410625802, 1.3652720701379688, 2.118390736235547, 1.0682754651525845, 4.0, 0.5111295494749523, 2.2163618720162472, 1.8547227320381137, 0.5]",14.5,2.1872106969481573,0.15084211703090739,True,True,True
iforest,4.0,0.5,8.0,3.5,0,7,12,"[0.6284152760176359, 1.793130914656238, 0.5713658125818751, 2.1746591958310324, 0.5, 0.7504083937966758, 1.333855478648849, 0.6334111368705923, 0.9117539035232769, 4.0]",32.0,3.924876764925754,0.12265239890392982,True,True,True
knn,4.0,0.5,8.0,3.5,1,7,12,"[0.6284152760176359, 1.793130914656238, 0.5713658125818751, 2.1746591958310324, 0.5, 0.7504083937966758, 1.333855478648849, 0.6334111368705923, 0.9117539035232769, 4.0]",4.0,4.000000000000001,1.0000000000000002,True,False,True
knn,4.0,0.5,8.0,3.5,3,7,12,"[0.6284152760176359, 1.793130914656238, 0.5713658125818751, 2.1746591958310324, 0.5, 0.7504083937966758, 1.333855478648849, 0.6334111368705923, 0.9117539035232769, 4.0]",7.5,3.802319159075213,0.506975887876695,True,True,True
knn,4.0,0.5,8.0,3.5,5,7,12,"[0.6284152760176359, 1.793130914656238, 0.5713658125818751, 2.1746591958310324, 0.5, 0.7504083937966758, 1.333855478648849, 0.6334111368705923, 0.9117539035232769, 4.0]",11.0,3.550984741353044,0.32281679466845853,True,True,True
knn,4.0,0.5,8.0,3.5,7,7,12,"[0.6284152760176359, 1.793130914656238, 0.5713658125818751, 2.1746591958310324, 0.5, 0.7504083937966758, 1.333855478648849, 0.6334111368705923, 0.9117539035232769, 4.0]",14.5,3.4432699909006863,0.23746689592418527,True,True,True
iforest,4.0,0.25,16.0,3.75,0,0,12,"[0.42460075679326004, 0.5987949715973124, 3.7451079580161184, 0.5909138647958608, 4.0, 0.30463701075304067, 3.04503409137281, 0.8435486374435597, 0.25, 0.900311073120351]",64.0,0.8569442967697047,0.013389754637026637,True,True,True
knn,4.0,0.25,16.0,3.75,1,0,12,"[0.42460075679326004, 0.5987949715973124, 3.7451079580161184, 0.5909138647958608, 4.0, 0.30463701075304067, 3.04503409137281, 0.8435486374435597, 0.25, 0.900311073120351]",4.0,0.9003110731203511,0.22507776828008777,True,True,True
knn,4.0,0.25,16.0,3.75,3,0,12,"[0.42460075679326004, 0.5987949715973124, 3.7451079580161184, 0.5909138647958608, 4.0, 0.30463701075304067, 3.04503409137281, 0.8435486374435597, 0.25, 0.900311073120351]",7.75,2.4825181301216896,0.3203249200157019,True,True,True
knn,4.0,0.25,16.0,3.75,5,0,12,"[0.42460075679326004, 0.5987949715973124, 3.7451079580161184, 0.5909138647958608, 4.0, 0.30463701075304067, 3.04503409137281, 0.8435486374435597, 0.25, 0.900311073120351]",11.5,1.3180943539954197,0.1146169003474278,True,True,True
knn,4.0,0.25,16.0,3.75,7,0,12,"[0.42460075679326004, 0.5987949715973124, 3.7451079580161184, 0.5909138647958608, 4.0, 0.30463701075304067, 3.04503409137281, 0.8435486374435597, 0.25, 0.900311073120351]",15.25,0.4436417322364657,0.029091261130260046,True,True,True
iforest,4.0,0.25,16.0,3.75,0,1,12,"[1.8363338717711288, 4.0, 0.420185596125873, 3.30397410431179, 0.7105044073212308, 1.4482474710647364, 0.25, 0.5191601933511324, 3.9721847291814667, 0.2923229096051115]",64.0,0.747967341362703,0.011686989708792235,True,True,True
knn,4.0,0.25,16.0,3.75,1,1,12,"[1.8363338717711288, 4.0, 0.420185596125873, 3.30397410431179, 0.7105044073212308, 1.4482474710647364, 0.25, 0.5191601933511324, 3.9721847291814667, 0.2923229096051115]",4.0,1.836333871771129,0.45908346794278226,True,True,True
knn,4.0,0.25,16.0,3.75,3,1,12,"[1.8363338717711288, 4.0, 0.420185596125873, 3.30397410431179, 0.7105044073212308, 1.4482474710647364, 0.25, 0.5191601933511324, 3.9721847291814667, 0.2923229096051115]",7.75,0.5559435456623806,0.07173465105321039,True,True,True
knn,4.0,0.25,16.0,3.75,5,1,12,"[1.8363338717711288, 4.0, 0.420185596125873, 3.30397410431179, 0.7105044073212308, 1.4482474710647364, 0.25, 0.5191601933511324, 3.9721847291814667, 0.2923229096051115]",11.5,4.440892133655802e-16,3.861645333613741e-17,True,True,True
knn,4.0,0.25,16.0,3.75,7,1,12,"[1.8363338717711288, 4.0, 0.420185596125873, 3.30397410431179, 0.7105044073212308, 1.4482474710647364, 0.25, 0.5191601933511324, 3.9721847291814667, 0.2923229096051115]",15.25,8.881784205273058e-16,5.824120790342989e-17,True,True,True
iforest,4.0,0.25,16.0,3.75,0,2,12,"[1.3386229551574182, 0.6492338596693624, 0.3948617269350766, 4.0, 1.1633604160605293, 2.2477473844403018, 0.29723427987563805, 0.25, 0.9273958237977953, 3.758882728461385]",64.0,3.6632576978492826,0.05723840152889504,True,True,True
knn,4.0,0.25,16.0,3.75,1,2,12,"[1.3386229551574182, 0.6492338596693624, 0.3948617269350766, 4.0, 1.1633604160605293, 2.2477473844403018, 0.29723427987563805, 0.25, 0.9273958237977953, 3.758882728461385]",4.0,3.7588827284613857,0.9397206821153464,True,False,True
knn,4.0,0.25,16.0,3.75,3,2,12,"[1.3386229551574182, 0.6492338596693624, 0.3948617269350766, 4.0, 1.1633604160605293, 2.2477473844403018, 0.29723427987563805, 0.25, 0.9273958237977953, 3.758882728461385]",7.75,3.3516533543318494,0.43247140055894834,True,True,True
knn,4.0,0.25,16.0,3.75,5,2,12,"[1.3386229551574182, 0.6492338596693624, 0.3948617269350766, 4.0, 1.1633604160605293, 2.2477473844403018, 0.29723427987563805, 0.25, 0.9273958237977953, 3.758882728461385]",11.5,2.800859205636356,0.2435529744031614,True,True,True
knn,4.0,0.25,16.0,3.75,7,2,12,"[1.3386229551574182, 0.6492338596693624, 0.3948617269350766, 4.0, 1.1633604160605293, 2.2477473844403018, 0.29723427987563805, 0.25, 0.9273958237977953, 3.758882728461385]",15.25,2.564804570481143,0.16818390626105856,True,True,True
iforest,4.0,0.25,16.0,3.75,0,3,12,"[0.389027897354927, 2.2886606649687864, 4.0, 1.4453599685652323, 0.25, 1.3592626805060384, 0.3859731590071273, 0.5050277517204638, 0.2522843291547973, 1.6970418517849701]",64.0,1.3351664424649572,0.020861975663514956,True,True,True
knn,4.0,0.25,16.0,3.75,1,3,12,"[0.389027897354927, 2.2886606649687864, 4.0, 1.4453599685652323, 0.25, 1.3592626805060384, 0.3859731590071273, 0.5050277517204638, 0.2522843291547973, 1.6970418517849701]",4.0,2.288660664968787,0.5721651662421967,True,True,True
knn,4.0,0.25,16.0,3.75,3,3,12,"[0.389027897354927, 2.2886606649687864, 4.0, 1.4453599685652323, 0.25, 1.3592626805060384, 0.3859731590071273, 0.5050277517204638, 0.2522843291547973, 1.6970418517849701]",7.75,1.9665442558712865,0.25374764591887566,True,True,True
knn,4.0,0.25,16.0,3.75,5,3,12,"[0.389027897354927, 2.2886606649687864, 4.0, 1.4453599685652323, 0.25, 1.3592626805060384, 0.3859731590071273, 0.5050277517204638, 0.2522843291547973, 1.6970418517849701]",11.5,8.881784267311604e-16,7.723290667227482e-17,True,True,True
knn,4.0,0.25,16.0,3.75,7,3,12,"[0.389027897354927, 2.2886606649687864, 4.0, 1.4453599685652323, 0.25, 1.3592626805060384, 0.3859731590071273, 0.5050277517204638, 0.2522843291547973, 1.6970418517849701]",15.25,8.881784205273058e-16,5.824120790342989e-17,True,True,True
iforest,4.0,0.25,16.0,3.75,0,4,12,"[1.1336928233414914, 3.017530710758579, 0.4508194829580081, 2.0818190012961564, 4.0, 0.9768971875798548, 0.2693290341281655, 0.25, 0.400314256240755, 1.003155955294602]",64.0,0.7500985020133198,0.011720289093958123,True,True,True
knn,4.0,0.25,16.0,3.75,1,4,12,"[1.1336928233414914, 3.017530710758579, 0.4508194829580081, 2.0818190012961564, 4.0, 0.9768971875798548, 0.2693290341281655, 0.25, 0.400314256240755, 1.003155955294602]",4.0,2.081819001296157,0.5204547503240392,True,True,True
knn,4.0,0.25,16.0,3.75,3,4,12,"[1.1336928233414914, 3.017530710758579, 0.4508194829580081, 2.0818190012961564, 4.0, 0.9768971875798548, 0.2693290341281655, 0.25, 0.400314256240755, 1.003155955294602]",7.75,1.1098470427029201,0.14320607002618324,True,True,True
knn,4.0,0.25,16.0,3.75,5,4,12,"[1.1336928233414914, 3.017530710758579, 0.4508194829580081, 2.0818190012961564, 4.0, 0.9768971875798548, 0.2693290341281655, 0.25, 0.400314256240755, 1.003155955294602]",11.5,0.45335190039686474,0.039421904382336066,True,True,True
knn,4.0,0.25,16.0,3.75,7,4,12,"[1.1336928233414914, 3.017530710758579, 0.4508194829580081, 2.0818190012961564, 4.0, 0.9768971875798548, 0.2693290341281655, 0.25, 0.400314256240755, 1.003155955294602]",15.25,1.3322676307909588e-15,8.736181185514484e-17,True,True,True
iforest,4.0,0.25,16.0,3.75,0,5,12,"[1.2063587695380202, 0.4342255741738694, 4.0, 1.5228574876351142, 1.1397399315294465, 2.8348847210502734, 1.2474139906314954, 0.6020953190410757, 0.25, 3.2057122010434926]",64.0,2.9967083086905055,0.04682356732328915,True,True,True
knn,4.0,0.25,16.0,3.75,1,5,12,"[1.2063587695380202, 0.4342255741738694, 4.0, 1.5228574876351142, 1.1397399315294465, 2.8348847210502734, 1.2474139906314954, 0.6020953190410757, 0.25, 3.2057122010434926]",4.0,3.2057122010434917,0.8014280502608729,True,True,True
knn,4.0,0.25,16.0,3.75,3,5,12,"[1.2063587695380202, 0.4342255741738694, 4.0, 1.5228574876351142, 1.1397399315294465, 2.8348847210502734, 1.2474139906314954, 0.6020953190410757, 0.25, 3.2057122010434926]",7.75,2.624096269640547,0.33859306705039316,True,True,True
knn,4.0,0.25,16.0,3.75,5,5,12,"[1.2063587695380202, 0.4342255741738694, 4.0, 1.5228574876351142, 1.1397399315294465, 2.8348847210502734, 1.2474139906314954, 0.6020953190410757, 0.25, 3.2057122010434926]",11.5,1.7027180752690299,0.14806244132774174,True,True,True
knn,4.0,0.25,16.0,3.75,7,5,12,"[1.2063587695380202, 0.4342255741738694, 4.0, 1.5228574876351142, 1.1397399315294465, 2.8348847210502734, 1.2474139906314954, 0.6020953190410757, 0.25, 3.2057122010434926]",15.25,1.3078417062526657,0.08576011188542071,True,True,True
iforest,4.0,0.25,16.0,3.75,0,6,12,"[0.6558211306906409, 0.5575620313909588, 0.9541257364901637, 1.7139103220695506, 0.6879512674388413, 4.0, 0.25744709071313027, 1.820403087520406, 1.4355511211207765, 0.25]",64.0,0.6105855293099436,0.009540398895467869,True,True,True
knn,4.0,0.25,16.0,3.75,1,6,12,"[0.6558211306906409, 0.5575620313909588, 0.9541257364901637, 1.7139103220695506, 0.6879512674388413, 4.0, 0.25744709071313027, 1.820403087520406, 1.4355511211207765, 0.25]",4.0,1.435551121120776,0.358887780280194,True,True,True
knn,4.0,0.25,16.0,3.75,3,6,12,"[0.6558211306906409, 0.5575620313909588, 0.9541257364901637, 1.7139103220695506, 0.6879512674388413, 4.0, 0.25744709071313027, 1.820403087520406, 1.4355511211207765, 0.25]",7.75,1.525531963391183,0.1968428339859591,True,True,True
knn,4.0,0.25,16.0,3.75,5,6,12,"[0.6558211306906409, 0.5575620313909588, 0.9541257364901637, 1.7139103220695506, 0.6879512674388413, 4.0, 0.25744709071313027, 1.820403087520406, 1.4355511211207765, 0.25]",11.5,1.8100351032970527,0.15739435680843936,True,True,True
knn,4.0,0.25,16.0,3.75,7,6,12,"[0.6558211306906409, 0.5575620313909588, 0.9541257364901637, 1.7139103220695506, 0.6879512674388413, 4.0, 0.25744709071313027, 1.820403087520406, 1.4355511211207765, 0.25]",15.25,2.075435713711545,0.1360941451614128,True,True,True
iforest,4.0,0.25,16.0,3.75,0,7,12,"[0.33908531439297973, 1.372342986171439, 0.2986750906898854, 1.7748770635348654, 0.25, 0.4295795320358618, 0.924964444425764, 0.34268434351219085, 0.556950816146489, 4.0]",64.0,3.9377957504547165,0.061528058600854946,True,True,True
knn,4.0,0.25,16.0,3.75,1,7,12,"[0.33908531439297973, 1.372342986171439, 0.2986750906898854, 1.7748770635348654, 0.25, 0.4295795320358618, 0.924964444425764, 0.34268434351219085, 0.556950816146489, 4.0]",4.0,4.000000000000001,1.0000000000000002,True,False,True
knn,4.0,0.25,16.0,3.75,3,7,12,"[0.33908531439297973, 1.372342986171439, 0.2986750906898854, 1.7748770635348654, 0.25, 0.4295795320358618, 0.924964444425764, 0.34268434351219085, 0.556950816146489, 4.0]",7.75,3.802024120282591,0.49058375745581817,True,True,True
knn,4.0,0.25,16.0,3.75,5,7,12,"[0.33908531439297973, 1.372342986171439, 0.2986750906898854, 1.7748770635348654, 0.25, 0.4295795320358618, 0.924964444425764, 0.34268434351219085, 0.556950816146489, 4.0]",11.5,3.537953451001809,0.30764812617407034,True,True,True
knn,4.0,0.25,16.0,3.75,7,7,12,"[0.33908531439297973, 1.372342986171439, 0.2986750906898854, 1.7748770635348654, 0.25, 0.4295795320358618, 0.924964444425764, 0.34268434351219085, 0.556950816146489, 4.0]",15.25,3.4247803070243323,0.22457575783766115,True,True,True
iforest,4.0,0.125,32.0,3.875,0,0,12,"[0.2423600073778254, 0.37246261068420145, 3.6839644350929914, 0.36634496520999976, 4.0, 0.16003439548767007, 2.844298689632856, 0.5716400683644424, 0.125, 0.6201200048269577]",128.0,0.5583273765123741,0.0043619326290029225,True,True,True
knn,4.0,0.125,32.0,3.875,1,0,12,"[0.2423600073778254, 0.37246261068420145, 3.6839644350929914, 0.36634496520999976, 4.0, 0.16003439548767007, 2.844298689632856, 0.5716400683644424, 0.125, 0.6201200048269577]",4.0,0.6201200048269585,0.15503000120673963,True,True,True
knn,4.0,0.125,32.0,3.875,3,0,12,"[0.2423600073778254, 0.37246261068420145, 3.6839644350929914, 0.36634496520999976, 4.0, 0.16003439548767007, 2.844298689632856, 0.5716400683644424, 0.125, 0.6201200048269577]",7.875,2.519823913357713,0.31997763979145566,True,True,True
knn,4.0,0.125,32.0,3.875,5,0,12,"[0.2423600073778254, 0.37246261068420145, 3.6839644350929914, 0.36634496520999976, 4.0, 0.16003439548767007, 2.844298689632856, 0.5716400683644424, 0.125, 0.6201200048269577]",11.75,1.4356718150055932,0.12218483531962494,True,True,True
knn,4.0,0.125,32.0,3.875,7,0,12,"[0.2423600073778254, 0.37246261068420145, 3.6839644350929914, 0.36634496520999976, 4.0, 0.16003439548767007, 2.844298689632856, 0.5716400683644424, 0.125, 0.6201200048269577]",15.625,0.12304045094825103,0.007874588860688066,True,True,True
iforest,4.0,0.125,32.0,3.875,0,1,12,"[1.5115571029452248, 4.0, 0.2392139228996186, 3.149784167252492, 0.4612575336231869, 1.1234104921491321, 0.125, 0.31161024948423466, 3.965261186415191, 0.15198949362453573]",128.0,0.7036459076365493,0.005497233653410542,True,True,True
knn,4.0,0.125,32.0,3.875,1,1,12,"[1.5115571029452248, 4.0, 0.2392139228996186, 3.149784167252492, 0.4612575336231869, 1.1234104921491321, 0.125, 0.31161024948423466, 3.965261186415191, 0.15198949362453573]",4.0,1.511557102945225,0.37788927573630626,True,True,True
knn,4.0,0.125,32.0,3.875,3,1,12,"[1.5115571029452248, 4.0, 0.2392139228996186, 3.149784167252492, 0.4612575336231869, 1.1234104921491321, 0.125, 0.31161024948423466, 3.965261186415191, 0.15198949362453573]",7.875,0.5583289657659246,0.07089891628773645,True,True,True
knn,4.0,0.125,32.0,3.875,5,1,12,"[1.5115571029452248, 4.0, 0.2392139228996186, 3.149784167252492, 0.4612575336231869, 1.1234104921491321, 0.125, 0.31161024948423466, 3.965261186415191, 0.15198949362453573]",11.75,4.440892200864227e-16,3.7794827241397676e-17,True,True,True
knn,4.0,0.125,32.0,3.875,7,1,12,"[1.5115571029452248, 4.0, 0.2392139228996186, 3.149784167252492, 0.4612575336231869, 1.1234104921491321, 0.125, 0.31161024948423466, 3.965261186415191, 0.15198949362453573]",15.625,1.3322676443618907e-15,8.5265129239161e-17,True,True,True
iforest,4.0,0.125,32.0,3.875,0,2,12,"[1.0181407907894413, 0.4120846658254447, 0.22133051925202182, 4.0, 0.854334324746589, 1.9461189358871525, 0.1551881731935467, 0.125, 0.6435264799009458, 3.7009095653748525]",128.0,3.596932857460935,0.028101037948913554,True,True,True
knn,4.0,0.125,32.0,3.875,1,2,12,"[1.0181407907894413, 0.4120846658254447, 0.22133051925202182, 4.0, 0.854334324746589, 1.9461189358871525, 0.1551881731935467, 0.125, 0.6435264799009458, 3.7009095653748525]",4.0,3.7009095653748525,0.9252273913437131,True,False,True
knn,4.0,0.125,32.0,3.875,3,2,12,"[1.0181407907894413, 0.4120846658254447, 0.22133051925202182, 4.0, 0.854334324746589, 1.9461189358871525, 0.1551881731935467, 0.125, 0.6435264799009458, 3.7009095653748525]",7.875,3.355471802840707,0.42609165750358186,True,True,True
knn,4.0,0.125,32.0,3.875,5,2,12,"[1.0181407907894413, 0.4120846658254447, 0.22133051925202182, 4.0, 0.854334324746589, 1.9461189358871525, 0.1551881731935467, 0.125, 0.6435264799009458, 3.7009095653748525]",11.75,2.791734165922829,0.23759439709981525,True,True,True
knn,4.0,0.125,32.0,3.875,7,2,12,"[1.0181407907894413, 0.4120846658254447, 0.22133051925202182, 4.0, 0.854334324746589, 1.9461189358871525, 0.1551881731935467, 0.125, 0.6435264799009458, 3.7009095653748525]",15.625,2.5501323215294542,0.16320846857788507,True,True,True
iforest,4.0,0.125,32.0,3.875,0,3,12,"[0.21725057497340683, 1.99049806179579, 4.0, 1.1206113833809626, 0.125, 1.0378013795762067, 0.215120293963621, 0.30104336286843986, 0.12642933268646897, 1.3696219049041567]",128.0,1.0254558050462599,0.008011373476923905,True,True,True
knn,4.0,0.125,32.0,3.875,1,3,12,"[0.21725057497340683, 1.99049806179579, 4.0, 1.1206113833809626, 0.125, 1.0378013795762067, 0.215120293963621, 0.30104336286843986, 0.12642933268646897, 1.3696219049041567]",4.0,1.9904980617957904,0.4976245154489476,True,True,True
knn,4.0,0.125,32.0,3.875,3,3,12,"[0.21725057497340683, 1.99049806179579, 4.0, 1.1206113833809626, 0.125, 1.0378013795762067, 0.215120293963621, 0.30104336286843986, 0.12642933268646897, 1.3696219049041567]",7.875,1.9244158289407947,0.24437026399248185,True,True,True
knn,4.0,0.125,32.0,3.875,5,3,12,"[0.21725057497340683, 1.99049806179579, 4.0, 1.1206113833809626, 0.125, 1.0378013795762067, 0.215120293963621, 0.30104336286843986, 0.12642933268646897, 1.3696219049041567]",11.75,4.440892200864227e-16,3.7794827241397676e-17,True,True,True
knn,4.0,0.125,32.0,3.875,7,3,12,"[0.21725057497340683, 1.99049806179579, 4.0, 1.1206113833809626, 0.125, 1.0378013795762067, 0.215120293963621, 0.30104336286843986, 0.12642933268646897, 1.3696219049041567]",15.625,1.3322676443618907e-15,8.5265129239161e-17,True,True,True
iforest,4.0,0.125,32.0,3.875,0,4,12,"[0.8271880446496592, 2.8122221571460355, 0.2612091271138896, 1.7682298279772062, 4.0, 0.6867459016004852, 0.1371952164469826, 0.125, 0.22515745085388628, 0.7098973774978017]",128.0,0.563319734556319,0.004400935426221242,True,True,True
knn,4.0,0.125,32.0,3.875,1,4,12,"[0.8271880446496592, 2.8122221571460355, 0.2612091271138896, 1.7682298279772062, 4.0, 0.6867459016004852, 0.1371952164469826, 0.125, 0.22515745085388628, 0.7098973774978017]",4.0,1.7682298279772064,0.4420574569943016,True,True,True
knn,4.0,0.125,32.0,3.875,3,4,12,"[0.8271880446496592, 2.8122221571460355, 0.2612091271138896, 1.7682298279772062, 4.0, 0.6867459016004852, 0.1371952164469826, 0.125, 0.22515745085388628, 0.7098973774978017]",7.875,1.1103568455409831,0.14099769467187087,True,True,True
knn,4.0,0.125,32.0,3.875,5,4,12,"[0.8271880446496592, 2.8122221571460355, 0.2612091271138896, 1.7682298279772062, 4.0, 0.6867459016004852, 0.1371952164469826, 0.125, 0.22515745085388628, 0.7098973774978017]",11.75,0.6544578140949052,0.055698537369779165,True,True,True
knn,4.0,0.125,32.0,3.875,7,4,12,"[0.8271880446496592, 2.8122221571460355, 0.2612091271138896, 1.7682298279772062, 4.0, 0.6867459016004852, 0.1371952164469826, 0.125, 0.22515745085388628, 0.7098973774978017]",15.625,8.881784295745938e-16,5.6843419492774e-17,True,True,True
iforest,4.0,0.125,32.0,3.875,0,5,12,"[0.8939857766474583, 0.24924660403580945, 4.0, 1.1962145509012063, 0.83270698483319, 2.601083272955685, 0.932176747367291, 0.37503047995219746, 0.125, 3.033127487674382]",128.0,2.809067460313481,0.02194583953369907,True,True,True
knn,4.0,0.125,32.0,3.875,1,5,12,"[0.8939857766474583, 0.24924660403580945, 4.0, 1.1962145509012063, 0.83270698483319, 2.601083272955685, 0.932176747367291, 0.37503047995219746, 0.125, 3.033127487674382]",4.0,3.0331274876743817,0.7582818719185954,True,True,True
knn,4.0,0.125,32.0,3.875,3,5,12,"[0.8939857766474583, 0.24924660403580945, 4.0, 1.1962145509012063, 0.83270698483319, 2.601083272955685, 0.932176747367291, 0.37503047995219746, 0.125, 3.033127487674382]",7.875,2.562398261881539,0.32538390627067165,True,True,True
knn,4.0,0.125,32.0,3.875,5,5,12,"[0.8939857766474583, 0.24924660403580945, 4.0, 1.1962145509012063, 0.83270698483319, 2.601083272955685, 0.932176747367291, 0.37503047995219746, 0.125, 3.033127487674382]",11.75,1.5472536352640602,0.13168116044800512,True,True,True
knn,4.0,0.125,32.0,3.875,7,5,12,"[0.8939857766474583, 0.24924660403580945, 4.0, 1.1962145509012063, 0.83270698483319, 2.601083272955685, 0.932176747367291, 0.37503047995219746, 0.125, 3.033127487674382]",15.625,1.1121916524279991,0.07118026575539195,True,True,True
iforest,4.0,0.125,32.0,3.875,0,6,12,"[0.4173176558332597, 0.3406838071095524, 0.6667945100062733, 1.3866604219184646, 0.44302893945346644, 4.0, 0.12967163527277686, 1.4951833646367358, 1.1111132600863438, 0.125]",128.0,0.5366345455482208,0.004192457387095475,True,True,True
knn,4.0,0.125,32.0,3.875,1,6,12,"[0.4173176558332597, 0.3406838071095524, 0.6667945100062733, 1.3866604219184646, 0.44302893945346644, 4.0, 0.12967163527277686, 1.4951833646367358, 1.1111132600863438, 0.125]",4.0,1.1111132600863434,0.27777831502158584,True,True,True
knn,4.0,0.125,32.0,3.875,3,6,12,"[0.4173176558332597, 0.3406838071095524, 0.6667945100062733, 1.3866604219184646, 0.44302893945346644, 4.0, 0.12967163527277686, 1.4951833646367358, 1.1111132600863438, 0.125]",7.875,1.1979610178091773,0.1521220340075146,True,True,True
knn,4.0,0.125,32.0,3.875,5,6,12,"[0.4173176558332597, 0.3406838071095524, 0.6667945100062733, 1.3866604219184646, 0.44302893945346644, 4.0, 0.12967163527277686, 1.4951833646367358, 1.1111132600863438, 0.125]",11.75,1.680554983641686,0.14302595605461157,True,True,True
knn,4.0,0.125,32.0,3.875,7,6,12,"[0.4173176558332597, 0.3406838071095524, 0.6667945100062733, 1.3866604219184646, 0.44302893945346644, 4.0, 0.12967163527277686, 1.4951833646367358, 1.1111132600863438, 0.125]",15.625,1.9840655814833583,0.12698019721493492,True,True,True
iforest,4.0,0.125,32.0,3.875,0,7,12,"[0.1829663517501111, 1.0502999286334849, 0.15612906448761002, 1.4485895521934051, 0.125, 0.24591752420369503, 0.6414182324448786, 0.18539705485534103, 0.3402170370837585, 4.0]",128.0,3.958338407821818,0.030924518811107953,True,True,True
knn,4.0,0.125,32.0,3.875,1,7,12,"[0.1829663517501111, 1.0502999286334849, 0.15612906448761002, 1.4485895521934051, 0.125, 0.24591752420369503, 0.6414182324448786, 0.18539705485534103, 0.3402170370837585, 4.0]",4.0,4.000000000000001,1.0000000000000002,True,False,True
knn,4.0,0.125,32.0,3.875,3,7,12,"[0.1829663517501111, 1.0502999286334849, 0.15612906448761002, 1.4485895521934051, 0.125, 0.24591752420369503, 0.6414182324448786, 0.18539705485534103, 0.3402170370837585, 4.0]",7.875,3.8165328322963843,0.48463908981541387,True,True,True
knn,4.0,0.125,32.0,3.875,5,7,12,"[0.1829663517501111, 1.0502999286334849, 0.15612906448761002, 1.4485895521934051, 0.125, 0.24591752420369503, 0.6414182324448786, 0.18539705485534103, 0.3402170370837585, 4.0]",11.75,3.5604400855849976,0.30301617749659554,True,True,True
knn,4.0,0.125,32.0,3.875,7,7,12,"[0.1829663517501111, 1.0502999286334849, 0.15612906448761002, 1.4485895521934051, 0.125, 0.24591752420369503, 0.6414182324448786, 0.18539705485534103, 0.3402170370837585, 4.0]",15.625,3.450686051280117,0.2208439072819275,True,True,True
