did,name,version,status,format,file_id,default_target_attribute,upload_date,NumberOfInstances,NumberOfFeatures,NumberOfNumericFeatures,NumberOfSymbolicFeatures,dataset_md5_checksum,metadata_response_sha256
3,kr-vs-kp,1,active,ARFF,3,class,2014-04-06T23:19:28,3196,37,0,37,ad6eb32b7492524d4382a40e23cdbb8e,ee4941cc0831285f35e58dc0a94279c9d2a51a3fe0ca9f59ecd927b8d46dba66
4,labor,1,active,ARFF,4,class,2014-04-06T23:19:30,57,17,8,9,e013a5e0acb7e141d169198a55b22c51,5f8064b0d49d9261dd299da2e2e28186a704fab4b12ba0eb9581bc3608f409ca
13,breast-cancer,1,active,ARFF,13,Class,2014-04-06T23:20:07,286,10,0,10,f1bc87afa51b034b58451747757479e3,7c42fc53b7d0b310da30cd2702dcd24997b2c4ad1dc4780cefc9a6adbe543f03
15,breast-w,1,active,ARFF,52350,Class,2014-04-06T23:20:20,699,10,9,1,88633c065209e7a57323d3d7f2d00546,27baffae3b11d330604b06a9c975f31cf9e6e417a4640dcf1941729945dc5620
24,mushroom,1,active,ARFF,24,class,2014-04-06T23:21:11,8124,23,0,23,c8e898e453167e76d617eff67d198579,e1dc30260cf5b106bd1509296f8761c9e5f00629a531b4f574b5a95a20437df1
25,colic,1,active,ARFF,25,surgical_lesion,2014-04-06T23:21:15,368,27,7,20,933f0487c0fa52a5483c39d85a351f93,9f56ce0645027f0bae5d8a75361286bd2f0612f3e9a0c98cd29e94cb9948afdc
27,colic,2,active,ARFF,27,surgical_lesion,2014-04-06T23:21:26,368,23,7,16,17380a1a6a64e6069ea28a3409a094b2,4b758b045dc194acba8e92b71ad12acc34ea4218a2dc25bc1c4e7b6425b8db2e
29,credit-approval,1,active,ARFF,29,class,2014-04-06T23:21:38,690,16,6,10,a948be968270a823fce432227c1aa36e,3799658e93833bfd4ad33525c6438212af9d482021e5fe093424a1defd027638
31,credit-g,1,active,ARFF,31,class,2014-04-06T23:21:47,1000,21,7,14,9a475053fed0c26ee95cd4525e50074c,0a42592519aeb3f473eac041a5b65c9054d46cf94665c489386dbe3371348f6a
37,diabetes,1,active,ARFF,37,class,2014-04-06T23:22:13,768,9,8,1,3cbaa3e54586aa88cf6aacb4033e4470,9c5737c190ab2ed1cfcc84bf1c0a281ece11acd3dce065706217d1b0f5e3d2e7
38,sick,1,active,ARFF,38,Class,2014-04-06T23:22:19,3772,30,7,23,ee5cb4b7f41a5f44b0cd234f675ab492,7766a20c845315db3d2c8570e678908a1ce8e8652a80683db8de9d7432b513f4
40,sonar,1,active,ARFF,40,Class,2014-04-06T23:22:24,208,61,60,1,3ab630fbbfe25ab48b9bb47ce5759203,1a86fb96e6c26d23edbcb83c12c0dfb0497d6c682d39402e0849eb9b492b352d
43,haberman,1,active,ARFF,43,Survival_status,2014-04-06T23:22:34,306,4,2,2,fe063732e696d8e7aa79746032f0191b,4179e5f97408b95bd309b36ee64312f1e29ba42920d61995699bf8c813942fe7
44,spambase,1,active,ARFF,44,class,2014-04-06T23:22:41,4601,58,57,1,d9ace01aeac3461e326a8e1b2d53fd84,e89bd76cdfc2aa4a6b81e941bae76e8fa6b2da970e03bae5412c67504febe8b6
49,heart-c,1,active,ARFF,49,num,2014-04-06T23:22:56,303,14,6,8,f255fbfe272738f3da960f63a451ca0a,160a4c73f4e02dad1bb27a5b086fb46dac03f0a8c024325a65b56268536e30d2
50,tic-tac-toe,1,active,ARFF,50,Class,2014-04-06T23:22:59,958,10,0,10,34b2992c41e5e23c42769817e96305ac,e33feb80589dfe136df4126d2cac0feff2de799f7fe5298f66c217088bf48806
51,heart-h,1,active,ARFF,51,num,2014-04-06T23:23:01,294,14,6,8,04ef502d72e666425439ac393858ddee,f345e828a7fb712e1c3eaf2d276c77d44fd0da46ff53a0004c4581ee4e94ec70
52,trains,1,active,ARFF,52,class,2014-04-06T23:23:04,10,33,0,33,8ac83ba5d9d9c19d3593f267de253d15,f84bf6d676451956b9747e713863797e118f3249185349f7704d7883a631f0dd
53,heart-statlog,1,active,ARFF,53,class,2014-04-06T23:23:06,270,14,13,1,65dd57335c2c0e458cf83b22af8db16b,479174866320d79be2198a18a10416e9c805d6dfa2c05e7e5172b8e3b8329707
55,hepatitis,1,active,ARFF,55,Class,2014-04-06T23:23:13,155,20,6,14,7d82e0f546eaaf1c5cc128825fe5a0fb,ab7b251653ebfc046838ef4a849a0c76c37e4b2e441ba484641d9ab7ad6dcba9
56,vote,1,active,ARFF,56,Class,2014-04-06T23:23:15,435,17,0,17,3c16059c5b92f6551f720f97d0eccc09,7a84e32dbccc6f322ebad1d38151fb325070841efdd23c1605e254d3acf8fe46
59,ionosphere,1,active,ARFF,59,class,2014-04-06T23:23:29,351,35,34,1,23dd3c8b5693e2848901fd1a0248ef42,2ba2e1a42907b8cfaf4a13004732e403253966042ded1d261ca0b2e889647930
72,BNG(kr-vs-kp),1,active,ARFF,1718,class,2014-04-08T06:04:36,1000000,37,0,37,7b552f054a7508bfb34f41d3eccb2081,3162a425e6416abdac841120c01f577b6168fe4b0577aef68129467033d66b0c
73,"BNG(labor,nominal,1000000)",1,active,ARFF,1719,class,2014-04-08T06:07:14,1000000,17,0,17,8f41a9eaa8ce1109dd0c98d64c47fd31,5d940d54c8d9b3bd7c462471784048b2d665a60aa041e4bff033096e91c54299
77,"BNG(breast-cancer,nominal,1000000)",1,active,ARFF,1751,Class,2014-04-08T06:25:27,1000000,10,0,10,e2cfc5ac483f69730a23ee2b72220a6d,60f5b31220770fe444bd96a63ef3038b3f81a4eca93866e9dbc0a44f1a97af68
120,BNG(mushroom),1,active,ARFF,1840,class,2014-04-08T12:52:04,1000000,23,0,23,e7217deffa0bf1d6ea0124004bf956d5,2074788a312d78e5511a1c1c3d4429f6e7636520404140ebbb0786e04f671c5f
121,"BNG(colic.ORIG,nominal,1000000)",1,active,ARFF,1841,pathology_cp_data,2014-04-08T12:54:16,1000000,28,0,28,3e07e72de2950434a4e092207d637851,ee3a829ae304e6d3df4b10d8193c269435909f3d64a5cadee001be96ff7077cc
122,"BNG(colic,nominal,1000000)",1,active,ARFF,1842,surgical_lesion,2014-04-08T12:56:56,1000000,23,0,23,285ff7195ee590214048a5a6610fcb6f,7ccbdd433b53f3f3cdfcc5a4a2e6db061607dbbe9d35aec9f525cbd4a16c4bc4
124,"BNG(credit-a,nominal,1000000)",1,active,ARFF,1844,class,2014-04-08T13:10:27,1000000,16,0,16,f49b440fb790651102577ec421f530f8,ece979ebd3b029a3dc46e5f94b877bae30dcab3a457410f935a50e73c1d9a3e4
126,"BNG(credit-g,nominal,1000000)",1,active,ARFF,1846,class,2014-04-08T13:13:22,1000000,21,0,21,aa911bff07edc6fa70de60a619fe1556,f016a0e133d3c0171a1ac9c25f53e455acbd62dc7bc6a0fade49232aa72cb5fd
128,"BNG(cylinder-bands,nominal,1000000)",1,active,ARFF,1848,band_type,2014-04-08T13:20:44,1000000,40,0,40,3b23414df6e73e0791d9a8546c314ae6,72b84a6d6ca17f70ea2d54c2204f2b12f3a62346f66ffb4474b960786a80f07b
131,"BNG(sick,nominal,1000000)",1,active,ARFF,1855,Class,2014-04-08T13:28:15,1000000,30,0,30,dec25ca35750a6a160831bf8158f081b,b561fd9f3bf3545abdb7721202821e588f5f2ed2a1e7bff0ae048f8a05bf352d
132,"BNG(sonar,nominal,1000000)",1,active,ARFF,2162,Class,2014-04-09T00:19:50,1000000,61,0,61,a0c68d35b3edc954c0bbb7acae683168,f46c3a21a5bbad1c3a48a17a69fd7cd5dcf2fa9d7ec207d88a94551690e2bb90
135,BNG(spambase),1,active,ARFF,2165,class,2014-04-09T00:33:38,1000000,58,0,58,98da813e4b912d702be705d746c997b2,f95556f1acf97908a0aa39c5b6c22573d6d9659fff840f6b3e3294ffa55f900b
137,BNG(tic-tac-toe),1,active,ARFF,2167,Class,2014-04-09T01:37:06,39366,10,0,10,b0db6abd9f2c1cfefa03c57a0cf22962,a7030f4b6467767ee0a23fc57f89f655469a5829cd8a3275272311266c67c60d
139,BNG(trains),1,active,ARFF,2169,class,2014-04-09T01:41:19,1000000,33,0,33,7a38017422e1707e7f74076ead9f7c14,4afc91753c1ce439ca38f25b5e0459e91e4152775cc52ed3317be291298626fc
140,"BNG(heart-statlog,nominal,1000000)",1,active,ARFF,2170,class,2014-04-09T01:43:43,1000000,14,0,14,13dac84fb5ba84e3772411c678aff885,54e24058184e531c795217a43117ab10ad7d338bc5834fcbc5ba346e1cee4480
142,"BNG(hepatitis,nominal,1000000)",1,active,ARFF,2178,Class,2014-04-09T01:48:36,1000000,20,0,20,9f37f17863021bfae15ac33e86c5c6de,c009ac891ec91dbb7e8314ad1387fc6ec91e23ae11c4b2eb17661007dd61b3c2
143,BNG(vote),1,active,ARFF,2179,Class,2014-04-09T01:48:47,131072,17,0,17,19649a7abb015cd815605b8bd1ce432f,3a5fe12eb8dbf856ed341ef12dc83cfd02e4e5409fca5064c979f9e2ccd4bf11
146,BNG(ionosphere),1,active,ARFF,2182,class,2014-04-09T01:58:52,1000000,35,0,35,9536d220d450cc22d4b8524076b9a3ab,bfdfb4d239509f7c657db22446695a751496204af6e98472e88d2110936075cd
151,electricity,1,active,ARFF,2419,class,2014-04-10T02:42:23,45312,9,7,2,8ca97867d960ae029ae3a9ac2c923d34,62d218174f597399a5a0a1538bc9cafb071b01cc8275935e80b5b6e32d838797
152,Hyperplane_10_1E-3,1,active,ARFF,2420,class,2014-04-10T02:43:21,1000000,11,10,1,1d9c6087f133db94dc3983b81ca76b01,f4061e2ed1640b62c5299f76b795d1de5da9c08ced8a757a8307b22c5da1f592
153,Hyperplane_10_1E-4,1,active,ARFF,2421,class,2014-04-10T02:44:18,1000000,11,10,1,335943de6f25a90f5696d95f133e9713,c28c5250bfb0ec8c4bd98c4359bf026177665e617333339f5116db6585886e84
161,SEA(50),1,active,ARFF,2429,class,2014-04-10T02:50:28,1000000,4,3,1,f8434514795604ab840dab2c470513da,5fd4e3c4c5dbdc9d2aeb930a0a3c60b4aac53cb3df224b002e3f716a8217d3e4
162,SEA(50000),1,active,ARFF,2430,class,2014-04-10T02:50:50,1000000,4,3,1,915da0086684caa50db5c3b28e624078,dd51cf96c8753fcf6bd6762547243483c69c6da868a682b04d0ae3ce4ef87a6d
164,molecular-biology_promoters,1,active,ARFF,3585,class,2014-04-23T13:11:40,106,58,0,58,51cdf7757673b47cadc65d6fbd223fd7,9e0ab4d0ed5e21e8e8116f1e5e10d2e408d297907f81fc12f97c2a7b60b271e5
172,shuttle-landing-control,1,active,ARFF,3595,Class,2014-04-23T13:11:58,15,7,0,7,3d4b487b5f8862f1051af1757e8f3b52,e8ee1ef33933e49cd366c759c3627a6dfbcb586a19aecba31d3c95943cd329b7
179,adult,1,active,ARFF,3608,class,2014-04-23T13:13:24,48842,15,2,13,19637eed23a4df49437a143b0f38c0b8,d6cb6f7e0537548e000bc3e6485501303e31d0667e9fae955c7baf19c1ebe7e5
246,BNG(labor),2,active,ARFF,5579,class,2014-04-28T15:05:02,1000000,17,8,9,e7e3f3ba924283bd5b8f818aafc6b543,828e53e7083540067e5d11420cf77c7ead0afb9d98f5ebc0e98e3cc797a256fe
251,BNG(breast-w),1,active,ARFF,5600,Class,2014-04-28T15:24:35,39366,10,9,1,cdfef8ae45356efbc7e0b4634e02c993,47d4cf2e61c8f1e88ac3139f0f2ee9915a713addba45e4bd4e9d02434b7612b9
256,BNG(colic.ORIG),1,active,ARFF,5631,surgical_lesion,2014-04-28T15:42:25,1000000,28,7,21,0d98f51e352108e1b6865f3debbcb3b9,cf5ea41c0be17cf98d018cde8aed9fbe7c3746f336fdc3b917aae48fbb770b26
257,BNG(colic),1,active,ARFF,5632,surgical_lesion,2014-04-28T15:44:22,1000000,23,7,16,94a263cce0d25377a7b2f2b4342f9aab,c252cfa68e85a0e4d55ac8c425f30d10978585ec894313242f5805a078b7fe66
258,BNG(credit-a),1,active,ARFF,6345,class,2014-04-29T16:17:30,1000000,16,6,10,fd72f29ef6bc458605912538c4a4bdb5,9f007c8a9c93b3a694755c1eedbcb6178252f3476519275da9e31430a40a781d
260,BNG(credit-g),1,active,ARFF,6349,class,2014-04-29T16:19:28,1000000,21,7,14,a49ffe6a958943b23d8667adca9fbc49,bcd0a4a0fd0bcb99755137dd29db49a1fedec63c0ed7cd1ae91e0ffcecbeb0d0
262,BNG(cylinder-bands),1,active,ARFF,6353,band_type,2014-04-29T16:27:02,1000000,40,18,22,6fa133ad0bfdac8417e776051b2a74e2,c7e8f78b062b36b9dc2a82b81c4542fd41fd0ceb03f2291cbe9aef915bf40a36
264,BNG(sonar),1,active,ARFF,6355,Class,2014-04-29T16:36:43,1000000,61,60,1,dbff5bde5b0f9729d78bc20345bfa460,2a7244b8e06af3643ea555b126fb0f7cb463ff7a0431d9eafed05ff3a69356be
267,BNG(heart-statlog),1,active,ARFF,6358,class,2014-04-29T17:22:18,1000000,14,13,1,9e6ba9126314fef7a1178b5a98bc24d9,f4d09f6bcbd036d702efac9e2800e660a99c7edd4aff8ccf78b7c3895ce0fd8c
269,BNG(hepatitis),1,active,ARFF,6360,Class,2014-04-29T17:24:58,1000000,20,6,14,f07e4c7911009ce4e8bed62192806262,71c2e2797303033b42e9497941b8ee91038d14bc56a8088777f8e8a0f9c59e52
273,IMDB.drama,1,active,Sparse_ARFF,11346,Drama,2014-05-02T01:36:38,120919,1002,1001,1,bfc87113d02468551507f21f0b31b41a,ba66483d996652a980a299aa94e649f1095ab993a070a9ad8ba6d9e09e0af448
274,20_newsgroups.drift,1,active,ARFF,11347,class,2014-05-02T01:47:24,399940,1002,0,1001,9ccbb85be7ddc03f135a28a302139d65,f54caf511a6fad536ca370c5301e0ef14585bd2e7106c0232ad9005031dee3ad
293,covertype,2,active,Sparse_ARFF,49823,Y,2014-08-15T16:21:51,581012,55,54,1,c6dd6aa7776cf8090a3168ca6a4557b9,55689f889d9ee29e8a79276e3f631d21c16d328b47bd5e643824758198d001d0
310,mammography,1,active,ARFF,52214,class,2014-08-25T11:38:52,11183,7,6,1,5feded5bcc067a737ec94f50ad42e93a,164110c6e817c05eb27200c85d7c34c5b179451927b37ffc47b4d7b651aa5953
311,oil_spill,1,active,ARFF,52215,class,2014-08-25T11:40:11,937,50,49,1,c236facd7285fb3357922a6918aef8dd,400f136b2c010098bb4ff4c7367b6e207f6851bd8a7266c9954f04002a6f5c46
312,scene,1,active,ARFF,1390080,Urban,2014-08-25T11:43:22,2407,300,294,6,8ceccf81e895a6520a78bf6f756dde17,bc0543a95d2785e727a3119d33b634ec22a7aba9b1b99d3c59e1b0fb7727e7ae
316,yeast_ml8,1,active,ARFF,52220,class14,2014-08-25T12:01:41,2417,117,103,14,8de1d69c4b5e204908980d79a7d32191,e7b776ace106687ea94bc9a2b03cc3a18f910a402a93b6fd3557351d8eff2839
333,monks-problems-1,1,active,ARFF,52236,class,2014-08-26T17:11:18,556,7,0,7,6cd008dccee6a34420c091dfe7cdb457,5421563fefe4923f2f4e2a5202207c989d4ba1bb964559649c01416bdca95a24
334,monks-problems-2,1,active,ARFF,52237,class,2014-08-26T17:29:02,601,7,0,7,6fdd89666158107428442fb0f8847117,8d0f3d61a8515c38435049fa8b45d65383e4184607ff397540deec4a8f653ed8
335,monks-problems-3,1,active,ARFF,52238,class,2014-08-26T17:41:07,554,7,0,7,16e0d4dc4b7b0ad65c2ac1b0c0bebf57,f0ae326b916cb8549a02693ec5d5e7a5f67a4ffbe4a6376f65b34d70c1ebd53f
336,SPECT,1,active,ARFF,52239,OVERALL_DIAGNOSIS,2014-08-26T17:57:57,267,23,0,23,5213445c1404c370719a03de0686b31b,4596c5462f0b62505f81325774333b006c0048dcd0da121cfaa7a0ebeb13a3bc
337,SPECTF,1,active,ARFF,52240,OVERALL_DIAGNOSIS,2014-08-26T18:26:20,349,45,44,1,461e5bd841bb945a8e391417197cf9b2,f82ebbbdde10c328c814774d82ece4566fdd23f78227e28de0e1d57035d122ef
346,aids,1,active,ARFF,52249,Sex,2014-08-27T14:11:10,50,5,2,3,ed3333773ff0254e9e3d7d84d72474dd,2f2988e98e75bcc1cd95f1986338cafabccc0b368145d1845dfb08908fdd969d
350,webdata_wXa,1,active,Sparse_ARFF,52253,Y,2014-08-29T18:29:14,36974,124,123,1,e35d0578373c6100a62354ca4d16744a,2de5bab481f0871fca926a8af0486f5a1954e2880fcc3f6a5f963a0f41edc33e
351,codrna,1,active,Sparse_ARFF,52254,Y,2014-08-29T18:49:36,488565,9,8,1,35122feb0ca0caf066073d28c3de40f8,8de46fc22a1576019cc90f15c30429135cd447c3a881e9dc2352b811eae78aca
354,poker,1,active,Sparse_ARFF,52257,Y,2014-08-29T19:20:49,1025010,11,10,1,a506f178fee2f4f27fcfb4c3231913d9,d9a65b7641c3205b4fb60b07e64b3055638aa3e16a0cbafb9ef9ff564c0841f8
357,vehicle_sensIT,1,active,Sparse_ARFF,52260,Y,2014-08-29T19:59:31,98528,101,100,1,b3a6a422fb3adf6bdcec25ea4006bd6b,8c998fc3f406fdef24c64aade396fcb9d15563652676a9297bf518e8766f50d3
376,SyskillWebert-Sheep,1,active,ARFF,1663734,class,2014-09-27T10:56:05,65,3,0,1,6fa21669f5b8f03c44301b7358995226,bc435e4e66e1f01542ba660ec9ea5aa3ff13c675bce70ad4b64835d5bca23e80
444,analcatdata_boxing2,1,active,ARFF,52556,Winner,2014-09-28T23:50:38,132,4,0,4,64b3aa6fe31a0627916561052a437b3f,d296cee3db416f5aa36f671bf7643c499ea0a71371db77b65b75da5ac292791f
446,prnn_crabs,1,active,ARFF,52558,sp,2014-09-28T23:50:42,200,8,6,2,577ca6c1986c45300b744fac0316dea0,b564a8b402e01ac133fb1e282daa1b0c3106924156474d23c2c00c56e9d52ae9
448,analcatdata_boxing1,1,active,ARFF,52560,Winner,2014-09-28T23:50:45,120,4,0,4,571a446f3f12782597fefa62a7fb1738,06d642e719d7762abfdf39741c9f96300d9b25bda54ce86838764c0c2207c45e
450,analcatdata_lawsuit,1,active,ARFF,52562,Laid.off,2014-09-28T23:50:49,264,5,3,2,ddd5b585b1f8f8a180b186921e693922,7f7a40a2d0ae1ae1462594a363005862b4153d413ff4eb26e3e9ccfd16e56ba1
451,irish,1,active,ARFF,52563,Leaving_Certificate,2014-09-28T23:50:51,500,6,2,4,b7f36a00bc8f9e2ab73d530b6f3ccb3d,9e110409565a1cb2491569d2e498a35240d2bfa672e429780c655334d7ebaae7
459,analcatdata_asbestos,1,active,ARFF,52571,Task,2014-09-28T23:51:07,83,4,1,3,f1f2cbff81e9cd439bd3fca8f0e894f9,c9e24abaf54cc0ff559ecce5859228de169aae4c3b0f8d7d87c2faf1a691387c
461,analcatdata_creditscore,1,active,ARFF,52573,Application.accepted,2014-09-28T23:51:11,100,7,3,4,db9b8d7dd2275e3ae994eb54963ef26f,364a5ee73afcddb09ab73037ed7e878dc1200fd3f3da0f29321b458feeff412a
463,backache,1,active,ARFF,52575,col_33,2014-09-28T23:51:14,180,32,5,27,b96c7dda90bf6c5ba7977c1dfa4d55d1,26c97e4975c3c5f4b7e138665a90a17e78d7c8352a088f771fd9d15791d989fa
464,prnn_synth,1,active,ARFF,52576,yc,2014-09-28T23:51:16,250,3,2,1,460a83440997ae958efc15e9b287e95c,8f80eea3ff5c416c3c9faf4d8a3d6408857555f89070a9cb747873dd63d3e7e5
465,analcatdata_cyyoung8092,1,active,ARFF,52577,Cy_Young,2014-09-28T23:51:18,97,11,7,4,532f736c3c290ba02865508164f52b1e,ecb53f138395b984fb74080eb6cead4c59dd323b699a5c753f0009fdc6cf87a9
466,schizo,1,active,ARFF,52578,class,2014-09-28T23:51:19,340,15,12,3,e8076934dffbd218b10568d82e55032f,30e5b21dcb0fb3c4d0e8f76c5827be26e42f93f2c93aa25a239ce350b9f8d3a7
467,analcatdata_japansolvent,1,active,ARFF,52579,Solvent,2014-09-28T23:51:21,52,9,8,1,13a2d40c6f2e9bf4c1f7aa2c1a020821,a3e2c5db62cd239ffc9b0891096fc542a0335a5b216e10eeb64e6a9cf7aba32f
470,profb,1,active,ARFF,52582,Home/Away,2014-09-28T23:51:27,672,10,5,5,87e2345053544e0dc4352ee91add043c,563ea3d3eb89b56be0f6fcf4c0a4e023db43d806208738a4893853083f2e267f
472,lupus,1,active,ARFF,52584,STATUS,2014-09-28T23:51:30,87,4,3,1,79fb95e9dd9f11d8f2d2bc937b28c70a,afd58a280199959e657a6dc562f342e2bc858560b28e50b0de92606b16372558
476,analcatdata_bankruptcy,1,active,ARFF,52588,Bankrupt,2014-09-28T23:51:40,50,6,5,1,a3768cf50349b994f31e606931ef43d7,8ecc3ee8b3635c72b96c1716db89352e73add51088a892bfd697c1578d7c2984
479,analcatdata_cyyoung9302,1,active,ARFF,52591,Cy_Young,2014-09-28T23:51:45,92,10,6,4,73491336384e4b7f8a95946f7ec7ba37,3ed915d90b9cd63d7739d86909cda3f425985cea5e01f9aab656563fa48d4e0b
481,biomed,1,active,ARFF,52593,class,2014-09-28T23:51:49,209,9,7,2,4b60951224dba77059fe7da953f028ed,39c55e3b3cef4b3820750dc105089856bba9d6f5bf9725f2efa5341e738ffde3
682,sleuth_ex2016,1,active,ARFF,52982,sv,2014-10-04T13:54:22,87,11,9,2,f6c8b13d5cb452903802a96f040d0cbe,f29609063073c35c13b4614d25bed7174c3110dbf4c499f9fa8bb61b3af53030
683,sleuth_ex2015,1,active,ARFF,52983,owl,2014-10-04T13:54:23,60,8,7,1,8fb2940ff86fca8cf55889a0387564e2,31c66b7603ce15c05644e1322df45b605c82272ca90b2356a7019c37b6fd60e0
713,vineyard,2,active,ARFF,53247,binaryClass,2014-10-04T14:31:20,52,3,2,1,87c94a215ab8d9b7b4edc11670c7caec,f4324856cb73ea04ed94912f2b5558e4e6f1fe30facc989949038451c36fbe38
714,fruitfly,2,active,ARFF,53248,binaryClass,2014-10-04T14:31:21,125,5,2,3,8535261feec7878759a7c675154070ff,cd259bc6728452e2371b1b26d1e18eca5de861738a15742900cbe189ac51b832
715,fri_c3_1000_25,2,active,ARFF,53249,binaryClass,2014-10-04T14:31:23,1000,26,25,1,48645bb8e43b63dd1ef10c605a0c4352,d326345c1e29ae1f33f7e4c8d97867b8502d85b7fc0eb32f5948ddd295af129f
716,fri_c3_100_50,2,active,ARFF,53250,binaryClass,2014-10-04T14:31:24,100,51,50,1,9c5aacbd20c85a5e428a3639ade4e410,5b7f6d1fc41a63c63bedc3c1ab55e52d9bc58f1f876c732bbc392db6886477c9
717,rmftsa_ladata,2,active,ARFF,53251,binaryClass,2014-10-04T14:31:26,508,11,10,1,3d2d6032471c0371b0b4743a4b6ac79e,6b7dd94471aa220b5b76fb30605924312c80ec41d0722ee9065cb68793547f86
718,fri_c4_1000_100,2,active,ARFF,53252,binaryClass,2014-10-04T14:31:28,1000,101,100,1,acafc6bc2885d2f33debd7b7ce865c1a,2beb7e6bd84be902beb67614bae7f20aab7552bf78b75a81962485b8cb6e175e
719,veteran,2,active,ARFF,53253,binaryClass,2014-10-04T14:31:30,137,8,3,5,03be7559381b1f8ae19dc85fd616d1be,ac5506163cea1a1d2c8d6a03f0cc7987907dee78a1026c49c253f29e60d0a0af
720,abalone,2,active,ARFF,53254,binaryClass,2014-10-04T14:31:31,4177,9,7,2,1cc38438f4ff4abb8a1843eb5d4e3ce5,5a5bcc6abefe9bbf952e8d050566b5e93599f261f0225a08f65c271d423bfc7a
721,pwLinear,2,active,ARFF,53255,binaryClass,2014-10-04T14:31:33,200,11,10,1,e726443d71602c49d5ab34bb7b56aa5e,964b6f225bdf9eb05a9c0046861568798b36740599120eddca13afcb7de13bdf
722,pol,2,active,ARFF,53256,binaryClass,2014-10-04T14:31:37,15000,49,48,1,8628cbca40de295c1c091dedf78c0be3,a5fdc5424b12f21d5dfac64001642a733fb4f048ed924442041fe6fa66c646fb
723,fri_c4_1000_25,2,active,ARFF,53257,binaryClass,2014-10-04T14:31:39,1000,26,25,1,4bd20b540de68e9fe8b877e57e6274c6,697d2ff730842eee27c02e3322369178991fb763ccc970fc0ae60a9b30222db0
724,analcatdata_vineyard,2,active,ARFF,53258,binaryClass,2014-10-04T14:31:41,468,4,2,2,7f2aa7e5f6143213de0110f06adb5e2b,97c3d991f49b1e4cc87fe0288a9628c9a98bca3dfc567c0cf73891e7ea051149
725,bank8FM,2,active,ARFF,53259,binaryClass,2014-10-04T14:31:43,8192,9,8,1,7ccf3543aa843176b4609001a3f86ae9,e39ef5fe0342fb55ff49722d91a0d0de0c9ad50c4b460cbafedf084a7074301c
726,fri_c2_100_5,2,active,ARFF,53260,binaryClass,2014-10-04T14:31:44,100,6,5,1,9bb7ffd513f7e7328a663bf7325e5a09,420ec1c40f03969be91dd38c00829d258f1575aa0580666a49c0a680562b2f66
727,2dplanes,2,active,ARFF,53261,binaryClass,2014-10-04T14:31:47,40768,11,10,1,c29e994928e4beb2d5d30fd105f74e10,31a544a13dd5996723e5f6aa566c117f1c307f6c1d06ac221bfe1fcd76f114e5
728,analcatdata_supreme,2,active,ARFF,53262,binaryClass,2014-10-04T14:31:48,4052,8,7,1,7f3a5e1489ca3e48d0622e8eb58e7dc0,ba2881917ad2a5c17c447101cadf2189d869d8f6eee24f25eb3978da68354a8d
729,visualizing_slope,2,active,ARFF,53263,binaryClass,2014-10-04T14:31:50,44,4,3,1,5f9f841bf5c425f80f1dba7d61d1629d,a159c14c431c11a37c795e960719544efb494871d8595e359f769e7c02917061
730,fri_c1_250_5,2,active,ARFF,53264,binaryClass,2014-10-04T14:31:51,250,6,5,1,f262de9ac4ea20ef59c6f87a7afc19d2,b4286a8464de90bc5678dbb58dc73f3900aa35dc066edbd52fb35e94d61377a7
731,baskball,2,active,ARFF,53265,binaryClass,2014-10-04T14:31:53,96,5,4,1,886bc7d1261486c10b10a68dd2fce6b3,2fe6d0f913acabc21b588ddf678e2650007ce24cdbf2db9ecca3a4b413bc68aa
732,fri_c0_250_50,2,active,ARFF,53266,binaryClass,2014-10-04T14:31:54,250,51,50,1,533f804d6ef40029cb836449a485c947,b4af26b2651e7c7c163be1b0ddd3899bd330d7ab99ede00380872ed16438017c
733,machine_cpu,2,active,ARFF,53267,binaryClass,2014-10-04T14:31:56,209,7,6,1,004fc28b2e3527038e2fd7b03d84aacf,3cbcf235351c4e7b755f33971322d998b9be637cd09b5905bfb315f2e11ce752
734,ailerons,2,active,ARFF,53268,binaryClass,2014-10-04T14:32:00,13750,41,40,1,bff4416605881612ccf31d834da0c7c7,267efbdcac409464e564300befaf756c831a582f0bad9a53a65e199632d5d59b
735,cpu_small,3,active,ARFF,53269,binaryClass,2014-10-04T14:32:02,8192,13,12,1,771b988d9441e547fbcb77d042652e8e,96e7ccdc3c6b693f6f7a2a3066fb1dd7a81f454141b04379e36e8e9868a3b0a6
736,visualizing_environmental,2,active,ARFF,53270,binaryClass,2014-10-04T14:32:04,111,4,3,1,24ee5955e898b4e5f27707955f6b85f5,02afb66d4baf914fe69319e2d25495a4f8d1e9ee17bbec805864561d85dfb88f
737,space_ga,2,active,ARFF,53271,binaryClass,2014-10-04T14:32:06,3107,7,6,1,17a346ed935c81d07a67014879c97722,1561a25c786ec741403bf20a3774fcc7016ef014f985d7ae3f0a5223a791255b
738,pharynx,2,active,ARFF,53272,binaryClass,2014-10-04T14:32:08,195,11,1,10,2a8943b896878da4bd4f923281799315,32452dca7f5422e2677e5ad35101801ce224b612900f9b6f68636f40b0e5d3f3
739,sleep,3,active,ARFF,53273,binaryClass,2014-10-04T14:32:09,62,8,7,1,181cc41d618585b6e4cf36e84f2bd48f,ffa8fb534152c06cf9f40601c73cbcf40082d370b83d36244fb97b83f672c52b
740,fri_c3_1000_10,2,active,ARFF,53274,binaryClass,2014-10-04T14:32:11,1000,11,10,1,e63ace5154bc0bba5754a1520bbde8a4,123c81d2fc0d8711f99fa39b56e215f524d8de4ce0f25c88640f6b97c621aa2e
741,rmftsa_sleepdata,2,active,ARFF,53275,binaryClass,2014-10-04T14:32:12,1024,3,1,2,3c9bd47fa88ddefb363c3f99dd902c33,09791934026acbc75727749a41bc50ad42f78a7dc36efdf1214b1d99590b6b20
742,fri_c4_500_100,2,active,ARFF,53276,binaryClass,2014-10-04T14:32:14,500,101,100,1,e6f14d0a380517f61cf29f1f92c87db3,be0e0c3e87025794e56e60ffc56e01605ab5651ccba1b0bf014ee97ba296e6d3
743,fri_c1_1000_5,2,active,ARFF,53277,binaryClass,2014-10-04T14:32:16,1000,6,5,1,421331f7f6ec32223aacbda7942d57b8,9491a2810a366c58d290ba097a5b96bc464bef604eb6c97687bd6693e89ec972
744,fri_c3_250_5,2,active,ARFF,53278,binaryClass,2014-10-04T14:32:17,250,6,5,1,e4a06f44081bc8f10efd41b7fc3212a8,e4d537b21fa86c10a3b93d4d68f813d98683295babc79a676eb249e7bd91dbbd
745,auto_price,2,active,ARFF,53279,binaryClass,2014-10-04T14:32:19,159,16,14,2,d48bdbd1d88d973d8943a60f76dae188,6ecaf8d2b51df709e85e9956cd26f015aee3318bc100217c0148cbaef6d8de52
746,fri_c1_250_25,2,active,ARFF,53280,binaryClass,2014-10-04T14:32:20,250,26,25,1,8fa91a4ee3c8e4585b14b710f726fa1c,cd90c15b38d156f8deca3563c739a4f04148899d501d0ca8c823d72cd55d6c32
747,servo,1,active,ARFF,53281,binaryClass,2014-10-04T14:32:23,167,5,0,5,6e0a72789419a88a732bc99cacc7bd3b,98cd02a78a0e27bc296497ad2cdbd692d6f03c2f2267deb8d53f8e1a731e0f3c
748,analcatdata_wildcat,2,active,ARFF,53282,binaryClass,2014-10-04T14:32:24,163,6,3,3,44919efbe9c9068ef4e2065ba5a096dd,0fc9fafec999a6337e9bd50128a7c6b791dbd054130a63459df0a2e94bd47909
749,fri_c3_500_5,2,active,ARFF,53283,binaryClass,2014-10-04T14:32:26,500,6,5,1,3e18b763dbd759d66776d7160592dc25,c7ef78b971d5b30cfeefaf5f57eaac923f05985718746fefba70546a580fa52d
750,pm10,2,active,ARFF,53284,binaryClass,2014-10-04T14:32:27,500,8,7,1,f908f55c8b1302819860c0d7732d1255,36b7ab87ef42963796b8c29178ceff13dbb7663e36c49e72de95486845b33b89
751,fri_c4_1000_10,2,active,ARFF,53285,binaryClass,2014-10-04T14:32:29,1000,11,10,1,372a365423ed11a86af91443a0481dd2,b166aeb8db03d8b76a3b727a9b2b89070349992924401a308870cba535d857ab
752,puma32H,2,active,ARFF,53286,binaryClass,2014-10-04T14:32:32,8192,33,32,1,059ec10370367752b9410d71a989631f,4509357688aad0d159c29a83dd3c8453ded669067911789dea838b6522447ca8
753,wisconsin,2,active,ARFF,53287,binaryClass,2014-10-04T14:32:34,194,33,32,1,503b6b8179291983878118b887f26727,bbe432c1b814fbaec66b5179041c50a585a2233ce9f289c26b7a6f2850ec1d8c
754,fri_c0_100_5,2,active,ARFF,53288,binaryClass,2014-10-04T14:32:35,100,6,5,1,59129e42c0c950624f48f4a6330eb8f3,a8fe94241f018a868d03fc413c019bf0ddef246c66863b697ce1a966bfabd3fd
755,sleuth_ex1605,2,active,ARFF,53289,binaryClass,2014-10-04T14:32:37,62,6,5,1,20ca25599a405458907f63b593317850,610251b1e40aacf795451f70c2c2216089aae66cb0e4a380498f9c22d5a7d0fc
756,autoPrice,2,active,ARFF,53290,binaryClass,2014-10-04T14:32:38,159,16,15,1,f38c1d215c51b77f50c0042ba92d58a2,34dffc56136ed50999fb5818965f295d099da914b5dc9554665e3603952576c9
757,meta,2,active,ARFF,53291,binaryClass,2014-10-04T14:32:40,528,22,19,3,04aba4fb2133e14cca4b851b4d8b5305,07671ff32a44d43d81c6f92dccc2feee74920d77b30d59e2be394142b57f6ea0
758,analcatdata_election2000,2,active,ARFF,53292,binaryClass,2014-10-04T14:32:41,67,15,14,1,d25a29d4b593a224b9b3823f9e51d363,d82ddbb964edc9049401373d65886c1909def1c05f074680ca21a403b712a2dc
759,analcatdata_olympic2000,2,active,ARFF,53293,binaryClass,2014-10-04T14:32:43,66,12,11,1,9333ac742c504f0ad9a3ddd726d15c9e,fa24a4423f6ff0efe857a3c3be29ce59947b1cb8e99e8d2bf8335d429c7ac546
760,analcatdata_uktrainacc,2,active,ARFF,53294,binaryClass,2014-10-04T14:32:44,31,16,15,1,9abcd385714fc83861ab83e50b967cd1,f611d6cf66cb3cd9b18c67817ce76ee3188d074e93828e2ec3f3efda3b977960
761,cpu_act,3,active,ARFF,53295,binaryClass,2014-10-04T14:32:46,8192,22,21,1,b24af4bdcb5687a3af42ff7582f7d611,600b467b7af5f92305dcdad5de66ad81c15ab7fdf6a4d8c229c47748ce5882dc
762,fri_c2_100_10,2,active,ARFF,53296,binaryClass,2014-10-04T14:32:47,100,11,10,1,6cb3954a3a5a3a0a4b4815d010dbb241,4100130fa58bf7c1708224a81a7965bd52ac047972a2f89b15668297341e9e66
763,fri_c0_250_10,2,active,ARFF,53297,binaryClass,2014-10-04T14:32:49,250,11,10,1,604d8467eb6b9d1277ab19c19c5ec50c,a611dd95d9e4985a0150203dfed882f64e16e5898f55e6aca0cb477228ccbb0f
764,analcatdata_apnea3,2,active,ARFF,53298,binaryClass,2014-10-04T14:32:50,450,4,1,3,99a3de059e0a7eac815e36d486fec8b3,331c162447ce77bc755ca007d1f3ee0a8bbd2a419ee1524f22e1ac463048e896
765,analcatdata_apnea2,2,active,ARFF,53299,binaryClass,2014-10-04T14:32:53,475,4,1,3,6b46ec0ffb48e67a059697d58527ee62,f354bedfb2465a2dfc20eaf99bc893567baad4a8db0147c1750d217f98c0f106
766,fri_c1_500_50,2,active,ARFF,53300,binaryClass,2014-10-04T14:32:55,500,51,50,1,745bc7e6da2a87e59436a0f52302ee35,fd95df95742611b88901c9ad17cd7ee7550b1e42be9cfba6c0cf6b0570b51a32
767,analcatdata_apnea1,2,active,ARFF,53301,binaryClass,2014-10-04T14:32:56,475,4,1,3,24b54b6192cfe4ece654a4b002479b82,f0a5954358702d957951a91a1c79f2328c71f91d20542fef8ce8bf4d9a32ace2
768,fri_c3_100_25,2,active,ARFF,53302,binaryClass,2014-10-04T14:32:57,100,26,25,1,c887db5030a3ee07214ef2b5e1359472,71bfb423d5966e3f56d402199adc5e18676e9db24f6f292351f441794b66f978
769,fri_c1_250_50,2,active,ARFF,53303,binaryClass,2014-10-04T14:32:59,250,51,50,1,cc775c2f4aefb1c4ee2ec2d1e3e6543c,b3c555a7e62799c0ec76f59854f688fb52913b0cf9d4125cf02e6c02d58c146e
770,strikes,2,active,ARFF,53304,binaryClass,2014-10-04T14:33:01,625,7,6,1,1504c647ee1771753339e837a7db568a,8b0b2e590ce9a6e9b7b9e34dd6b6f17f3ee83110ff204c02f9b62908b75d2c2c
771,analcatdata_michiganacc,2,active,ARFF,53305,binaryClass,2014-10-04T14:33:03,108,4,1,3,6f4f9838af7da3aaa66fdad5e9ddd164,be6ffc16c76c523dc75fb4289c0b3f673671582829f120d7132475260c012c9c
772,quake,3,active,ARFF,53306,binaryClass,2014-10-04T14:33:05,2178,4,3,1,e729512f04875d5822a8e2a3ca1f8f2e,19f9b867db1026dcc73d597a50e80b6984334833629c61d01f57a9d56b3b6f56
773,fri_c0_250_25,2,active,ARFF,53307,binaryClass,2014-10-04T14:33:07,250,26,25,1,030a5b057692c85b5c91616dcc4bf630,9509e5a8303de3af1b728516bf70e3e9c086b175dc1e9eda16581b82e0c69fa4
774,disclosure_x_bias,2,active,ARFF,53308,binaryClass,2014-10-04T14:33:09,662,4,3,1,184a122b159fa0a0c18326d8b56dd191,3ace6a7fe5f25d4a29fe67d6f93f0e7fc6d368e0433889a8ed336b49e9ebeb52
775,fri_c2_100_25,2,active,ARFF,53309,binaryClass,2014-10-04T14:33:10,100,26,25,1,55b9e52f8c2945ae3fad31e47c610299,91ed9a9fa2c08f256c612869ddfd70127b1656b729c821667b6ef5feb64adb99
776,fri_c0_250_5,2,active,ARFF,53310,binaryClass,2014-10-04T14:33:12,250,6,5,1,046b2d67c528705fc33e0a95e0001b7a,82653996dcb7f86ed30fb57593e5d014d25cdd0601625650f6a35ce440aee830
777,sleuth_ex1714,2,active,ARFF,53311,binaryClass,2014-10-04T14:33:14,47,8,7,1,f591e88d14c3829f8f87a6632e52cf82,c77f8efa5b67df05fdbaf93d73baa3008e5bc388923c16d736bb4fd03aa02e6f
778,bodyfat,2,active,ARFF,53312,binaryClass,2014-10-04T14:33:15,252,15,14,1,23157f0dec9734817bfaf39f17e7cc15,3fa047c40e8917db059957ebee4882dd8d2c68e7a84cde2d9aed1f25ecdfa64a
779,fri_c1_500_25,2,active,ARFF,53313,binaryClass,2014-10-04T14:33:17,500,26,25,1,79bb7eeff1d74f24598403f070064a49,89578f553a707a447afa81ba95c4fc7cf2105687104708dec943527263ec328d
780,rabe_265,2,active,ARFF,53314,binaryClass,2014-10-04T14:33:18,51,7,6,1,8c48480459e54a6e077c8c7170f31491,b99fe871b45fe6f4cd92625321896b3dcbc1f340443ae7c87ed0980140bbcb75
782,rabe_266,2,active,ARFF,53316,binaryClass,2014-10-04T14:33:21,120,3,2,1,7d5a51703e79c2be0214ec07a1abb0e0,313b3cf4069498a604ea9bfcd4acf06840570d3a8c3dbdf58021b21774820e55
783,fri_c3_100_10,2,active,ARFF,53317,binaryClass,2014-10-04T14:33:23,100,11,10,1,28724a812c5fd4682169efdd399d9d26,2854e57bb72b621eb176855bfe294c0cfbda9d49182888da9e8ac1b7554d5e5f
784,newton_hema,2,active,ARFF,53318,binaryClass,2014-10-04T14:33:24,140,4,2,2,a2cca076017216be4203e7f51518e107,2d8684445f98989314af8f589bb1fb04fe1d7f74e90b799fab26af2790947b51
785,wind_correlations,2,active,ARFF,53319,binaryClass,2014-10-04T14:33:26,45,47,46,1,f4d85422ae5e36007a0b7ab88e53721f,8eb6c01f34fcd643c45d82957334ac9101ee79e1e615c5646519bb06d36fd7ca
786,cleveland,2,active,ARFF,53320,binaryClass,2014-10-04T14:33:27,303,14,6,8,7f0a8009cf5af006a7b4d81fc78940cd,36768acf5ca7d22dbadb7e3a5353a1a9b901480bda364626e1a10d23e5019914
787,witmer_census_1980,2,active,ARFF,53321,binaryClass,2014-10-04T14:33:29,50,5,4,1,fd8466b6e7a5777ec2e17ff1d0d88b41,1a3c043fd17281ae8289c0af17888eb68bd9ec5cb2014d7f8e73c9c050c7462e
788,triazines,2,active,ARFF,53322,binaryClass,2014-10-04T14:33:30,186,61,60,1,e6f1cf4313611497a619663f952a405e,e29cd6e45a20fe1328be3e1fb66bf2e1619087d961706f046e7b418e6cc5af72
789,fri_c1_100_10,2,active,ARFF,53323,binaryClass,2014-10-04T14:33:32,100,11,10,1,e772dd50c4ea72b15e1d1e43510cdf29,317161682fade3464da7a22ad95a1942623d4acd96a09688df895547924a8a9a
790,elusage,2,active,ARFF,53324,binaryClass,2014-10-04T14:33:33,55,3,1,2,56921ec2a7b662e3c13672503784ec26,ed74b555c1d597e0f3b4ec1be83f35763fa88b754c33c6b9f55b71e121cde60f
791,diabetes_numeric,2,active,ARFF,53325,binaryClass,2014-10-04T14:33:34,43,3,2,1,5a57b11b32bcd1dd113adacc26feb29d,bac8bd4630bc1b6aae1b26a36bf2ec02d282546459b4eee7fd1b65d9d8896b58
792,fri_c2_500_5,2,active,ARFF,53326,binaryClass,2014-10-04T14:33:36,500,6,5,1,ac4e0547201c4f7c97153e56a081607b,776974e6bbb9fa05520ae280ad909040a478799c0b877ec07a453f2f1005b6e9
793,fri_c3_250_10,2,active,ARFF,53327,binaryClass,2014-10-04T14:33:37,250,11,10,1,7b0e8e6ae99aac3ad9b23d61a80bf959,52ed22ab9e199aa1e83824e6f2c4a4ea5e1e09ca2975c5d105dcedfff2146b80
794,fri_c2_250_25,2,active,ARFF,53328,binaryClass,2014-10-04T14:33:39,250,26,25,1,d15ed220887add5655f96fa4e649113e,268b904aaafd4be8012e27d521ee5e8b80ee5271147dde1dda8fb92c9321f523
795,disclosure_x_tampered,2,active,ARFF,53329,binaryClass,2014-10-04T14:33:40,662,4,3,1,eb275ab18e598a2d1f7e24cf4543a611,fcc72ffb4dd4db99c66ee31e146253169748b5c220a96a0c871b505923a20204
796,cpu,2,active,ARFF,53330,binaryClass,2014-10-04T14:33:42,209,8,6,2,ccc538f4f8044bc127428563349f80bc,a0434527fd3dfe7b4e3fcd25445446939b671808eda73b4f07b3ac397cc5905c
797,fri_c4_1000_50,2,active,ARFF,53331,binaryClass,2014-10-04T14:33:44,1000,51,50,1,06a5375e68f6b406f921145da3dbdd91,19770c879d40a65c88817a09e47e469e39497259f9bba93a39cb7c560098ee8a
798,cholesterol,2,active,ARFF,53332,binaryClass,2014-10-04T14:33:45,303,14,6,8,4a57a6bcc11d144b715f2970f6824fe3,400ccc33fdeff09871644e839a7e232f0221e74f179e9198f71556dc93c7b30c
799,fri_c0_1000_5,2,active,ARFF,53333,binaryClass,2014-10-04T14:33:47,1000,6,5,1,8107c379879c9cf3be25c96ceecf3e36,f63bacdc6438b192f313be32ea101ee717cbe406c0eabbf0b93c37545b3e980d
800,pyrim,2,active,ARFF,53334,binaryClass,2014-10-04T14:33:48,74,28,27,1,f4b674bd7baa01a88f0247707eafe025,439bb6c1c73b5f76937400094b3b29ef04ccf372ac01ba33f6c6cd9695c0ae81
801,chscase_funds,2,active,ARFF,53335,binaryClass,2014-10-04T14:33:50,185,3,2,1,35f1c9193022ba67458e68cb9fc0ac05,b6238810fec7df37a5f68cead00a17e83cf2cba22f08c11bea34c5b195fb961d
802,pbcseq,2,active,ARFF,53336,binaryClass,2014-10-04T14:33:51,1945,19,12,7,78f5b312a52be517f25e60e3f8dbded0,81c87ace73c442ffb17912c6118ae54a022dd43c481fec90791af1d2b5233dc3
803,delta_ailerons,1,active,ARFF,53337,binaryClass,2014-10-04T14:33:53,7129,6,5,1,1dbd4ae50e6f11f476efb9456aea1541,005d7e6b6db0c601dea67d3f8da9c0f7fa2fe2e284455f3a818be7d16dab1d58
804,hutsof99_logis,2,active,ARFF,53338,binaryClass,2014-10-04T14:33:54,70,8,3,5,fa59506aabb93dd68762eca9d877a436,16b01668eec704d8f6c178f32cff25ae688538ab0899973959dd77d471267f83
805,fri_c4_500_50,2,active,ARFF,53339,binaryClass,2014-10-04T14:33:56,500,51,50,1,e05d9e0a03dc1ef09b0561e0cf7c24c3,c9c422c8d4d29ed77c401335b1b644d30b425bb0abf528e25a8c195ac00c42e0
806,fri_c3_1000_50,2,active,ARFF,53340,binaryClass,2014-10-04T14:33:58,1000,51,50,1,7bb408c5a3d5b3c5f113c285f2092d9c,cc2315ef1d55b0f06777f027bbadaadacfa6af6601a552ca99eba1c32f3fb226
807,kin8nm,2,active,ARFF,53341,binaryClass,2014-10-04T14:34:00,8192,9,8,1,315451c3c9608ff8a56fd2c785d84830,abfc6ef7db1b6e419008f751e87c2bfb0dfdaf4b87c9b26e98993fd05e7015ac
808,fri_c0_100_10,2,active,ARFF,53342,binaryClass,2014-10-04T14:34:02,100,11,10,1,5b8575a3611704c3829affc09b1d6eb9,68f44279581ef7075c73cd7f6d93fc1d6d4e718e545972fb3032a06b4ed3741b
810,pbc,3,active,ARFF,53344,binaryClass,2014-10-04T14:34:05,418,19,10,9,99d45cdd7c27aee4c07d794275b12f87,00cea7a3363abd164673780f6ee04f1a92c38c82c0b1f77ef34765a66db15ec8
811,rmftsa_ctoarrivals,2,active,ARFF,53345,binaryClass,2014-10-04T14:34:07,264,3,1,2,8a20504736c789e0e745e15ab84c3b9e,e215c0cc9772dc18020d68eba7bbe3b1add721b27ae9296b5b009698ecde4c99
812,fri_c1_100_25,2,active,ARFF,53346,binaryClass,2014-10-04T14:34:08,100,26,25,1,9fe5e616183c8f94d562e307c50e2529,ffb94914d081daa9944837dbbedee2b85d39c11697d471c8cffda272a25f9aaf
813,fri_c3_1000_5,2,active,ARFF,53347,binaryClass,2014-10-04T14:34:11,1000,6,5,1,83b74c624c4ac88b644062821d2fbd73,de5a5fa2f2966bd131c316f9b9c81438816bfea666eaabb79ad401c9f35d3d0b
814,chscase_vine2,2,active,ARFF,53348,binaryClass,2014-10-04T14:34:12,468,3,2,1,87ae5a0d149499c15192456b3bc4b857,0234f87826733fcdc7d06ad56f1f1d66ffc69f4f349eef5e73a6b86ea42f1b58
815,chscase_vine1,2,active,ARFF,53349,binaryClass,2014-10-04T14:34:14,52,10,9,1,61f3b365b33f78813c19153db9ccb8a5,49be5c51acee9f9a9bb15c9ce3e695203d70d50895a8204f0f64fef3067119a8
816,puma8NH,2,active,ARFF,53350,binaryClass,2014-10-04T14:34:15,8192,9,8,1,149bcdf84af7140df486f8466cce33db,6cf413925bf34819bd4b1bfffda3d623df779befe2254b73f4cc45d4ee6a8f7a
817,diggle_table_a1,2,active,ARFF,53351,binaryClass,2014-10-04T14:34:17,48,5,4,1,555e21b8abe5b01fb2fe26872b49019c,70bb240ae14c9e208221cfc5b20428bcaed4902ddbac9fcf64a4e0af31ffbb00
818,diggle_table_a2,2,active,ARFF,53352,binaryClass,2014-10-04T14:34:18,310,9,7,2,f11fc2695d036d17092ccfff23e7743c,09f3515cb5cc3d1393bfdc74459c7a4fd201d683d36b841b8af3ba57da8fbf8e
819,delta_elevators,3,active,ARFF,53353,binaryClass,2014-10-04T14:34:20,9517,7,6,1,06950eb92fdac7017135f3e9c92b4c9c,fd8f4051a7a154e96a03c27578b8b8a2660dc2fc84563a6ee3267b1e80832939
820,chatfield_4,2,active,ARFF,53354,binaryClass,2014-10-04T14:34:22,235,13,12,1,7ed349ca788719337858268d15c438bf,a9241a91edb16e1d75bb08e91ed867e6e4a942f0a19e0bacc7c432fdd9b53e30
821,house_16H,2,active,ARFF,53355,binaryClass,2014-10-04T14:34:25,22784,17,16,1,e43caa29c2a52a3d15843300a3f423f3,3331f28a83b4747029c7b937ebd7ba686745484bef87aa95bf5861c35c9a9d84
823,houses,2,active,ARFF,53357,binaryClass,2014-10-04T14:34:30,20640,9,8,1,9b80ae72ca6149105816d9c2f8fa61a9,275a492d0bdab9eba33b724a5b7abda117566e54d632ce42d793eb270edce759
824,fri_c1_500_10,2,active,ARFF,53358,binaryClass,2014-10-04T14:34:31,500,11,10,1,03a5c125c00f749f61292e0b75ee7451,254c695d4e71b4c25a6ec093eb5241da288b3e7cb00f9d23c324cf2d38c1b2b1
825,boston_corrected,2,active,ARFF,53359,binaryClass,2014-10-04T14:34:34,506,21,17,4,b1b178fe00338f5bc1b571ef01683811,a90062b7822078e6edb5b1e1c0647fde7c16126836bf4c91ce45ca3dacee52eb
826,sensory,2,active,ARFF,53360,binaryClass,2014-10-04T14:34:35,576,12,0,12,c0bf5037bd348c0433de6701dc835715,cf43aa1838630eff71856d03db2ebf8c27f79e9607b6a14cded06f658d18f304
827,disclosure_x_noise,2,active,ARFF,53361,binaryClass,2014-10-04T14:34:37,662,4,3,1,29e0d9405f1cad185971db23a0e22560,5d3b0e86ed843cc72fba2d19c1f2b7873b9b269152d30a081bb19c4de77f5c88
828,fri_c4_100_100,2,active,ARFF,53362,binaryClass,2014-10-04T14:34:38,100,101,100,1,1ec8e9f85107bccb7d81df69c5c85d9b,285934b836d7741c1f97af09de6bf3e006be833d4b05b0de32c6514d65e3ee30
829,fri_c1_100_5,2,active,ARFF,53363,binaryClass,2014-10-04T14:34:40,100,6,5,1,00eabd5625e40abe4f81310e5cd82055,54638b1aa84be71e740720e11aa565418e4f93b5bd294107f71d191cfb3b2f41
830,fri_c2_250_10,2,active,ARFF,53364,binaryClass,2014-10-04T14:34:41,250,11,10,1,fea5068ab77481a1a0d577d7a7a8bd1b,5a9ca668f61d34ecb4cb3199dccb4b091c5ff6a9e145aab4727ecd86717b7b63
831,autoMpg,2,active,ARFF,53365,binaryClass,2014-10-04T14:34:43,398,8,4,4,d0f2eea97e6e607a214a83d1bbef5279,e6491d4911f3f3c5346522d79790cc3de9f51901439ee5fc1935673fcce3a8c9
832,fri_c3_250_25,2,active,ARFF,53366,binaryClass,2014-10-04T14:34:44,250,26,25,1,1ce9252097ec5b8625514027c669a675,933dfb72f9e25f7878a56063b7b9239f418dd2916dc758134196caa203f1c0cd
833,bank32nh,2,active,ARFF,53367,binaryClass,2014-10-04T14:34:48,8192,33,32,1,bd63b7da7b8d1a5c9553f3b410d4a3b1,f7b33d588a0606d7d0b92f078f88e45f85610f99865b825bd7b768060161b24e
834,fri_c4_250_100,2,active,ARFF,53368,binaryClass,2014-10-04T14:34:49,250,101,100,1,820420c290e0a5b1fcea2439a2f7026a,b377de0ba822662cb6cbf9bb91fb92d594b1b88459c1825b479e7440ce59ac5f
835,analcatdata_vehicle,2,active,ARFF,53369,binaryClass,2014-10-04T14:34:51,48,5,0,5,2de5fc79fae7e0739512b50cd7ce3ff5,9659faf403d22f336d5e6637893b1fe531649289b7037546c750018fbf830177
836,sleuth_case1102,2,active,ARFF,53370,binaryClass,2014-10-04T14:34:52,34,9,5,4,b3f6751ff38c5741cd1bcd4f68d7f196,5fc43f24d9d7955d0329d0fd32571550ef7c75d7d1d911d4ca659dc41166c641
837,fri_c1_1000_50,2,active,ARFF,53371,binaryClass,2014-10-04T14:34:54,1000,51,50,1,ae3a4f649f9132584d72fb90990f12b0,f1e873d358c5b74df94bf39364826d577f4d4dc6a643f2702901cec30cd40913
838,fri_c4_500_25,2,active,ARFF,53372,binaryClass,2014-10-04T14:34:56,500,26,25,1,f195e50ddbf4763352c110ef6cf880b0,87a8d8630fe40aa98c1d079e84bdec0af90b39455461144d49cd31352aff09b7
839,kdd_el_nino-small,2,active,ARFF,53373,binaryClass,2014-10-04T14:34:57,782,9,6,3,2766b6b5354e96ab21f4a517e2d34017,be1f5cc01d31656862612d139517951903c5b1fa252c70700fc5338251f4ffc6
840,autoHorse,2,active,ARFF,53374,binaryClass,2014-10-04T14:34:59,205,26,17,9,2ef44beca62750c85eb6f4ee59c4773f,f153604723f9cee755d791054ca9f108a318071acf37b9c9ce2d65dc9bc6da95
841,stock,2,active,ARFF,53375,binaryClass,2014-10-04T14:35:00,950,10,9,1,ce32d61c323dbc3be759288f3feb9e4d,f23816446297366c21ff79638df8d7fa59a06e1729db54f7140c4b548b979851
842,analcatdata_runshoes,2,active,ARFF,53376,binaryClass,2014-10-04T14:35:03,60,11,4,7,c7be9f84499fc740323d9bc12ad34f12,d0b97c851163397ae43eeabdcf13b1e8d962ce46d6cf2d67ed7efec20da87828
843,house_8L,2,active,ARFF,53377,binaryClass,2014-10-04T14:35:06,22784,9,8,1,94f1ff8caa90928e35ba8de078331dec,a81e5937be91da1fb2dd27b03b773cdeb7b0af67388b4cdff368195177e5e383
844,breastTumor,2,active,ARFF,53378,binaryClass,2014-10-04T14:35:07,286,10,1,9,234f6a47c0636efb4d026d2a0458a059,472d56cb071bc7d5a3236e34ef1107e3250852ec7ec496075ba066435fd734e9
845,fri_c0_1000_10,2,active,ARFF,53379,binaryClass,2014-10-04T14:35:09,1000,11,10,1,fa046157e8b432a14c37c838bb6eebd5,13ce52e6434c281e58332e43f05cda64eada16da5775394000951e848a41919a
846,elevators,2,active,ARFF,53380,binaryClass,2014-10-04T14:35:11,16599,19,18,1,1faf9b133d7183b17b9b096a0484731b,9533abd74b671d93a04074d346586faa9377c8c8878ce0882f4b02b6a78230c0
847,wind,2,active,ARFF,53381,binaryClass,2014-10-04T14:35:13,6574,15,14,1,e5052f6bc3c806feb42d96e58f82dac4,415a17c51d8c848d1e7e19a22e0513c76104717fdc03d91f97e577d45301609f
848,schlvote,2,active,ARFF,53382,binaryClass,2014-10-04T14:35:15,38,6,4,2,4146f66f5498def5ecee61e9d28c8113,ad34dd83a4f657bfec72712f10f1d1b91a1238cc3ea84cf878034280ba30757d
849,fri_c0_1000_25,2,active,ARFF,53383,binaryClass,2014-10-04T14:35:16,1000,26,25,1,9af1aa6512f49d92543c442dbb0938f8,87ff57935eae73445159e2c0ec4292c1d0ac0eb16c167b6c21324d4c2148f05b
850,fri_c0_100_50,2,active,ARFF,53384,binaryClass,2014-10-04T14:35:18,100,51,50,1,2a007fad925d6e0785ad2f21483c13a6,5f0b564b4efa7b8e2948f45ebe366bf042e4e50cbfc433321fec93262405f9f2
851,tecator,2,active,ARFF,53385,binaryClass,2014-10-04T14:35:20,240,125,124,1,740d4933d69d409e0bee9cee5410162b,f88453fb79672d7a170cd637783285df778997b999d35fbb8fd36e76ffc767f8
852,analcatdata_gsssexsurvey,2,active,ARFF,53386,binaryClass,2014-10-04T14:35:21,159,10,4,6,2814d78054602a9ad2d28bb622e43a4b,98216f05aeee551e56566582e83a71888579b5b238b23fb223a71425c308b442
853,boston,2,active,ARFF,53387,binaryClass,2014-10-04T14:35:22,506,14,12,2,2f724d0f3c3ad0c0b71ce65300204fd6,77ee619596f42232cbd9e0bf8e9faf36aaf1e355e3792cc42d1d76829d861770
854,fishcatch,2,active,ARFF,53388,binaryClass,2014-10-04T14:35:24,158,8,5,3,9163d58de1180973be922785f2d50b43,074027af9526048fc69e1627accd86516153130b283d5c8f405485dac3296b45
855,fri_c4_500_10,2,active,ARFF,53389,binaryClass,2014-10-04T14:35:25,500,11,10,1,de9c4153089a44db10de879434592f01,fa60b038005b939ff8f0fe0fd8e0288ed5666ecabf7d6ca0f52e2b58a43488a3
857,bolts,2,active,ARFF,53391,binaryClass,2014-10-04T14:35:28,40,8,7,1,501e0b60b3e2fc029849a3606f2e7b8b,ccef04ed9ae89ab0981cc286d935018492664471f6514d31e79f2fa59754e299
858,hungarian,2,active,ARFF,53392,binaryClass,2014-10-04T14:35:31,294,14,6,8,5f4ba166f0f7fba4b6a5947e742bb575,dcbaa2a1b797f6242a58db54fee591ff33d16905e19541fb114b415b80ec4b86
859,analcatdata_gviolence,2,active,ARFF,53393,binaryClass,2014-10-04T14:35:32,74,9,8,1,25816da8ef7bb9536249fd592cfbf796,6b68f91ccb95a19febf43fcb670b0148a6d9e29a50260cb3520eb6e8d3915260
860,vinnie,2,active,ARFF,53394,binaryClass,2014-10-04T14:35:33,380,3,2,1,c25b3d7d62868edab30e89fdcea5b331,5abb087118f7b5ab640e0594cb32a07208b9f29b75829c2c2fe1bc452b35665b
861,auto93,2,active,ARFF,53395,binaryClass,2014-10-04T14:35:35,93,23,16,7,517f20acaedd36a0ef18f221e496cb1f,6bf3fb99ddb533c4424d3324727ebfc617824b70e5daa22d51b3a16fefe06eab
862,sleuth_ex2016,2,active,ARFF,53396,binaryClass,2014-10-04T14:35:36,87,11,8,3,1a127927fd1e8b95a6c438864a30c993,23855ed6d1be8220daeef313b6fa87c7b3a47063a8b4347f9ca8702a43e0bc0c
863,fri_c4_250_10,2,active,ARFF,53397,binaryClass,2014-10-04T14:35:38,250,11,10,1,80e3c2a85eb9c36a10fcfecf9bb609da,94806a47adb2860c162a59d708f5e4e885845d0dc7627b6c481986f5a3da36b3
864,sleuth_ex2015,2,active,ARFF,53398,binaryClass,2014-10-04T14:35:39,60,8,6,2,30da70935732dfce6ee2967636eec325,06eef7e2dcab1d0769cba9fb089bbab43a951f89ad76d5e77ac20de2131c26e7
865,analcatdata_neavote,2,active,ARFF,53399,binaryClass,2014-10-04T14:35:41,100,3,1,2,215df956a936e6694fc182385bc3a5ec,66cdbc1cc9a866c71a1c02fbc72e4d115da6e59a14124fd40f71aaa729a19786
866,fri_c2_1000_50,2,active,ARFF,53400,binaryClass,2014-10-04T14:35:42,1000,51,50,1,eb85a289c019b93a065511795df0318f,d7b252a44c8f4b350c0395e4b9cb5d88992fde23067ec98bf8a0ea8875a561ee
867,visualizing_livestock,2,active,ARFF,53401,binaryClass,2014-10-04T14:35:44,130,3,0,3,fbdc36778003c62d2f1dd49244c0dd0e,3a2f90ba61d22030cdd55023238a88507379d8069f4d36469494324b9db32488
868,fri_c4_100_25,2,active,ARFF,53402,binaryClass,2014-10-04T14:35:45,100,26,25,1,2b4b7dda0b5d0af5541652cfd418dce2,c8ce52c525adb11b1f7907a39de0a84973a21d077e201569dcfd2b2f9c0f2a98
869,fri_c2_500_10,2,active,ARFF,53403,binaryClass,2014-10-04T14:35:47,500,11,10,1,d6aa7c458c6d1d970993ecdab601cb1a,5133c9c7909497f35adf8f236198983cfa56c01877fb8464ff5498892be0fcdc
870,fri_c1_500_5,2,active,ARFF,53404,binaryClass,2014-10-04T14:35:48,500,6,5,1,d2f0db4eefe80e5ca101a0f0e22b26e1,61483c9a1f4b8c76daf61d9cb98349018715244ee57dc8402781ccfe9152ca1c
871,pollen,2,active,ARFF,53405,binaryClass,2014-10-04T14:35:50,3848,6,5,1,79918bc99aa578b3fd884a99b297812b,2726eda24411564c8a968a68243d9f29d1ea0bcbbf625d8d701b8b2487201ef1
873,fri_c3_250_50,2,active,ARFF,53407,binaryClass,2014-10-04T14:35:53,250,51,50,1,b7e25e3da9f0edcff7fdcbbe03e306a0,159dbe2682adccb96fec67250f5ffd427e20faf0e492d8b79cf5995b12fd6d7a
874,rabe_131,2,active,ARFF,53408,binaryClass,2014-10-04T14:35:55,50,6,5,1,e37bfe9efa47d6cfcf1779a4725defdc,ada8a70d4d8ec18b08d66a5c6185b022605effae01c8215de3e0d3203fc3c762
875,analcatdata_chlamydia,2,active,ARFF,53409,binaryClass,2014-10-04T14:35:56,100,4,0,4,64ea9d0328d414960e46bb409cc43cd0,00a8e6667efdacf44d1fbe08566a507a7c2ad4071cdabbb192737fc621b98738
876,fri_c1_100_50,2,active,ARFF,53410,binaryClass,2014-10-04T14:35:58,100,51,50,1,8280780704a4c27bae264340d689389a,11615422f2f7eb40f00a6c8745f5f56ea121dfbdde9d462b3e6329710e1f83e2
877,fri_c2_250_50,2,active,ARFF,53411,binaryClass,2014-10-04T14:35:59,250,51,50,1,64e840671797249298e8ec108fb2a6a1,1888beb6ce400c8640e6f2bda003ab131368390fc4a87359f03e6b95b70b77ca
878,fri_c4_100_10,2,active,ARFF,53412,binaryClass,2014-10-04T14:36:01,100,11,10,1,2b0b2a8c96390285a0a6e0c7a4f50b92,d37bd687e9efc922c66c92778e73ea001f508aa34967543e728bb4022d1797ac
879,fri_c2_500_25,2,active,ARFF,53413,binaryClass,2014-10-04T14:36:02,500,26,25,1,f3a5ee47bdea889d312388d04fa28fbb,496011a6c6e05a6c279727aac7a60f75dfc88ae7b6c7bba528d0d5cf03d2f894
880,mu284,2,active,ARFF,53414,binaryClass,2014-10-04T14:36:04,284,11,10,1,9abaa9e47cdae5baf0c6f4ff32d5521e,0560a22ba6155fd1a5abba53eddcd628d2c061f2b5fe717e3b641a0e3d648e53
881,mv,2,active,ARFF,53415,binaryClass,2014-10-04T14:36:08,40768,11,7,4,76ef946e5a0c0d6f1daccadbd453215c,ee30ef94aed4a57b8e23b94361b7af5a686e7ea7c823c75154ac62b5a984f304
882,pollution,2,active,ARFF,53416,binaryClass,2014-10-04T14:36:09,60,16,15,1,6ac85e8d9f1c3dbd3a28a52b0dd3bee3,5fa864a8d1c6effabe69f66226458243be2374232caf776b1a76094ff5b8889e
884,fri_c0_500_5,2,active,ARFF,53418,binaryClass,2014-10-04T14:36:12,500,6,5,1,80b8caedf5cd097d5d28f728fe144f8d,2131b3f0acc59a363a79059c3237defa8293c88caff33433d29ab91fb6f56ea5
885,transplant,2,active,ARFF,53419,binaryClass,2014-10-04T14:36:13,131,4,3,1,850d3f0900da312332a95e97d02f897e,ca85e768953a53abff07048798cf31ad842ad2db8de6cf20a9488b1c1c4c6452
886,no2,2,active,ARFF,53420,binaryClass,2014-10-04T14:36:15,500,8,7,1,1af636af0e1df1c28bd11e8a0e82fa6b,215d93aa78b3bc0db5794e5f01ca8c96edfacd165dae834983281fa5bdfeb695
887,mbagrade,2,active,ARFF,53421,binaryClass,2014-10-04T14:36:16,61,3,1,2,5063abf44fd7fa61b375be9bad2ae65a,501bfe651957cd476d89a888e1a777a95d9ca88aff7a528a634cddb88a95cd5e
888,fri_c0_500_50,2,active,ARFF,53422,binaryClass,2014-10-04T14:36:18,500,51,50,1,dbc724236368d58bcf9849f5f7786306,af2c3b19c073c646a0ef100c34616c6a3528381365d11be5a9548161677969ed
889,fri_c0_100_25,2,active,ARFF,53423,binaryClass,2014-10-04T14:36:20,100,26,25,1,1d7ab6eb2d0ca104cef450965cd68f59,5b25962246d794d38d6129e5897a64290360a9a6b26049a831a3812cf6e53e63
890,cloud,2,active,ARFF,53424,binaryClass,2014-10-04T14:36:21,108,8,6,2,8a5eaa18df4d8e55b062d38dbd4fde04,34e01034ec6372d252c866a6b49168d434722dfeced2475f558b64a2036be2b5
891,sleuth_case1202,2,active,ARFF,53425,binaryClass,2014-10-04T14:36:22,93,7,4,3,e87404a5c9e4f38db6a0beb251a2d7d6,36c40387ff6d0ff92270de96b727b722ee6b2eae3c3a2964653a2b47ccad7e28
892,sleuth_case1201,2,active,ARFF,53426,binaryClass,2014-10-04T14:36:24,50,7,6,1,c57326abab466cc99423fb0f4e783223,8f8289c056ed7947bb13e696cebfce4ca076cbb94d5285370c6573039f15abab
893,visualizing_hamster,2,active,ARFF,53427,binaryClass,2014-10-04T14:36:25,73,6,5,1,12222099c10c34935222cbb5e0f70eed,d76241fc105d77d6a7ff03265a806a25b6bc236e963b1bbab5b393da46225139
894,rabe_148,2,active,ARFF,53428,binaryClass,2014-10-04T14:36:27,66,6,5,1,3096d6c998bcff92ab8908a24b417fed,2a58ec67a0e643928de73edda10a90474e7174c2b9ebba833cc0500b58f1d2be
895,chscase_geyser1,2,active,ARFF,53429,binaryClass,2014-10-04T14:36:28,222,3,2,1,f762e1668bfb175773d6c4c0321d234b,ebc856e1b44c3b0a0999632cee7be8631b2ae7221f5183d268c6f1bb5485fd90
896,fri_c3_500_25,2,active,ARFF,53430,binaryClass,2014-10-04T14:36:30,500,26,25,1,496cd9fa6006b61947c824a9ec48aba7,b5982fcd018e922163377b3ded4be99f1acd7ceb346c2427ab2426d84162ee0c
897,colleges_aaup,2,active,ARFF,53431,binaryClass,2014-10-04T14:36:31,1161,16,13,3,3f2a45b8e15f6becca9a5553ae0eaee0,44bd5ecdca0c159c1b970c6471de4722b2d3d41d67317c229960164f29c04491
898,hip,2,active,ARFF,53432,binaryClass,2014-10-04T14:36:33,54,8,7,1,124eb5447e1038c65f8cc3ccae52f628,a0c5310f0a34755e5e9c1287470aeb23ecd5a74e05d11c890043369c30e88e16
899,analcatdata_negotiation,2,active,ARFF,53433,binaryClass,2014-10-04T14:36:34,92,6,4,2,d2b7734d89697cad1aecfaa9f1266185,ce4aacc1a5edb41440fc4d562d6002b646a9289a6ad047d6be1f94787ba90b34
900,chscase_census6,2,active,ARFF,53434,binaryClass,2014-10-04T14:36:35,400,7,6,1,977e56311182fcb61c78808b9219bafc,b0e79eb14f394af8f1591bde8bbc6a7abe6cd232e3434c12a8fd7dab34f66022
901,fried,2,active,ARFF,53435,binaryClass,2014-10-04T14:36:39,40768,11,10,1,f84c06829ac8c9577744addb39866f9a,e57dd2e0b8151affc537a3fc21ac3a332cddf0430a79c519460f26d7f2d5ded6
902,sleuth_case2002,2,active,ARFF,53436,binaryClass,2014-10-04T14:36:41,147,7,2,5,b7ac4dbcd4f5cae3882b78b7f5ca3e8f,3dfcaa9bc3bc2c69faeb40194ef94588c7c3475251b342d2fef205614f257517
903,fri_c2_1000_25,2,active,ARFF,53437,binaryClass,2014-10-04T14:36:42,1000,26,25,1,3a6af6e2eae4944202d4552d6b9e528a,f78de11ee40d2a78a58fd97d6a4e7a7294226a73da5ec17ea551de26f85eeb52
904,fri_c0_1000_50,2,active,ARFF,53438,binaryClass,2014-10-04T14:36:44,1000,51,50,1,8629415b5a05e744f59a126e792f2c6c,bd14186e9f944b23993f8c11310cbf3f9563d7483a72a3358812abd2856e4401
905,chscase_adopt,2,active,ARFF,53439,binaryClass,2014-10-04T14:36:46,39,3,2,1,dce7fed32c109b2c792b046938e7c0b6,83a8cbfc6ad74f0a616ec80bfe8c24c5f119b85f9fa2472f1524de0b6b0db81e
906,chscase_census5,2,active,ARFF,53440,binaryClass,2014-10-04T14:36:47,400,8,7,1,a5c58538cbcb79225c160cbfaa4ea279,ea45ef7644af910ff9f18c60e9f6c32a0858ef9a1a1e6bd2a2edbec5458fedfd
907,chscase_census4,2,active,ARFF,53441,binaryClass,2014-10-04T14:36:49,400,8,7,1,69f8873dd9b94d3bb85e3d0911eb959a,1d2526d1ce68b3adcbb5cd07f7876d8d8c7a873b4ab6c8450c90f6c988597cbe
908,chscase_census3,2,active,ARFF,53442,binaryClass,2014-10-04T14:36:50,400,8,7,1,5dff51f77441f63ea207f46a1b792879,f8dc824812156931948c4017190a7775aa2e9f7f0b629e4c387ed5d5d3abb858
909,chscase_census2,2,active,ARFF,53443,binaryClass,2014-10-04T14:36:52,400,8,7,1,07c2c4321433345d5c0e5c617506fa6d,8b9eaf61ac2fb2aa41adefb52fb9d5341747529d06a391e61649108b1d9ed197
910,fri_c1_1000_10,2,active,ARFF,53444,binaryClass,2014-10-04T14:36:53,1000,11,10,1,6182aee1c20ededeed20fa14299cb4f8,b993c8695d97648328748d34e020762e6cfe65ff2bc214860011fc3d7417e6d9
911,fri_c2_250_5,2,active,ARFF,53445,binaryClass,2014-10-04T14:36:56,250,6,5,1,0bbd95b8447caa3768adc3377fbe9750,3dcb108333ee3d9ce8acf3e50b8efaf65828f4c4ac50a27c14151be961c3c43f
912,fri_c2_1000_5,2,active,ARFF,53446,binaryClass,2014-10-04T14:36:57,1000,6,5,1,c4289557400d6c14221c7f9a496e42a3,8d25d5d769d1f9c231e9dce1607fd7e688a455c5132f34d47fcdb25f23b691df
913,fri_c2_1000_10,2,active,ARFF,53447,binaryClass,2014-10-04T14:36:59,1000,11,10,1,7c60ab5fc10626115edac770294c2d78,2ee178a3c53d04dd642a5fa79b1186d4fa7becaf85c444059614092f44e2d795
914,balloon,2,active,ARFF,53448,binaryClass,2014-10-04T14:37:01,2001,2,1,1,6701168724998231f7805493a9cec679,bb6e13984bc29aa2f9920b576597cc3230fab9e5d44b5bfad9fc2ef40fab50b5
915,plasma_retinol,2,active,ARFF,53449,binaryClass,2014-10-04T14:37:02,315,14,10,4,ca6c7845d30aca357421149f4756e8c7,bca512bbf948424c94181520b79a97de5f5b2cdda6458c821f3a77ffc5cc91f6
916,fri_c3_100_5,2,active,ARFF,53450,binaryClass,2014-10-04T14:37:03,100,6,5,1,21172ef0fdf625a8e3991dbc5af1d5e6,c7c9a3eb39e945bdbc2051977fb170bd2aaf40b9cd762ecc22dbf815f174f660
917,fri_c1_1000_25,2,active,ARFF,53451,binaryClass,2014-10-04T14:37:05,1000,26,25,1,0335294c9ac49c6b87674038aadbf796,52d5ce7508a86c1ff164ccc491cf14291aa879ccffca843616242877117fca5f
918,fri_c4_250_50,2,active,ARFF,53452,binaryClass,2014-10-04T14:37:07,250,51,50,1,1175bc8b9e552f1daefa51360f1f0448,0c67345a24f6fbeee40d62948d1f5e1b2ceea9afd7e56627ecbbeafd3b085eb4
919,rabe_166,2,active,ARFF,53453,binaryClass,2014-10-04T14:37:08,40,2,1,1,18b1e31df484e7037df7ea046dd80e86,5e57df3fabb761c4cc859e11db64e514a4f5b9eee3817c8091d37e9a1c09c866
920,fri_c2_500_50,2,active,ARFF,53454,binaryClass,2014-10-04T14:37:10,500,51,50,1,6f278fce694ce383af5b99c9140e7530,8dcd5f32106feed8edf1ced6ea51235470dc312f2dfdcb09277f06493a2291f9
921,analcatdata_seropositive,2,active,ARFF,53455,binaryClass,2014-10-04T14:37:11,132,4,2,2,a54c65be7048efce2d0c0e7f4e9110d5,aa7e36c477679037f334f7aa08ca1077867022dab696b81a654cd34c144f13d0
922,fri_c2_100_50,2,active,ARFF,53456,binaryClass,2014-10-04T14:37:14,100,51,50,1,2047bfa239181af0f668791ea5eb42ff,da19eae53eed2244878cc23cccae19277b914eb27384de5495052a11f2c192af
923,visualizing_soil,2,active,ARFF,53457,binaryClass,2014-10-04T14:37:15,8641,5,3,2,2e59171d109408d5b3fe6ea42a8d9976,d10d5fd1ce5a65d861b44e86145df6e0be5c8a87866517c97e569c5973529612
924,humandevel,2,active,ARFF,53458,binaryClass,2014-10-04T14:37:17,130,2,1,1,6c8192b32828e456c46aa35cc3e54c59,8909e0a4897e8daff654ff55074a1e1b34cb90f0ff66036b41491f524b156b10
925,visualizing_galaxy,2,active,ARFF,53459,binaryClass,2014-10-04T14:37:18,323,5,4,1,b2e4b16ff9de86d30ebd536f70c2627e,e763d5d1da7d4498b3184173967edda892918c21d8f8ec50e82ef1b8414dd3ef
926,fri_c0_500_25,2,active,ARFF,53460,binaryClass,2014-10-04T14:37:20,500,26,25,1,a7e373876fcd8f7dff113427d2d9f7ce,50f6660695bf3c2c239c8d11b3f0f4183abd62fdae4429b8694527a9b7252700
927,hutsof99_child_witness,2,active,ARFF,53461,binaryClass,2014-10-04T14:37:21,42,16,15,1,832fdac966d75cfbc5f9c86b269df524,f57633a91bff4074b53c03073c5bda639d79811a1ba17eb9d5dfcfab6cedb73a
928,rabe_97,2,active,ARFF,53462,binaryClass,2014-10-04T14:37:23,46,4,2,2,14922cd311f3b30a6c66afe4e6242d76,5af949c2bddc43f74a3c2d5b9255b6c5060cc43dbc1b27df0ebaccdad91a3e79
929,rabe_176,2,active,ARFF,53463,binaryClass,2014-10-04T14:37:24,70,4,3,1,0072b7facb387a7420915b334d60a5a2,8d3d6e923313d44c82c777d5ff0ee305166880031a6e4a4452512ffca7625224
930,colleges_usnews,2,active,ARFF,53464,binaryClass,2014-10-04T14:37:26,1302,34,32,2,90aaddb81ba63116ab2dd1f98aa5bfa8,2e4fb1e48c5b20b4d564816e6000f6ff0b29706e868ebdf9e2efd3cc305c6ed4
931,disclosure_z,2,active,ARFF,53465,binaryClass,2014-10-04T14:37:27,662,4,3,1,78ee9b9151eb8d0727a190f8cc145a33,fd437969628db14dd7cfd99e8b543a2040fe02f1bf01abdaa338e8140ffba21c
932,fri_c4_100_50,2,active,ARFF,53466,binaryClass,2014-10-04T14:37:29,100,51,50,1,fff7619221a022de01b92d4e6bf77799,0f2aff897e47ab980bc264b6af5bab141ae10b9ee3bdf1d86113b14544f1d285
933,fri_c4_250_25,2,active,ARFF,53467,binaryClass,2014-10-04T14:37:30,250,26,25,1,dd3903808c5aa3e67e7e4c7eadf0d879,402a6e609297b2a04cf27ac647911424edeba35bc21cdedecd5d8b353d31e9f4
934,socmob,2,active,ARFF,53468,binaryClass,2014-10-04T14:37:32,1156,6,1,5,81d91e0a9bc397a0604da0f9e1efe14a,509099a165ad4c985e146e9eeb3c98146642b131f0f279852292c1801cae826c
935,fri_c1_250_10,2,active,ARFF,53469,binaryClass,2014-10-04T14:37:34,250,11,10,1,aa32156686a93234bc3dbef5fc40113b,e3ce6f4fcb9f785dced4939db1f2cfdcfcd73795daca46547b9342124e5a8960
936,fri_c3_500_10,2,active,ARFF,53470,binaryClass,2014-10-04T14:37:35,500,11,10,1,0c11986e0f8132a487ce1d8c6cd704fd,78654ad8c5c3d9243b37354083e14ece6c9bda16dd9cd2d09dc1af6ee79763ef
937,fri_c3_500_50,2,active,ARFF,53471,binaryClass,2014-10-04T14:37:37,500,51,50,1,5a4b1e9a732e8395c5b841761d935c65,7ef976406f0ad8251950e7d652ffe830aa6e1326bd2f2209af228538295f2100
938,sleuth_ex1221,2,active,ARFF,53472,binaryClass,2014-10-04T14:37:38,42,10,8,2,6a2b53030ff3dff143685191791ad460,5e949bdba4e5da31b8d4fe92259f053fe867711fd8d5d6f79d9ea483679f9e55
939,chscase_whale,2,active,ARFF,53473,binaryClass,2014-10-04T14:37:40,228,9,8,1,6ccaf916af0644e191128900aef72fe4,54256ab8b8b247801775c2f860667c4ea015607f59dc8d245bfbaa6f20ae7591
940,water-treatment,2,active,ARFF,53474,binaryClass,2014-10-04T14:37:41,527,37,21,16,73076b40a77e851bc52ae96d32051e04,041addb87c7be8d61216f1657994e355f4f95642c5ac5d2f2f0a3b335310226b
941,lowbwt,2,active,ARFF,53475,binaryClass,2014-10-04T14:37:43,189,10,2,8,3e04f394ab554199859cf06172559628,b10cb3b44d3047258a4ca5ff80655f756c15a9443c84ebe7025a045a0db9ab68
942,chscase_health,2,active,ARFF,53476,binaryClass,2014-10-04T14:37:44,50,4,2,2,be69cd7d808c16815df67b4c4d111e57,8222ae2662d296909a45bfda3f08e93791ec24fb489a1692368486eb98b14feb
943,fri_c0_500_10,2,active,ARFF,53477,binaryClass,2014-10-04T14:37:46,500,11,10,1,7d5a831ecc23bb03c5977b657f7b90ac,fae17966bc6c4a74eb9bc370ec91e72ad9861ede345a8e2f83097f708f23f1f7
944,echoMonths,2,active,ARFF,53478,binaryClass,2014-10-04T14:37:47,130,10,6,4,b7a64bf04ce9bd36774093be467e983b,9fd1ca442d832c49c0c53924caed5cfc8b304022e775e4f374de3d55c93ae4e1
945,kidney,2,active,ARFF,53479,binaryClass,2014-10-04T14:37:49,76,7,3,4,6e95b896221ee1d8151774ca592c2234,cc8258fb135031de3323b2cd64930531e35e29b863b0e365232cbefdfe4413b3
946,visualizing_ethanol,2,active,ARFF,53480,binaryClass,2014-10-04T14:37:50,88,3,2,1,c906d48ab82948de772713209febb4b6,88f9eccc2b0dbcfa6a6bb8e2cd0622b6529c8f72ce6c6b5c9d02e1534912e27d
947,arsenic-male-bladder,2,active,ARFF,53481,binaryClass,2014-10-04T22:16:45,559,5,3,2,cb87412f8226d314175106e75bb4626e,ba0e181b05f41315d0259a4ce40fceac2da6fc5e997ed5cc36dc026dfd868d24
949,arsenic-female-bladder,2,active,ARFF,53483,binaryClass,2014-10-04T22:16:49,559,5,3,2,1921d9dae967951ed41e81fbad920108,87fb974f823dc97dc5135991c25b8ac1292f443a2ef57c5db8755b93e4cb0239
950,arsenic-female-lung,2,active,ARFF,53484,binaryClass,2014-10-04T22:16:50,559,5,3,2,da1c8b95fe18522bb3975a377515c192,6bf485d346809949f7602c44cc88726c647b521450cea2706c6395bd608e4e03
951,arsenic-male-lung,2,active,ARFF,53485,binaryClass,2014-10-04T22:16:52,559,5,3,2,7e8bbbc0a038dd463249dad236bc6794,93101576b9efd38668b896e9380f3dbea6df6ae8a84843ce22885fe0fc4bcb0b
953,splice,2,active,ARFF,53487,binaryClass,2014-10-04T22:43:17,3190,61,0,61,3f606105ba9b3f9ac57a9e85fd6f7afa,8a424d9095e965ac4169b709b682c9a4ac58891dba7997ef5d79f31a3d12ff33
954,spectrometer,2,active,ARFF,53488,binaryClass,2014-10-04T22:43:19,531,102,100,2,3eddc33f685047b2342ff0faf7a5c3ab,d9cb6455af820348c1769ff153faf9967df10cebf8cf6ad3acfaa15986e24d2c
955,tae,2,active,ARFF,53489,binaryClass,2014-10-04T22:43:21,151,6,3,3,77bac3d8ed4ced56e263fc538880e278,a30c95e1a0f554f1d8326bc4a77cab5875c33e2ea3b93113c05efd288bd4efff
956,molecular-biology_promoters,2,active,ARFF,53490,binaryClass,2014-10-04T22:43:23,106,58,0,58,e6e93742a083facf75d4b28ba1849d40,60f7a8a53de5a7c5e491cfc1276f5375c6897ff8933b149a57464fb92c13db6d
957,braziltourism,2,active,ARFF,53491,binaryClass,2014-10-04T22:43:24,412,9,4,5,2cbd22bc2125ae04a799f65d125849ba,382684c416b90a19ebd57c1d58007868c5a3c11e52660fe642440a2271038ba3
958,segment,2,active,ARFF,53492,binaryClass,2014-10-04T22:43:26,2310,20,19,1,43c89693432e23332d5843f671f334cb,24aa7f1d7ef0b5366eecdd25c6c02b8c9cccf40c323f19fbb4e3377b66795f00
959,nursery,2,active,ARFF,53493,binaryClass,2014-10-04T22:43:29,12960,9,0,9,c0f0db41a68fa49b91ffce62c1285618,7cac53aa817a9061fb99c5e682cfa0b78b1e9e7ea0bbd7aa6f9009fd07cf4e1e
960,postoperative-patient-data,2,active,ARFF,53494,binaryClass,2014-10-04T22:43:30,90,9,0,9,b28707931f45b62ebfcad1182f6b46c6,0c77bf769c757066e2a84794b52c02954365a71e439f53863e70b7e18acb4dc5
961,analcatdata_broadwaymult,2,active,ARFF,53495,binaryClass,2014-10-04T22:43:32,285,8,3,5,0c607c2d0894aa2fdb10bdbd8f5af063,295f8294e20350e31e5e5434c83f30d2402c671644748505df88b71aac6e76c6
962,mfeat-morphological,2,active,ARFF,53496,binaryClass,2014-10-04T22:43:34,2000,7,6,1,6f038d8edc9afe9f3074b866eaef9b89,fae03f0f22d2f5395ced32d53b9658accd2e10be0c3ecd5193d5b5fdd8303711
963,heart-h,2,active,ARFF,53497,binaryClass,2014-10-04T22:43:35,294,14,6,8,0b510cf5e214f2ced65f6caef87e4dde,593dda2a2819b9ae53a5366fc1edf996ef375c64499ccace1bfdac85a9294170
964,pasture,2,active,ARFF,53498,binaryClass,2014-10-04T22:43:37,36,23,21,2,2a5ed54ab8e79dcb9bccb946b64d1091,921562ba9e2d58cf8047621c821fd128de422a5b1add488fb04e1331d301717b
965,zoo,2,active,ARFF,53499,binaryClass,2014-10-04T22:43:38,101,17,1,16,dfc936d63fe88d8e0b6f87f7b62ca5df,b4602733b8c6bcc9fb91dfaca99ab4818b819d086ba17222d9fe8814fb3d28d0
966,analcatdata_halloffame,2,active,ARFF,53500,binaryClass,2014-10-04T22:43:40,1340,17,15,2,e8482595c01a7c0b22f753ab06bd89e4,4123b8c08e56c6983c27d39ef2a9173e3605d45ed0ffbe31408f459652a1e0ca
967,cars,2,active,ARFF,53501,binaryClass,2014-10-04T22:43:41,406,9,6,3,d3d787c3973b12482da38aa2d1dfc3ba,7a04cafe868a8c0e7210531dfb6fa02f875ccbd5aff34c8c4523f1ff303f6621
968,analcatdata_birthday,2,active,ARFF,53502,binaryClass,2014-10-04T22:43:44,365,4,1,3,d7f0863133875269ec02420736ae2edc,4affa31ed2cde42adad4ac1a144b72ce3482fd2342373a5b5da7719e8603c5f2
969,iris,3,active,ARFF,53503,binaryClass,2014-10-04T22:43:46,150,5,4,1,3e0be4e9694732e99f5ee550f20b8d58,296474f0de1edc369891b1afb45754b436250be91ff93529654e54041102adda
970,analcatdata_authorship,2,active,ARFF,53504,binaryClass,2014-10-04T22:43:47,841,71,70,1,7870ae98c27e430dc7fdfb7d29321b83,19e25cdbb40fb9fc7089e780493921685780cea6af63e2144a1f10a242cf4849
971,mfeat-fourier,2,active,ARFF,53505,binaryClass,2014-10-04T22:43:50,2000,77,76,1,06b447197469082cbe248622bf0463d4,e52e78869032a69e5c9f9d89efd62e84a57541352965a164bf4b0ee473c9ba0e
972,squash-stored,2,active,ARFF,53506,binaryClass,2014-10-04T22:43:52,52,25,21,4,59948a2b0d77799c333888eafb13baae,9eedf349379bdc4a67b7c5734a965bd25b4739a776438a516bb6a34db1968090
973,wine,2,active,ARFF,53507,binaryClass,2014-10-04T22:43:54,178,14,13,1,a3ad54e46c80dfc4d104cdb6d665519a,617080f3ba9f0a84f02535caf3d26c3de8238ae56dcee0f02b20f0a4e7fccff7
974,hayes-roth,2,active,ARFF,53508,binaryClass,2014-10-04T22:43:56,132,5,4,1,8ccba515bdbb0fee660e65f9ea97633e,ed51539c5e12423473579b6a143c277b5f4abd62d9f61ec45dccb35c63f945ca
975,autos,2,active,ARFF,53509,binaryClass,2014-10-04T22:43:58,205,26,15,11,02145f422e211b5e6a2a5acf669a6311,ec15c1dfd376b8d3aa2269de07fdaeddf587247d03648e2a83bfab16c4e14cfc
976,JapaneseVowels,2,active,ARFF,53510,binaryClass,2014-10-04T22:44:01,9961,15,14,1,bc0de751786d557417dcd8d7dbe25093,c6ca6104ae7bb0e6e2bb52e32f0517c1d1deff2cfc2d9e710a7ff9de1a63fe48
977,letter,2,active,ARFF,53511,binaryClass,2014-10-04T22:44:03,20000,17,16,1,94168a8d4f4a1fd2747504d8a22b4aa5,f2e74acabd5f01f739b48e9c8960abb195a11c0340736fe7e314f871adc7c6cb
978,mfeat-factors,2,active,ARFF,53512,binaryClass,2014-10-04T22:44:06,2000,217,216,1,031abad6bff085eba49c488e0c89a752,37ff3c9d43cca174f42e2a4a8db3f769120a94050fde40e00da9b11b2d61d683
979,waveform-5000,2,active,ARFF,53513,binaryClass,2014-10-04T22:44:08,5000,41,40,1,430dd9b6c22aaeed9d6b5c2e1d436901,d1b937cc9cc6d7eb7782331dd4bf5f37b273d699f052999af592d02490bd8fd4
980,optdigits,2,active,ARFF,53514,binaryClass,2014-10-04T22:44:11,5620,65,64,1,683501cdd928877edb52d18bbf38c6e2,dcb16b42bd469eab0309f4d78e6435334792fb27a4cb8fa02b3b91ca859fbb40
981,kdd_internet_usage,1,active,ARFF,53515,Who_Pays_for_Access_Work,2014-10-04T22:44:14,10108,69,0,69,6cbbf3afe80222226cef177c046381c1,47caf7d286b7598c76a12c27bf36302d24145b3415e0eb5b67a9b7e39703ee0c
982,heart-c,2,active,ARFF,53516,binaryClass,2014-10-04T22:44:16,303,14,6,8,9e9047829626dcfaf3a94c691d866b4c,edceb980dd21408d38835548760007b49046364afa52cf808e6f4f6bee0d48ea
983,cmc,2,active,ARFF,53517,binaryClass,2014-10-04T22:44:18,1473,10,2,8,413f84770f1cb0cea53f9c8d5821d4fb,6a4d98f192fc83910c3864cde2911c866663a5c9e0225ce58331a5c06da619c7
984,analcatdata_draft,2,active,ARFF,53518,binaryClass,2014-10-04T22:44:20,366,5,2,3,8a9e364eb2c2a686858f65c0daccefdb,abc3e6263da313c4c144936119fe2531c42490d5bc9bd6a5f0791952752b08cd
985,squash-unstored,2,active,ARFF,53519,binaryClass,2014-10-04T22:44:21,52,24,20,4,8762b026cc37e4caa8a0f2394001f86c,e36660a715a4d2b168a8c3de7fcebade33a0fabe50effa7a98e4c6804fca4ac2
986,analcatdata_marketing,2,active,ARFF,53520,binaryClass,2014-10-04T22:44:23,364,33,0,33,4635fc1aa6a87747a1ea4aee639aaad0,53ff38664d8c95d4c014d017e5b5c43459b84d54777b64d744e9a82db7b5a639
987,collins,2,active,ARFF,53521,binaryClass,2014-10-04T22:44:24,500,23,20,3,8ba47d91e102cc85865ca9d67dfbf21a,7011a88274211d469e4bf82ad2a8f23336a0e83ed9b0b45d816654878acff8b1
988,fl2000,2,active,ARFF,53522,binaryClass,2014-10-04T22:44:26,67,16,14,2,e2ba9c4318259cc0a43b1165b17bead5,d88c559d1da48196f2e686988147f6e5bd7e69b8ffe61eb8a44d79f75badf690
989,anneal,3,active,ARFF,53523,binaryClass,2014-10-04T22:44:28,898,39,6,33,1bacdad2dd7b8a6d54dc51a9f047ce8d,257e0f9ee755b7ec84788bdb379c523598bdb88d1a44e2ae5e8c101fe50c5fba
990,eucalyptus,2,active,ARFF,53524,binaryClass,2014-10-04T22:44:29,736,20,14,6,a0eab6ad42f21d877d752f0ae38d9baa,52c877d23ea672979f41527619b9af3085b98f2c5d868eea98a69e73591308b1
991,car,2,active,ARFF,53525,binaryClass,2014-10-04T22:44:31,1728,7,0,7,49c57b793eef1b8e55f297e5e019fdbf,dac233fdcb7052cbf6effb7b6fa063f519dadb07b03ae5768b13d8c0a0b639a9
992,analcatdata_broadway,2,active,ARFF,53526,binaryClass,2014-10-04T22:44:32,95,9,3,6,70b9c4250651629cf64c25a2ed8f3ea2,bf56ed0ad521642b7aa7117bf34ff25a8efbeb6c7b402c0ab6904850efd724b6
993,kdd_ipums_la_97-small,1,active,ARFF,53527,binaryClass,2014-10-04T22:44:36,7019,61,33,28,c6ceb667ffe850643c10782a98c62d5e,25e67cf30994ac889d2027dc1b6c6ff67353b42fd8bfd072df2f8cadf84e63f9
994,vehicle,2,active,ARFF,53528,binaryClass,2014-10-04T22:44:38,846,19,18,1,794181ea7870f5184a0953f0c1b2f332,fcd970070f42e01f5284eae88774c430df070a35ac6e0d79b3d6d3d1adddf3bb
995,mfeat-zernike,2,active,ARFF,53529,binaryClass,2014-10-04T22:44:40,2000,48,47,1,5eca39b2e10af256dccd79534ec0ea9f,21acee965252d0f070ab29d2d49840430a0652702792e499e27e54d600735126
996,prnn_fglass,2,active,ARFF,53530,binaryClass,2014-10-04T22:44:42,214,10,9,1,0f14b35efc955b38a114f33863929bfd,9baa3d6a5857abcf3554e84ecaa07328fc331fae14fe78be8df5d1da6a1b26aa
997,balance-scale,2,active,ARFF,53531,binaryClass,2014-10-04T22:44:43,625,5,4,1,9de2f80a9f9d0422621bae0acaa700d6,bdd97b47d5f86a96026b25a3246afea06dcdbba132f7a5068f13669e0b452bf6
998,analcatdata_bondrate,2,active,ARFF,53532,binaryClass,2014-10-04T22:44:45,57,11,4,7,43cfceada3ba5e39d8568dba5e880c33,f2d84392107ae56142fed51eabc8fa4497570551247bc08e38103c6006b1a045
999,audiology,2,active,ARFF,53533,binaryClass,2014-10-04T22:44:46,226,70,0,70,c60af1e6d8f51f4e27dde35d199d5bec,9b70db3d2cce07f56fbc941736636f263cf07e9baa7b2d10c78d2dbbd62b246e
1000,hypothyroid,2,active,ARFF,53534,binaryClass,2014-10-04T22:44:48,3772,30,7,23,69ae4de6f74f2335eaa5d88e96a3dc83,184a6bcaf503ce8b068f6042fa3980499bbcaccae6d74f5a6a6832c21d97a68a
1001,sponge,2,active,ARFF,53535,binaryClass,2014-10-04T22:44:49,76,45,0,45,6f8bf079c570cf48c97f6df55bf7ca9c,ec607d9d17c1052f1cce435d08e552a1eabd26e6defd63b97eccb0394bf104fc
1002,ipums_la_98-small,2,active,ARFF,53536,binaryClass,2014-10-04T22:44:53,7485,56,16,40,526d5994abb5d0204ce9ce7a747531ac,3a1e96ef84e11669dc44ead1015e3101adbaadc27b1de6bdc080898604e6f691
1003,primary-tumor,2,active,ARFF,53537,binaryClass,2014-10-04T22:44:55,339,18,0,18,22e5ca73045502ff417b24e6b4e4bb59,0c9c5fa441a086bd575ce67a790cdd2ca6184c6dcaa07b9b9aec18295e46e847
1004,synthetic_control,2,active,ARFF,53538,binaryClass,2014-10-04T22:44:57,600,61,60,1,6b32c8e447a9bd4292eecb95259f99f9,697af3ca0e3b80a5350d3ad9f64579b00520bafe3c09744f2ce1d48bff7c5935
1005,glass,2,active,ARFF,53539,binaryClass,2014-10-04T22:44:58,214,10,9,1,fc64f9dee6c411c1c42045fb19d0d019,242f814d3fe31ef25460c075048611f3ed5df8452e3c1d4133569d53c19fff7a
1006,lymph,2,active,ARFF,53540,binaryClass,2014-10-04T22:45:00,148,19,3,16,ab75e9036e80c0d9c8ab8b47fa30ba43,3c0b6378006c80dd89e23b708411e75a8e7302354eec82db86667cf0a3493256
1007,bridges,5,active,ARFF,53541,binaryClass,2014-10-04T22:45:01,107,12,3,9,c73b19f214f7733f207ce4d57cad7aed,b1548b0f3602660b62acd26f7594fbe0b125b06a8d2b63404e606c58a8111081
1008,analcatdata_reviewer,2,active,ARFF,53542,binaryClass,2014-10-04T22:45:03,379,8,0,8,38a7a8666286cb2275f7cec2f69a86b6,5d80ebf496b0d016a446bd6458722f3fea9bd31fff70bbd81d4f137c95d03d20
1009,white-clover,2,active,ARFF,53543,binaryClass,2014-10-04T22:45:05,63,32,27,5,081609d3405b3e6465194d18c76af9ce,d4b8796cba897a2886812b41c0b9629654828bfb2601b9d5429f8acf0d0741ef
1010,dermatology,2,active,ARFF,53544,binaryClass,2014-10-04T22:45:06,366,35,1,34,93df1027520ea91c774e9d8d56318384,59138145435a797fa0b1ad8413f00622244383af5b4aef8e0307e071d73ea846
1011,ecoli,2,active,ARFF,53545,binaryClass,2014-10-04T22:45:09,336,8,7,1,437aa5872c95b211c37f1a02d51f4763,f55afbc5fb651844f9bba8e79d3daa4be885233551036fbde36ecbc340cb72b6
1012,flags,2,active,ARFF,53546,binaryClass,2014-10-04T22:45:10,194,29,2,27,3b4c509b16e7cad3bf647a199dcc71ba,5de229e2977405b74e2291075bba51f9ba82378cc02763c75433a42b09148dca
1013,analcatdata_challenger,2,active,ARFF,53547,Damaged,2014-10-04T22:45:12,138,3,1,2,2b70b3dd8379ecd42e1bd07df11be117,6db27685be9ca3c6d7abc335d3f6959f5b9ec1525570724d0eb608151ef93b11
1014,analcatdata_dmft,2,active,ARFF,53548,binaryClass,2014-10-04T22:45:13,797,5,0,5,2122ba54e9a9680cbd9c00dee9e487f9,fe39cc425a312eb075971f7fe9c0496f5e001be1608d478ef225b4a9c39bec67
1015,confidence,2,active,ARFF,53549,binaryClass,2014-10-04T22:45:15,72,4,3,1,6af16434e146504458d0eaea5a1c5d06,cddc5f895c831a61d6a352c303ed9d8d7c506b65ce479758aa7536058be6ea04
1016,vowel,3,active,ARFF,53550,binaryClass,2014-10-04T22:45:16,990,14,10,4,f12a94aa087aea4e1653d09883ec32ff,376b278823d2f1b39f54563b74b6078788e8e37748d893bb12c5f0141e6b08a2
1017,arrhythmia,2,active,ARFF,53551,binaryClass,2014-10-04T22:45:18,452,280,206,74,a5ec1ccd1f413f848312215432d577fe,a5e76705c96129749d7b2fa679ffec4615c1522e607aac55f95cbb223e04cf19
1018,ipums_la_99-small,2,active,ARFF,53552,binaryClass,2014-10-04T22:45:23,8844,57,15,42,75d4952364077a3a4478c89b644fc7b2,0dfc1f62831e4a36b913872cca5874a41d1480170f885e1b92387bb4b3d6264d
1019,pendigits,2,active,ARFF,53553,binaryClass,2014-10-04T22:45:25,10992,17,16,1,763260e84e6f30ad7e58785dbaf3c216,4ffb0037eae6e2cbd9ab6575045cc8ac8778f8762cc4138462a609fe2356b15d
1020,mfeat-karhunen,2,active,ARFF,53554,binaryClass,2014-10-04T22:45:28,2000,65,64,1,1ad9590345e80906eddd8f1762ef2547,a7d6996a2aa82ad3b43868cd3aabfbf43ff9a72ddd91b93ef2723b12aaa248f8
1021,page-blocks,2,active,ARFF,53555,binaryClass,2014-10-04T22:45:30,5473,11,10,1,a997144676cabe5b9fdce9360dae4e88,f8f5e21a46573ed754d927539e0c271dae6f43f8215e3522c80bbebf5e2247b1
1022,mfeat-pixel,2,active,ARFF,53556,binaryClass,2014-10-04T22:45:33,2000,241,0,241,557d48376b21e1833f4876a0badbbe60,ec7bfad6b5ed9b8b30a9ed2a208465a4ad84a65f630af33da101e6a90cf26cbd
1023,soybean,2,active,ARFF,53557,binaryClass,2014-10-04T22:45:35,683,36,0,36,dcdc85c83471dbcfbbbf5df0a85b68d3,42185705b88a99b44be045012c06196eb57a09a2b68ae1c731dff90a0f03ce26
1024,cjs,2,active,ARFF,53558,binaryClass,2014-10-04T22:45:36,2796,35,32,3,2f8a4cae595b78810fc32a24f093517c,88323b52719f18335b45c0a77e372e44910b70f730c131c583204b3d32b411e7
1025,analcatdata_germangss,2,active,ARFF,53559,binaryClass,2014-10-04T22:45:38,400,6,0,6,cab3d56dd3786c3b1829042852752a8a,67ebb5391216f5c7712b591c869a78356294c18ababf980494ab491a5259d8da
1026,grub-damage,2,active,ARFF,53560,binaryClass,2014-10-04T22:45:40,155,9,2,7,6908c976138a23c3a44f022a636634b6,e6bba3baab910ccc525a2cf84a47fd9638b669ea591449bb955f6df0628bd9e9
1037,ada_prior,1,active,ARFF,53920,label,2014-10-06T23:55:58,4562,15,6,9,3dbd3c6d757143fa68493419b5d81c59,4127b8c96f8c566be151ee8ee886c4e9636be038201357fc8ae88359b03e080f
1038,gina_agnostic,1,active,ARFF,53921,label,2014-10-06T23:56:01,3468,971,970,1,e8b42f51e0a453e4b77c24f8e2569948,c48a60dc4c112a3fec76db676c921d9e228b9bdd39728d8e688a176e35cab0ed
1039,hiva_agnostic,1,active,ARFF,53922,label,2014-10-06T23:56:05,4229,1618,1617,1,d005920a0fe65396e8762bf282413c8d,601313d5150b2b58f48332fd4289538f00ba375c823d3087a6771ad38c74f561
1040,sylva_prior,1,active,ARFF,53923,label,2014-10-06T23:56:07,14395,109,108,1,c8bdcd06e7e17beb60fc122db7e8a9c2,1f81b776f657f0aa63c49718187b50135cdeeeb35356a115b6363458767b44aa
1042,gina_prior,1,active,ARFF,53925,label,2014-10-06T23:56:12,3468,785,784,1,19f4fc1e8f648c5b57ba8e7197ee703a,63572636ce4cf71bf3ffd5021daf37f5c812168385107b774c1e0a21f967776c
1045,kc1-top5,1,active,ARFF,53928,DL,2014-10-06T23:57:05,145,95,94,1,d5ca7c0eb9d3149ebd9c8f5b9be6bbf2,ac487e17ba803a0044ce7a2c4b137b8ed8f5b180751cb713b1d2ed3d21e783c9
1046,mozilla4,1,active,ARFF,53929,state,2014-10-06T23:57:07,15545,6,5,1,55aa6b33c54391f35bdd0f1c5a247c22,6f87edd03047cc95e2c4349536af679e33f27787f334350d6f6adf12c6f74cf9
1048,jEdit_4.2_4.3,1,active,ARFF,53931,Bug-count,2014-10-06T23:57:10,369,9,8,1,e337661fcba6fc8fa24805b0f5caed54,7eac8f7c9ba9e3f5048d0331664098a592b2baa66a86bbf803c23999df6af998
1049,pc4,1,active,ARFF,53932,c,2014-10-06T23:57:12,1458,38,37,1,907e332da09127c2b25620051ff7dbd3,9cdcc442b5cb329a104474b0b6437fd8ddbc3c8a1453cbac055bb310cf3ac3ed
1050,pc3,1,active,ARFF,53933,c,2014-10-06T23:57:13,1563,38,37,1,a93c30f6c357d3ee74bccb247b10ef68,3150570f5d6d9fac082510b9be34dc8af28cfbe5a0d6fd65bf2d42c8b05bd4cf
1053,jm1,1,active,ARFF,53936,defects,2014-10-06T23:57:19,10885,22,21,1,0c19aefce52ccb955d0de57e4c0fe8bf,f206e601f635f13d511ca34fccb3f2336dd1824db94f514de14780ae4a64576f
1054,mc2,1,active,ARFF,53937,c,2014-10-06T23:57:21,161,40,39,1,6e5e8eeba03890bdd4cba0759f21fc04,70244861b543e2fa4c4df9f45bae35970769a00f023b24e47df25f23f6a77765
1055,cm1_req,1,active,ARFF,53938,DEFECT,2014-10-06T23:57:23,89,9,7,2,936eb8687745f035d624d1353129860f,ce2067bb0563908fba74f21279947002930631ee477cc3477c35520d0d4cafc7
1056,mc1,1,active,ARFF,53939,c,2014-10-06T23:57:25,9466,39,38,1,139eb4f92bb7811f1c9e9fb19b3ba7f8,1ae809515d19d576665b5d06195205aa7ebd353709c6669afac61f31c2c52de5
1059,ar1,1,active,ARFF,53942,defects,2014-10-06T23:57:30,121,30,29,1,977f422973eaa6c3d1310fec4131ce67,f5174d25732aa754c9df4f6e5697d48c6a0af7447595cae28b437c15cacbd8e6
1060,ar3,1,active,ARFF,53943,defects,2014-10-06T23:57:31,63,30,29,1,5cd769131437cc864c7ef403a4c27aed,3acbfcd7715c235f5ee9295d34f27ebdaba6cf974e15e3aee9e385067de0d15b
1061,ar4,1,active,ARFF,53944,defects,2014-10-06T23:57:33,107,30,29,1,bd2fa52ed04501b9191c53c624edc64a,83abe05051e322ec0295a2b33363627d89642c68fd7864bcfdbbf3576d7da50a
1062,ar5,1,active,ARFF,53945,defects,2014-10-06T23:57:34,36,30,29,1,81fc805db5dbe61b6ab5aca294ab4fea,7bd0d55b71257e985447e2c65d81567be70a22ab42b45f344d77d465ae99aabe
1063,kc2,1,active,ARFF,53946,problems,2014-10-06T23:57:36,522,22,21,1,99e1aabb687c9bc20225f2899746832f,47f56b450b5035fca79f2f0b1bdca6a095325c53ca70bebfea05769876cbe65a
1064,ar6,1,active,ARFF,53947,defects,2014-10-06T23:57:38,101,30,29,1,ed824a21b297847af976f4eb7d05cdb6,83836fe67656ac75fba8bec4d317ebf6e9ae6739e6e975a83eb5ac9e5ea4bfcd
1065,kc3,1,active,ARFF,53948,c,2014-10-06T23:57:40,458,40,39,1,46e96c470360ac5c7bb97d7d210dfdb7,102021b9ee65d3d9b1116174ea4c43473c18f58ec0d70a47896c6b7de8b93e22
1066,kc1-binary,1,active,ARFF,53949,DL,2014-10-06T23:57:41,145,95,94,1,3ad86390401b9d3d92ac1cad69bbd1f5,7c776474cd890a5efa0019217c8378736f79ba54c04fde7f442238332e559d21
1067,kc1,1,active,ARFF,53950,defects,2014-10-06T23:57:43,2109,22,21,1,bcc004464934075ecaf54d84e45c427a,b73b58c0b24dfd0e8cb7698b1cefbbe9a79a0e83b7cf71b2e24cb02472e30140
1068,pc1,1,active,ARFF,53951,defects,2014-10-06T23:57:45,1109,22,21,1,32f17b71c893473d8e0645d268796794,8795c3667221e690b37197d284a6d9b9cd6c6d89db9b13608066a2d49af3c334
1069,pc2,1,active,ARFF,53952,c,2014-10-06T23:57:47,5589,37,36,1,496ef555e471f57e5092267c92e1b3c3,61763e9756f1a79403a9c6e0602bb9b5f07421fc6dfa2a995fc5761e910fd8b6
1071,mw1,1,active,ARFF,53954,c,2014-10-06T23:57:50,403,38,37,1,2c269007151fe2d533540848a8fc2e8a,84c2ff2f2086a1f0c5857e373a7268b38b54c0c2d94e074380bb90da85fa4d0e
1073,jEdit_4.0_4.2,1,active,ARFF,53956,Bug-count,2014-10-06T23:57:53,274,9,8,1,cbadb9eab52466c03bd8f3f885b45f3c,1fd7a783cf532ac038dae8232b84a1e88a45f6376f88fdb2c9d29f8519490b29
1075,datatrieve,1,active,ARFF,53958,Faulty6_1,2014-10-06T23:57:57,130,9,8,1,9b81608d8124bb8ccff96343de3b2959,ba6653063644cf2b623bc437f7baf5f027bb11470923ca26f4dfbccc4c0c2b61
1085,anthracyclineTaxaneChemotherapy,1,active,ARFF,1390177,Decision,2014-10-07T00:02:59,159,61360,61359,1,72324214d9d82abdf97adbe16e1d1ac8,b9a546f6735a20b59ce1b9d3020cd59498325159ae8dd4566c1d1d1e806a36d0
1101,lymphoma_2classes,1,active,ARFF,53984,class,2014-10-07T00:04:28,45,4027,4026,1,747655b7a4842a5c5f384ed6f44807ab,8784f591a2714bf53d9e6f93171edfa98959daf4b2b005513374202a5ff8f73f
1104,leukemia,1,active,ARFF,53987,CLASS,2014-10-07T00:04:35,72,7130,7129,1,338f0779a7c2e0ad62f98d987b43edae,713e446844d5f4b88b1b111b9ded941b93b3868fb2b6ad24c6290b7b601d20ec
1107,tumors_C,1,active,ARFF,53990,CLASS,2014-10-07T00:04:43,60,7130,7129,1,84eaa91dd08ff982e2aa732fe7391c56,c5d70ef1900e165c9442f667f3c70689a781a41f028ebe18e3f336770e3d2dcd
1111,KDDCup09_appetency,1,active,ARFF,53994,APPETENCY,2014-10-07T00:07:55,50000,231,192,39,50ca6df0132c6262fa5763edd7b3884c,8b102ab8fb264ea3a1544adc8e173a5c8d4c314e08d405704a859b5b05c809cf
1112,KDDCup09_churn,1,active,ARFF,53995,CHURN,2014-10-07T00:08:02,50000,231,192,39,3cf8299181a0742893a10660e53f9d0a,1c05cd7d1a08a635c6261de2df7d911468ddd6c1ad3261f28122e63f26c60cf4
1114,KDDCup09_upselling,1,active,ARFF,53997,UPSELLING,2014-10-07T00:08:27,50000,231,192,39,7c517e830d9ff93e5e0437e3c58d9939,bdb14e3e9f636d2c843c52c3efe77b46f24344f97b71756574a1f43c26f93046
1116,musk,1,active,ARFF,53999,class,2014-10-07T00:41:54,6598,168,166,2,08a7f184b6cb2375d5b2b75bbeaaf611,433bf5edbd433ed0a9185fb97d7a6df803f571acf4559defaee91d2e55e2f913
1119,adult-census,1,active,ARFF,54002,class,2014-10-07T00:41:59,32561,16,7,9,68352d5dab8f3e51fe4cb736a5afecad,d471120d8ba4c095ed32648b042e4304a4c7f9f086a367c7c166685be0abdf33
1120,MagicTelescope,1,active,ARFF,54003,class:,2014-10-07T00:42:01,19020,12,11,1,f6dee76810bd7211716fee7b2b0317cb,a4f98c9591cac0ae8db03e6e7d98152fec3bd7d925afb40c00a6023983c79634
1121,badges2,1,active,ARFF,54004,class,2014-10-07T00:42:03,294,11,7,4,f10c6b6b7e7f582214073afe4f317b9f,670b2fa603fd693d53658b4e397d86252e16f7de2664ef2ce9edee7d62631022
1122,AP_Breast_Prostate,1,active,ARFF,54005,Tissue,2014-10-07T00:51:40,413,10936,10935,1,1e8b46745617dfd37ef683a0fa04e7a5,e53099922f45bb38e3d17931aa3f28798f206c6597ba993bf2ec5db8249b52bd
1123,AP_Endometrium_Breast,1,active,ARFF,54006,Tissue,2014-10-07T00:51:45,405,10936,10935,1,4ed138323e3521ebc469004f1dc66b29,93425c658c12c209009b1ef4a8080986d8e724687f20e32af603153c90692505
1124,AP_Omentum_Uterus,1,active,ARFF,54007,Tissue,2014-10-07T00:51:49,201,10936,10935,1,3c05b7662d94196564f561cc0a7dbb92,13ba0f7e4e23c3ecf3168b76a84fc7ae8c15cc4a1f6ef0b6e36b5898107c2a4d
1125,AP_Omentum_Prostate,1,active,ARFF,54008,Tissue,2014-10-07T00:51:52,146,10936,10935,1,5c81ffc20d2fa81bd2f6b845902ce12b,cb1bce17e18dee6c6c5f73ba87e1f33b05791edc61ff0797e7b6448fe12299e8
1126,AP_Colon_Lung,1,active,ARFF,54009,Tissue,2014-10-07T00:51:58,412,10936,10935,1,35f668fdc0644afc7bec0e7ad6f961d6,8d82e0e4ba0517ceb70928dac336f124e1e1030b85435658fa2ee5ea83873291
1127,AP_Breast_Omentum,1,active,ARFF,54010,Tissue,2014-10-07T00:52:04,421,10936,10935,1,0bd300b5a5446d38d684e542e9c6b807,4b4a8441a8f0801a08b9be62b5c4686f194f85590f12ff3ff9eafcdd35510d52
1128,OVA_Breast,1,active,ARFF,54011,Tissue,2014-10-07T00:52:19,1545,10936,10935,1,8a7e2c9e1cb53295d074e03189b505bc,b0bbe622e952af5be56499257fec3d830646d277f45a42a3b67381d8d43c1937
1129,AP_Uterus_Kidney,1,active,ARFF,54012,Tissue,2014-10-07T00:52:24,384,10936,10935,1,1872ecdf2fd74c68dbc6df1be36c1145,868eb0695e01756406786fee405b59652356a5480f7fcbfa87e98e69bd7af503
1130,OVA_Lung,1,active,ARFF,54013,Tissue,2014-10-07T00:52:39,1545,10936,10935,1,534415d3c6a24813fb89d16bef3ecb3a,2db391294dc4d3726bb4ed9f2eaf79a70c53327b9dce3c2f281c159f3c1df56a
1131,AP_Prostate_Uterus,1,active,ARFF,54014,Tissue,2014-10-07T00:52:43,193,10936,10935,1,97751626902f17a7ff5f33146d8ec248,10b621a2e208dc34ff71b580c1b62e7fe5d6a3a84b72c51333d0de14fbc4d13a
1132,AP_Omentum_Lung,1,active,ARFF,54015,Tissue,2014-10-07T00:52:46,203,10936,10935,1,ccb939dada86b7431abdc1f38b20fa19,9b1dcf9c820aa2479d2852367ddf561a345c1c76811a208f6db86835e2ac3e5d
1133,AP_Endometrium_Colon,1,active,ARFF,54016,Tissue,2014-10-07T00:52:51,347,10936,10935,1,c57f9e32e1fe434563a5962bf37f6c75,60a804dec17f00b145b803a4b432c1ba700e3f11941a44bbc1690a8475adcea3
1134,OVA_Kidney,1,active,ARFF,54017,Tissue,2014-10-07T00:53:06,1545,10936,10935,1,d69cbf5b501a0081acf491f5a0a4d9ab,987f38fbfdb56f5f1e8ceef37561c62be19bc86260f26e0b1c33c0955312ce55
1135,AP_Colon_Prostate,1,active,ARFF,54018,Tissue,2014-10-07T00:53:11,355,10936,10935,1,2b2839755308e408322aa1c1143e3f73,8a18ee3b41502f2cd12e9d35f49c5c7b7160bfc097d1d250d28de7a4e67f8c42
1136,AP_Lung_Uterus,1,active,ARFF,54019,Tissue,2014-10-07T00:53:15,250,10936,10935,1,8d5e76428b958eedf5bc92ae0134dacf,9bfabc3173f0f35fa661c3990d9a5ba156bfeabd00413b1a39b1ba139f376c4d
1137,AP_Colon_Kidney,1,active,ARFF,54020,Tissue,2014-10-07T00:53:21,546,10936,10935,1,02760e13bb5ede875bae49bb99ac6a35,61993c8d91392a0b970eb0a191fa251bbbdbaaddfb5f5ef28121370f33f51549
1138,OVA_Uterus,1,active,ARFF,54021,Tissue,2014-10-07T00:53:35,1545,10936,10935,1,e6af0067cb3f2d15b32f85ff6320e2b7,809481269bbcdc6a27baceba1711935becf9fbc2b4b77fe7c559bbc7763711f4
1139,OVA_Omentum,1,active,ARFF,54022,Tissue,2014-10-07T00:53:48,1545,10936,10935,1,cb3b83d48f012b54cf7f8e6ed61e6bf7,eddc799b24b3a6575ef9c6dadf710f90172130ad04cac501f7e50d663369e54d
1140,AP_Ovary_Lung,1,active,ARFF,54023,Tissue,2014-10-07T00:53:53,324,10937,10936,1,7a626a33770eeaeebd6bc26130d9b5f7,7cad4e119b4423cf089b3789f88c093563b2334699e74c5ebec09052ff6f698b
1141,AP_Endometrium_Prostate,1,active,ARFF,54024,Tissue,2014-10-07T00:53:56,130,10936,10935,1,589d6d7fc78c26c229c1b0a8c0617e5c,601361e85e15bbf7b18b33f6df77dbfbcb2ecf4ea0f7aa41596d8a921405b0be
1142,OVA_Endometrium,1,active,ARFF,54025,Tissue,2014-10-07T00:54:09,1545,10936,10935,1,f0057df5c94264c8f63113b5a4b11005,9f5201c8a3e9b8dc4cb8cd74b62429725c0775471380766c170272b26c63906e
1143,AP_Colon_Omentum,1,active,ARFF,54026,Tissue,2014-10-07T00:54:15,363,10936,10935,1,bbfaa68b8bfa4070cff46500c60109e2,0d45c60cf9f92def80a35477f1dce35ee1e74e3a2ad4720dd268f52c910eca9e
1144,AP_Prostate_Kidney,1,active,ARFF,54027,Tissue,2014-10-07T00:54:19,329,10936,10935,1,aca5863904858eb4e255885d1fd530eb,a6163eac332c6a09ecc068477f783c41c7575a14f539a31c8ddc21b3f4f6a7c9
1145,AP_Breast_Colon,1,active,ARFF,54028,Tissue,2014-10-07T00:54:26,630,10936,10935,1,5164fe2dda21a29d7e87b67516c7a6d1,8751aabf91e7e22ccb8828b6ec8672e71e782c174da6fc42bbb631bf89413d8e
1146,OVA_Prostate,1,active,ARFF,54029,Tissue,2014-10-07T00:54:39,1545,10937,10936,1,f3d1662ef9bc516689c6d4a7774ceb61,9835a33e7d22959c6e4f213e6b066116a6c8360c83acf0614a32cddda53d3788
1147,AP_Omentum_Kidney,1,active,ARFF,54030,Tissue,2014-10-07T00:54:45,337,10936,10935,1,1a4a0964dffb2eb44fd4f637c1077d66,1cf81ccde61970ca03302062b2e758c8199179134d7d80a2bc9ac3ee63abbc49
1148,AP_Breast_Uterus,1,active,ARFF,54031,Tissue,2014-10-07T00:54:50,468,10937,10936,1,351dd918852b17709a3123010de1f9ce,483d1148b35f407760025a38883af5333ccded8591beb7b879d21af5022588dd
1149,AP_Ovary_Kidney,1,active,ARFF,54032,Tissue,2014-10-07T00:54:56,458,10936,10935,1,faa1add81eb15a8e92a771bd8c3ed88f,405dcdbaa2c7b9cbc8133ba227a1d58d70e711e5382f69b68556364bb121859a
1150,AP_Breast_Lung,1,active,ARFF,54033,Tissue,2014-10-07T00:55:01,470,10936,10935,1,3e85460e83198358a9c93e90e1a64a65,39c0eecfcace996f01210a377a9dadc99fdc04324c8f2b9877a494248fc4b70a
1151,AP_Endometrium_Omentum,1,active,ARFF,54034,Tissue,2014-10-07T00:55:05,138,10936,10935,1,49ff5e69a3b3f39db8353951ed280f66,ea8ba4ff3fc4bd41ee8abf27180ce933dfc0d4365f3a426bbf9b50f5afeeb93c
1152,AP_Prostate_Ovary,1,active,ARFF,54035,Tissue,2014-10-07T00:55:09,267,10936,10935,1,96d81376a84c430fd3422baed99f68c9,2b9b575826c3ad6687ee1fe2fe569888cb4ad869238e46bccea86e7f3856d3a8
1153,AP_Colon_Ovary,1,active,ARFF,54036,Tissue,2014-10-07T00:55:15,484,10936,10935,1,70986603d6bf8dfe0219c505813b071e,29bf4fee8e2b4a66286b8dde775c150778ff76f4741d8bfa79620bb1578ce57c
1154,AP_Endometrium_Lung,1,active,ARFF,54037,Tissue,2014-10-07T00:55:18,187,10936,10935,1,0c2a11fe66f9862809d0a157c2096ef1,0857264c46b351006e47df06e9101729fe29d768a09fada452f9d52e0628d4ee
1155,AP_Prostate_Lung,1,active,ARFF,54038,Tissue,2014-10-07T00:55:22,195,10936,10935,1,dc2c312c8adebea1de196ebd63e18f89,822733d6c85886cd8c92cb914e90550ecaa44ee8ef68afeb78ee32e8bee322d5
1156,AP_Omentum_Ovary,1,active,ARFF,54039,Tissue,2014-10-07T00:55:26,275,10936,10935,1,e7eb123f6648db999bb63cb3656406d4,6e749130ee81d6e070c0bd21f859cf7452083606faaae1c6640e85730ba810c2
1157,AP_Endometrium_Kidney,1,active,ARFF,54040,Tissue,2014-10-07T00:55:30,321,10936,10935,1,07b0cd5f9608625154d06b01c1c59cf7,e1c61b215fe32a1f9c888fa9cadb2e7732975ef121e1350be455cac3502fc538
1158,AP_Breast_Kidney,1,active,ARFF,54041,Tissue,2014-10-07T00:55:37,604,10936,10935,1,fc377bd8674e9b31b4e8ff3aebb4195f,52dbb8780a0c60808155a2abbce89bee625cde49348181c343edb81b5879e9a4
1159,AP_Endometrium_Ovary,1,active,ARFF,54042,Tissue,2014-10-07T00:55:41,259,10936,10935,1,2cde520a64d3f1654363b23e0e92600a,5d893e83a580172c43e7c62cabb2a56ba21759f3a7feaff5c288a8f0b0570bb4
1160,AP_Colon_Uterus,1,active,ARFF,54043,Tissue,2014-10-07T00:55:46,410,10936,10935,1,10c3134a8fb57ab05fce2689738634b8,275c8ce5c5a4026c1f61f554c87c650c4abca1745faa0796948fc62054cb8718
1161,OVA_Colon,1,active,ARFF,54044,Tissue,2014-10-07T00:56:00,1545,10936,10935,1,9af001ad72c458d1b76d2c5a2cf63b03,031f6da2960a00349c26894e66c24447b99c01e38a9cf80e934f97fdf859eae1
1162,AP_Ovary_Uterus,1,active,ARFF,54045,Tissue,2014-10-07T00:56:06,322,10936,10935,1,d8216748b168ffc0e3ca1ab442e9402b,e059cf51b8f76a7bb72ff2d538efa76c54feba51c7d6fddaa3ad4f8ff37282f6
1163,AP_Lung_Kidney,1,active,ARFF,54046,Tissue,2014-10-07T00:56:11,386,10936,10935,1,cbb3440c8ceb332cf13577af7f311be6,126e1340387a66aaf8ddf876f1b6b2bd3975608b3df79a2c1f708753e8ba70c3
1164,AP_Endometrium_Uterus,1,active,ARFF,54047,Tissue,2014-10-07T00:56:15,185,10936,10935,1,1244560b13e08eb10999826a472f81f9,22e86944432a078ee9f49abac01bc50be06ee3d1fa3277ef44276d60a242c67f
1165,AP_Breast_Ovary,1,active,ARFF,54048,Tissue,2014-10-07T00:56:22,542,10936,10935,1,34b9a838898fb87a2853599a26eaa141,14b9ff0339945ea6bc39bdbdbf3321055ad05fcc09c2ac2e6cdf7727a9fb2de4
1166,OVA_Ovary,1,active,ARFF,54049,Tissue,2014-10-07T00:56:37,1545,10936,10935,1,8bd120cb9d09df16ab03afd049de1e09,4ea0972161f0f1b8d8d3a5ef7d311d292e6c179bd0d12217929c2a08b739e8c6
1167,pc1_req,1,active,ARFF,54056,DEFECT,2014-10-07T02:50:49,320,9,7,2,3fba90d0a8ead05626df0d0a81c093c7,307174c01beed646a7baecd41aa2c8189ca11c08ccfaa6199c885138d4223264
1169,airlines,1,active,ARFF,66526,Delay,2014-10-10T01:16:31,539383,8,3,5,2c1189a18602a2cfdfe952b7d262562b,46b6b65016525c8dda7f96bda973d1f861233bcc21570b66bbc0d459bf15fbb9
1178,BNG(solar-flare),1,active,ARFF,150656,X-class_flares_production_by_this_region,2014-11-12T12:13:14,663552,13,0,13,5dc14d82580d27f169aecdb1fc4b07ca,f88d37f7fb9b051b6f909fc515fe9d84f60f9a8dd1a0844bbc8faf26fdef4d5c
1180,BNG(spect_test),1,active,ARFF,150662,OVERALL_DIAGNOSIS,2014-11-12T12:13:41,1000000,23,0,23,a3d042115fbb176c16c343166df012fd,85e1feb783fc3f943c0b135597a404b603521a618913570a2a39af0086120c58
1181,BNG(spectf_test),1,active,ARFF,150671,OVERALL_DIAGNOSIS,2014-11-12T12:15:04,1000000,45,44,1,c0b74ed2fd3d106097ebfe4cdba1ec72,461e8e370626fa4a6a43c05433a54c7e5c14a18fd674d1050bdf0b267373d238
1182,BNG(adult),1,active,ARFF,150672,class,2014-11-12T12:15:31,1000000,15,2,13,737e9cf58d33711e6760ba31979e3843,9d5804be61b26258ebc2c5c3a87b9e8c019a2cda7cb8060db0bd26129a8d1638
1205,BNG(Australian),1,active,ARFF,150767,Y,2014-11-12T13:54:29,1000000,15,14,1,46d50101fb8997da13d739052e7835ff,8dcb179f6183b8ec9aa2d8dc898267bf5bfdb82ed3015f5dc3cb3a108c2d351f
1211,BNG(SPECT),1,active,ARFF,150789,OVERALL_DIAGNOSIS,2014-11-12T14:23:01,1000000,23,0,23,1541a90ecfad0e3f056d5662692ebef3,68ad4c401d0f1f313ab382329c77b3ec70177d8e6c063be91ee1484ee746aa0f
1212,BNG(SPECTF),1,active,ARFF,150790,OVERALL_DIAGNOSIS,2014-11-12T14:24:25,1000000,45,44,1,de4e3744c93a706b472390634ba55870,42758eff30c725dba8e6f715668e02592d93b3ae4d71cc4c8854974aa63c718b
1216,Click_prediction_small,1,active,ARFF,183030,click,2014-11-23T23:50:22,1496391,10,9,1,992604adeb69ffb8c638f62cbbdbe135,3a1908f58630569ff973756ebe26202b194c651dc9f18d5923dc6935369fc4a6
1217,Click_prediction_small,2,active,ARFF,183039,click,2014-11-24T00:30:23,149639,12,11,1,3de0ce7016e1679174792971c3c28677,4b6c0ad312bee5b82bdee592192d34c5c94fe8ad4c050cd338bf59972233c7e1
1218,Click_prediction_small,3,active,ARFF,183150,click,2014-11-24T10:26:05,1997410,12,11,1,1f2d6b2dd82e4902026bf589aeeaeab2,208d5e89d701294885c6dd857213bafc66493a306943e2acb80399a2039c7aa6
1219,Click_prediction_small,4,active,ARFF,183151,click,2014-11-24T10:27:04,399482,12,11,1,eaac0b029e876f0b8ee7a134fd22bae5,bd430974eb657eb50cc325997d82d58db632a1c914d866f625e95f4073e7b65b
1220,Click_prediction_small,5,active,ARFF,184157,click,2014-11-27T01:18:40,39948,10,9,1,2d0de4e34d32f9baf601ca3c917a9187,b2d0e3d07f2f3da576a86b3e681948ea7dad73467d6fd2ea98bb463c7e781049
1235,Agrawal1,1,active,ARFF,520800,class,2015-02-13T03:26:17,1000000,10,6,4,62d12ddc86636752190b5934d98a52bb,45db1becde62061033c42d0037d07a39cadcd67436b67432876f185b52cab5c8
1236,Stagger1,1,active,ARFF,520801,class,2015-02-13T03:26:37,1000000,4,0,4,3d897f2903b1373dbce251256bb886e1,1dbcba6c822461c1b3d7e5bf5adf37f2f42b4fd854576cd27fed2b80f7de1624
1237,Stagger2,1,active,ARFF,520802,class,2015-02-13T03:26:57,1000000,4,0,4,f525a791215635a0b87dc3b64d3f5031,eedd6bc2feb40fbad6706f5f0c0e05c8afa53d10366d9d9b97ce8c337c9b1834
1238,Stagger3,1,active,ARFF,520803,class,2015-02-13T03:27:16,1000000,4,0,4,a12674e732bd61fecfa2dcbcf5a9cdee,cf00a1f21f4ea8264c57bfb93629ee26fbc46b2e53a812c0d3d4f5611bd6c689
1240,AirlinesCodrnaAdult,1,active,ARFF,522887,Delay,2015-02-14T02:50:08,1076790,30,13,17,562b3ff0abe018d8e7a5d498645a7dd8,7c314b2a88d8c2d19adac46fc6b778a6335b2a709cae584652c55164f6caedab
1241,codrnaNorm,1,active,Sparse_ARFF,522888,codrna_Y,2015-02-14T02:50:40,488565,9,8,1,7e0d78d35b49661e86f80439ce2f6380,e9042ab3b2c333172f6b6086df99cc8e94c44c17b6e974cdafbacbc3797e1690
1242,vehicleNorm,1,active,Sparse_ARFF,522889,Y,2015-02-14T02:52:02,98528,101,100,1,da3f30ff4ee34e5752031dc3d7cd33fe,84b8c5be0f10e3e1c42af4c688625749f7b69feb19dc1cb66da068f48e92f682
1369,"BNG(kr-vs-kp,1000,1)",1,active,ARFF,583646,class,2015-02-22T23:15:20,1000000,37,0,37,cf0588894bbbfe1b2b77ab1f1872b817,46811b0d87f54dc5d95369017d47c8276b78473d1e300cae22506e749b5a9d43
1370,"BNG(kr-vs-kp,1000,5)",1,active,ARFF,583649,class,2015-02-22T23:16:51,1000000,37,0,37,82848d3077dca3c1a957c12ca179ab5a,df3f7eb2269cd0aacb580e454b675c2083c4489ab650dccd3f0760e81ec083db
1371,"BNG(kr-vs-kp,1000,10)",1,active,ARFF,583650,class,2015-02-22T23:18:21,1000000,37,0,37,fe3256f79f7a7162d199db8db8ef3071,146b0ad9b3d2e6264aa2fc86eae0ebe6dbb88c9712c403e8543e80077f502f2a
1372,"BNG(kr-vs-kp,5000,1)",1,active,ARFF,583677,class,2015-02-22T23:19:50,1000000,37,0,37,9d218503363553e4913c64ed773fbef5,877e9d00a2a502797c5b98ad335f1963b4a67f7e9d144317b28fa9b8e35071e6
1373,"BNG(kr-vs-kp,5000,5)",1,active,ARFF,583754,class,2015-02-22T23:21:30,1000000,37,0,37,4e01f3220bae6a9c40da414b1a828228,39de55c7272924b9679b81d6c54023705159057dec942ad236209680fd4d4f08
1374,"BNG(kr-vs-kp,5000,10)",1,active,ARFF,583761,class,2015-02-22T23:22:58,1000000,37,0,37,6919cb70f3c9aeaed66b6287eea73752,2086f1f055e32718a3e17e4bd26154a7d4659add53f3d3d77edf168c3f3fedeb
1375,"BNG(kr-vs-kp,10000,1)",1,active,ARFF,583762,class,2015-02-22T23:24:26,1000000,37,0,37,11e636d9db785074bb03cc188c1b4948,53154ed2fb569aef5ba9d3768d737456549edd96ec7d95ec9f9e9c6b89a64817
1376,"BNG(kr-vs-kp,10000,5)",1,active,ARFF,583765,class,2015-02-22T23:25:54,1000000,37,0,37,b370a94a4a15a89f9be347ff0af1d764,e92c095a1973c55e18e93de7f4b5244854fe5db03492909cc8974db74c0bf657
1377,"BNG(kr-vs-kp,10000,10)",1,active,ARFF,583774,class,2015-02-22T23:27:27,1000000,37,0,37,b22e4ca8576617602b602bd383159028,d82f75e78530fd13b02c7716dc937cb813b6109bb2066da1aa6d2ff058c0034e
1412,lungcancer_GSE31210,1,active,ARFF,964755,OS_event,2015-03-12T14:29:06,226,24,21,3,e340c41c1783758d5590ef33295ec0d9,f2c932bacab96eb1ba0ef5c40fecc736d4a4a591e74c8aceed69eb72554b6d8a
1441,KungChi3,1,active,ARFF,1582937,def,2015-05-19T16:39:20,123,40,39,1,51e39eb1739b2136562c9dd39f25116c,cb05e84b28d761fc766021992ef2a1aa634d81e25cc2fc729660a31def5d9153
1442,MegaWatt1,1,active,ARFF,1582938,def,2015-05-19T16:39:46,253,38,37,1,e3509dabf12c68a0c73fd0c79d699524,1e827a64ae340090fc2e23f50f334debabb868b369dadb7d3b49962de9a59513
1443,PizzaCutter1,1,active,ARFF,1582939,def,2015-05-19T16:40:07,661,38,37,1,0acb723daced712b685f46ee1e3975a9,123de43d6fe6cefba08a57695f370bc0f1952d42c0a2e052534a5c8eaf71b4a0
1444,PizzaCutter3,1,active,ARFF,1582940,def,2015-05-19T16:40:32,1043,38,37,1,7813575fdd90deb89c4f9fe7289614d9,5ae9efea73aa61d8d0f5e26b03114c6fc256ad8d5922cb56bdc384e9ed3bb04d
1446,CostaMadre1,2,active,ARFF,1582984,def,2015-05-19T17:19:53,296,38,37,1,43992ca2e27fee7043b8d20fdd760e19,3da30d7f937f190cbf04ba47309be56807eadbd43bc2729980f0331db99532ae
1447,CastMetal1,1,active,ARFF,1583313,def,2015-05-20T15:54:47,327,38,37,1,23212a6f2dcdfdd80fcf96c08d0c0be5,ed9144580b93db66c464ebc21188294cefb738380705850e95c5906f218e2c84
1448,KnuggetChase3,1,active,ARFF,1583314,def,2015-05-20T15:55:34,194,40,39,1,178d63cffeea94915521709bce9403cd,00f94b02b4b71d5ee97ac4e321a323b13faa35f84fbaa76517da222d89a3b919
1449,MeanWhile1,1,active,ARFF,1583315,def,2015-05-20T15:56:02,253,38,37,1,ea179a50d4adb487e9d09a76345fecd8,c8eafedfb5606a61efae5f17c214c932b8962c0026be5c60d3adffb45d27f9d9
1450,MindCave2,1,active,ARFF,1583316,def,2015-05-20T15:56:20,125,40,39,1,2e45d67217ef374b50b484114762e7be,371ae1db5ddf583f7f49be15107ce3fd349af76b6e9448288f9de426b1065102
1451,PieChart1,1,active,ARFF,1583317,def,2015-05-20T15:56:42,705,38,37,1,1fcaa655ba7e5484d39f1a925b026c80,196e16bd71258e5033adf458804f8aa64b9577a7430652d25409386c8bb3443b
1452,PieChart2,1,active,ARFF,1583318,def,2015-05-20T15:57:07,745,37,36,1,681175c8e9a226bae4e2aa56f33ed0a7,27f815d4bfbba53256cc978cd4bd72f10600b0d04f4ac926f76f847379397356
1453,PieChart3,1,active,ARFF,1583319,def,2015-05-20T15:57:33,1077,38,37,1,f4a75c27dc9e8f25ad6dc538e815d4d9,bfc67b3b3731861df83cd773de16fc20ace76ca3a13419ac7eadfc666252d728
1455,acute-inflammations,1,active,ARFF,1584100,Class,2015-05-20T20:10:31,120,7,1,6,725a1e0028f7bd95bfff5e567b2807a2,5e04b4ce2129878aa25b79a7947ad21f2cc04f7ebe57df57cbf1a6324b999c4d
1458,arcene,1,active,ARFF,1586211,Class,2015-05-21T20:52:02,200,10001,10000,1,55500a922686d83a6b892cd5386f8241,c7cc04a45ac30ad5d9094cf83c76e4eb039498e9d650e219cea7342cf4cc349e
1460,banana,1,active,ARFF,1586217,Class,2015-05-21T22:02:20,5300,3,2,1,e0d419c1e3cc5c19ed37be5a746ce5ed,ada6f7aabb7f81fe4015d4a093d0a2aff2aad1200d2ec45208452b25585b190f
1461,bank-marketing,1,active,ARFF,1586218,Class,2015-05-21T22:16:49,45211,17,7,10,b29d2eb78e508569fd41172c97bda00e,1ff18c355e629f191e610e6eb8b8afc3cd508c355ec3797d60140e799c13c92a
1462,banknote-authentication,1,active,ARFF,1586223,Class,2015-05-21T22:40:57,1372,5,4,1,baa2dc5b745775a943ebeb9c276401f8,0e244245f6aadcd0e27561d9a876c093006f7fa2886d486abcd1dc6d8d934037
1463,blogger,1,active,ARFF,1586224,Class,2015-05-21T22:45:55,100,6,0,6,8163aa79215d09b9685aaacffbbf3de3,13cdb8507d6f757219122fc1b9d3903fa2759e1e15c9797928d05c9308b312ee
1464,blood-transfusion-service-center,1,active,ARFF,1586225,Class,2015-05-21T22:49:48,748,5,4,1,c3242468edab8c2e7a907674122dc851,55bfb45d33ff652636d5ea705ccbc07fc3d5dfa377d119e0c78c81cd54531137
1467,climate-model-simulation-crashes,1,active,ARFF,1586232,Class,2015-05-21T23:11:45,540,21,20,1,c3d91dc521c59323cdfba6336a5d59a0,3d16cec725aa1aa5bfe377335e8846123c42f0a6b1891b69605cae5b73dafab7
1471,eeg-eye-state,1,active,ARFF,1587924,Class,2015-05-22T16:40:04,14980,15,14,1,32086b7bec4daaa9cbe5f19efa63368c,381cffaa9fcd88c6de2b06d3baf5b5757cef79c7090c61d56dc6ae823e5256c1
1473,fertility,1,active,ARFF,1587930,Class,2015-05-22T17:14:45,100,10,9,1,6bfc3c6c5c7cd86324ce16e63a623bef,f2d633b225adf86f99182090330e01fef8a34d382917b0f3ad383be02ba49029
1479,hill-valley,1,active,ARFF,1590101,Class,2015-05-22T21:11:58,1212,101,100,1,347b591c7006712869fcae81a88dc0db,1db624c2a330f9d3b78120bc6672640e805c80e4afcdfb3b744f75d85e64db0a
1480,ilpd,1,active,ARFF,1590565,Class,2015-05-22T22:40:56,583,11,9,2,155295549a459387fb71312caf1b8360,eb06f21a94d4abbda50ab060dc9b5b5834dfebdd219ecbc0421101d9663d9994
1484,lsvt,1,active,ARFF,1590985,Class,2015-05-22T23:41:48,126,311,310,1,0a1f038f043a272efd4b26898e303339,1bb2a9ece4cbf2d6b14b81b521715f7c8dbe8efddb4b7615edd142eed9ac8ffc
1485,madelon,1,active,ARFF,1590986,Class,2015-05-22T23:46:18,2600,501,500,1,9a4a0c7fa94e6f824962b4c6fbd1812c,18246f3d44b7dcd1b13125d9eac73a03c2ec757d0bd70c9d250b76ff9b6ff929
1486,nomao,1,active,ARFF,1592278,Class,2015-05-25T19:09:04,34465,119,89,30,8fc1ac73fbe5236892e166f9f24d7221,d6c2d7b8341487b7fa4b33a5ca2410219630b72480fdbbbf163bac87030e9cf9
1487,ozone-level-8hr,1,active,ARFF,1592279,Class,2015-05-25T19:22:29,2534,73,72,1,6e6b7aeb382e30ae79149e4e5845cf2d,3230d3231164162c301db0e6549c4a541102ea034fcf9b5ec372dddf679d34a5
1488,parkinsons,1,active,ARFF,1592280,Class,2015-05-25T19:30:39,195,23,22,1,40090f15c115d085e0f7e6653e55bcba,4e6a51ee9d5df3b601167c54d947e43e3d842a677aba5952dc587bba044e5194
1489,phoneme,1,active,ARFF,1592281,Class,2015-05-25T19:34:17,5404,6,5,1,902ff27649dbfb512f3fb01fc05c6b24,676e2a47193feddb703956ecd9f8b4b040eed058e7fbc9361125dd0166a95b66
1490,planning-relax,1,active,ARFF,1592282,Class,2015-05-25T19:48:11,182,13,12,1,52d8540e89a087b82ad97bd4d3d4fd71,9986df5aa55c109e6df6524e1501fea038d5f79df6c5c3493c2a3050320426f5
1494,qsar-biodeg,1,active,ARFF,1592286,Class,2015-05-25T21:14:53,1055,42,41,1,a2c189cd65511103fa540d7186155c24,50d767149786e8575498ad27888274e402004a8767a8f14b8dcee8fdd03dd7c6
1495,qualitative-bankruptcy,1,active,ARFF,1592287,Class,2015-05-25T21:22:25,250,7,0,7,276c34e643e965ddaf4d01cf3def47fe,15f53799eadc226c2dfac2453786be843b7669a53f461a511ddeeada4500217a
1496,ringnorm,1,active,ARFF,1592288,Class,2015-05-25T21:28:19,7400,21,20,1,0ce5d1e2ee37cb854c11c916053686d7,2f5ccea3281b9e40b6bc2038d7457460ba7d21c4abc7a39d2dd5a5ac73c07fd6
1498,sa-heart,1,active,ARFF,1592290,Class,2015-05-25T22:01:16,462,10,8,2,dd215cc6cc1de7f5fad15bca4b8f84a0,6666e751429fe6f84dcf5831f03a415cb723889b03ea2897ada1cd2d3e46a077
1502,skin-segmentation,1,active,ARFF,1592294,Class,2015-05-25T22:28:37,245057,4,3,1,5dd4d1f27c2b1c6361c18dfda6fb61d6,f3875a08c4cb4a5b012b96d0356bd113572877e7fb8221c46b9faee062646fae
1504,steel-plates-fault,1,active,ARFF,1592296,Class,2015-05-25T22:42:40,1941,34,33,1,7917ace4246897272fc35e17131f1b38,e52ab0944e9639e144212cd300625d535b3db37d9a3d93d95f8557b841016413
1506,thoracic-surgery,1,active,ARFF,1592298,Class,2015-05-25T23:02:18,470,17,3,14,1a00c945a6c5d87cb5a5f234649bcbb0,d2fe797d3b88ccf71dd378bf9ce439eba4171e70bfd32d092ac01715e56592cb
1507,twonorm,1,active,ARFF,1592299,Class,2015-05-25T23:17:08,7400,21,20,1,fcd5d8151b3f79825dc33c1a2f3a7cbb,2c8033473f44bba26aa590e6056af4e48144e9178145813a175d632e227c981e
1510,wdbc,1,active,ARFF,1592318,Class,2015-05-26T16:24:07,569,31,30,1,7aa183d3657e364911ced0cbd6b272bd,3e067ea2204b675ccd0bf8f2cc7131d892169e6208c01bb2ae7d3143b71feb0a
1511,wholesale-customers,1,active,ARFF,1681131,Channel,2015-05-26T17:15:57,440,9,7,2,f7a5dee2c0483a061a3769d1413d9c2f,48da1a59a8254402cd9a269dafc000c9deb6ab87664f3ccc8a064318d52e57ca
1524,vertebra-column,2,active,ARFF,1593720,Class,2015-06-01T17:35:02,310,7,6,1,33737c7a3b1679fcd8ec033690a11c30,1a115c7c90c40454ffccdc41cb38eb697cec13009f95b61a71831cf26a13cf3b
1547,autoUniv-au1-1000,1,active,ARFF,1593743,Class,2015-06-01T19:49:21,1000,21,20,1,c8bc2c789ed98038fbf7715abd0a12fc,79f38fad5fbd1ef36d9013afef894ca9b32b93a5e7b48eb646acf4cd2d6537cf
1556,acute-inflammations,2,active,ARFF,1593752,Class,2015-06-01T20:12:23,120,7,1,6,d761cd67328e6f86ba6ac8d4accf9192,b20f90f83305c561ba33e225d2f62edca7325c703b59d8d62876f550791638c0
1558,bank-marketing,2,active,ARFF,1593754,Class,2015-06-01T21:25:40,4521,17,7,10,3d1cec68f7802f952704f5348898fc7f,c3281aa84d46c08553f55cdb0338f4ffb5264b81bfeb11d88465729560ef63d0
1561,dbworld-bodies-stemmed,1,active,ARFF,1593757,Class,2015-06-01T22:26:05,64,3722,0,3722,ee8d3ea6ec302609ecc93de02d0ef197,0f7fd948eca682fa159fb4f4dd2bbd345eafb9b1f02af32f153c9267a9dbc927
1562,dbworld-bodies,1,active,ARFF,1593758,Class,2015-06-01T22:29:49,64,4703,0,4703,f27af54376df4aff352ef89efceb359a,7a0b40cd05f4fabafac72cf28fb3b8ec2eeba3c986e7e3479910ec9663505f60
1563,dbworld-subjects-stemmed,1,active,ARFF,1593759,Class,2015-06-01T22:32:10,64,230,0,230,05090effdc1449379806a4760969270d,97a45e0e846c25b74b7cd69b0b9f580a0918289ac752df5b59c715e246d6e087
1564,dbworld-subjects,1,active,ARFF,1593760,Class,2015-06-01T22:33:16,64,243,0,243,df247d5b55100a5dc6905631cab5deff,0562f9344bb8103548f1e9edd8eae329f462de85c32793ddc0a1f2750ea92472
1566,hill-valley,2,active,ARFF,1593762,Class,2015-06-01T22:45:05,1212,101,100,1,013f41a3998c187ae51b00a433fe4613,0b1b303a1413a0167f833aaec460b77185b00ee469586b956e3562a4ac01dfdd
1590,adult,2,active,ARFF,1595261,class,2015-06-09T16:39:06,48842,15,6,9,bb6510925e5d4b23d136715febb2cdf5,dfe0c360737447755de0badb48e8120b1d418b913ffc57f18b8b266dcfde0840
1597,creditcard,1,active,ARFF,1673544,Class,2015-06-25T16:52:17,284807,31,30,1,178bcf9bb1f31a3dfe12d0e577884add,fc60f3270694b4238601694e1c777ff278abef800d899168b735c70134976d12
1600,SPECTF,2,active,ARFF,1663773,OVERALL_DIAGNOSIS,2015-08-27T02:09:50,267,45,44,1,5e90f3902e4d35343b4a0b7d595befb3,f1d4e5578d9082baf27df5066acecb91f53daffdcfdccc4cd68a74fdec519971
4134,Bioresponse,1,active,ARFF,1681097,target,2015-11-04T23:59:56,3751,1777,1776,1,f34816f743ec2f535dd92b8e5e01bb59,a72757184335ebc7cae35a51ab17b55236db4bd40275550708825366bdc501ff
4135,Amazon_employee_access,1,active,ARFF,1681098,target,2015-11-05T00:06:06,32769,10,0,10,5502ee73e563ddf5b699ffe0c633905b,726aeae5f91861c1c30997e05147bd57c633a7aa8239bdb691606bbdda242e77
4136,Dexter,1,active,Sparse_ARFF,1681111,class,2015-11-08T01:18:07,600,20001,20000,1,1ffdf28d38bd17678ce2b83acf3c3c07,2edd908f3c503484fb0ead3963c6b63e9eb2f27ff9a6753c8356271dd38d4780
4137,Dorothea,1,active,Sparse_ARFF,1681112,class,2015-11-08T01:19:46,1150,100001,100000,1,9d9c44aee46b840d2bd075acb2af0ac5,871fdb6f345884bfc46cd38b3e22d55c14f03d883bd2e111c27a29c91d1af892
4154,CreditCardSubset,1,active,ARFF,1715885,Class,2015-12-02T23:53:52,14240,31,30,1,6064ff15b787bd88dcc9255b07f2108c,52518e1f137d7a4984b34429646fdd86d5abcde3b41f9b6f8c9c9b78aff2064a
4329,thoracic_surgery,1,active,ARFF,1761654,Risk1Yr,2016-01-18T11:54:36,470,17,3,14,a3eb84ef7b21eb1faba991cbac831235,f786c04fb845f58ac28af972453f9a8493505cac42c6245c0d9da91078967f8e
4534,PhishingWebsites,1,active,ARFF,1798106,Result,2016-02-16T15:30:33,11055,31,0,31,fa52215c3e8caba4b765afa33bc92657,5d02df4b04ca59d442e4f7ed3a923686f106c979074be8962be23b07df98b4a1
6332,cylinder-bands,2,active,ARFF,1854224,band_type,2016-03-30T22:09:17,540,40,18,22,59ec3d17d1fb9fa79c3108a7a5a9bc5e,c31ae93c260c9ec1612c768a6f1051137978cf3f5270b4bf12168d62277e0100
23381,dresses-sales,2,active,ARFF,1910507,Class,2016-04-11T19:57:27,500,13,1,12,996f7aacb2eab289cc1a968e263f5281,b664b1c68babe7cc42f6533c24cc18ea9d3bb1ca8eb8b2b7effa5ff6d253acda
23499,breast-cancer-dropped-missing-attributes-values,1,active,ARFF,1975719,Class,2016-05-23T10:44:15,277,10,0,10,03567a0484eab5ef4069f2396a50b50b,1878b0dd84a90274062577a8b744987ee65e3dbe31061dcb189bf3a30066c24e
23512,higgs,2,active,ARFF,2063675,class,2016-06-21T15:03:06,98050,29,28,1,1a216f3bb3f6a961b4023179fca78452,fb68ab16414dc222af3a166373f90a05b8501164c4fc7b403ee4d7e0b41b4b3c
23517,numerai28.6,2,active,ARFF,2160285,attribute_21,2016-07-07T00:59:06,96320,22,21,1,2a24bac4b82d3455436f6bcc328946a3,7780b52ba5a342559d13afd9bc1cb1878aef2201331db33d2e9bb6648a6461a2
40514,BNG(credit-g),2,active,arff,4600907,class,2016-10-06T16:01:16,1000000,21,7,14,05014b9effe33526b19a75aa9fb36b0f,e82de342a8e537a23aeae164e0146261b021e11670a82a6009b1e14579e062ab
40515,BNG(spambase),2,active,arff,4600909,class,2016-10-06T16:01:59,1000000,58,0,58,93467b217f1c17d8d34f76d1c64c4cf3,a02ecd2e006976b455e82447d573dec3fc0de07c0d6462d0d94246fc5e1c3b85
40517,20_newsgroups.drift,2,active,arff,4600914,class,2016-10-06T16:04:01,399940,1001,0,1001,b1e5ca2d360f5d756672e516871000e4,af80d28ceb4dec0eb860ba035cebe60890d3883617c9a33f18371824880ce06f
40518,BNG(ionosphere),2,active,arff,4600915,class,2016-10-06T16:04:36,1000000,35,0,35,5a8da7288978de0b177c674f000fed91,e0ac2dd5d60c257ef286cf923415a7ac2eea073dacef31763f6ac1f39c1d77a1
40536,SpeedDating,1,active,ARFF,13153954,match,2016-11-16T23:01:11,8378,121,59,62,0c5590a0c81750687ee1b0ee68168a5d,cb38a98c9b2574d5b9430a7d5c39107179d12972ae2f515df60e0541df916790
40588,birds,3,active,ARFF,4644181,"Brown.Creeper,Pacific.Wren,Pacific.slope.Flycatcher,Red.breasted.Nuthatch,Dark.eyed.Junco,Olive.sided.Flycatcher,Hermit.Thrush,Chestnut.backed.Chickadee,Varied.Thrush,Hermit.Warbler,Swainson.s.Thrush,Hammond.s.Flycatcher,Western.Tanager,Black.headed.Grosbeak,Golden.Crowned.Kinglet,Warbling.Vireo,MacGillivray.s.Warbler,Stellar.s.Jay,Common.Nighthawk",2017-02-16T21:19:21,645,279,258,21,6c69596d2dbd1add5e9a22352fa71e30,bad84b5d97499dc567e8fa17a5768c5571643745396ef1328e3b01a7154666ea
40589,emotions,3,active,ARFF,4644182,"amazed.suprised,happy.pleased,relaxing.calm,quiet.still,sad.lonely,angry.aggresive",2017-02-16T21:19:26,593,78,72,6,742d72e4ce2ebf59d1be9f15807e0938,7a3edcab20fe48fb7020c5000d1ec3f5a986558572a27f2e676ba4b479b52f11
40590,enron,2,active,ARFF,4644183,"A.A8,C.C9,B.B12,C.C11,C.C5,C.C7,B.B2,B.B3,D.D16,A.A7,D.D1,A.A4,C.C2,A.A3,A.A1,D.D9,D.D19,B.B8,D.D12,D.D6,C.C8,A.A6,B.B9,A.A5,C.C10,B.B1,D.D5,B.B11,D.D2,B.B4,D.D15,C.C4,D.D8,B.B6,D.D3,D.D13,D.D7,C.C12,B.B7,C.C6,B.B5,D.D11,A.A2,C.C3,D.D10,D.D18,B.B13,D.D17,B.B10,C.C1,D.D4,C.C13,D.D14",2017-02-16T21:19:38,1702,1054,0,1054,c47e547f89e0d77cec352c1b29d68943,8e5843d149bd2ce389b711217993c2c6ad36ba291fefdb131983f8444ba9c367
40591,genbase,2,active,ARFF,4644184,"PDOC00154,PDOC00343,PDOC00271,PDOC00064,PDOC00791,PDOC00380,PDOC50007,PDOC00224,PDOC00100,PDOC00670,PDOC50002,PDOC50106,PDOC00561,PDOC50017,PDOC50003,PDOC50006,PDOC50156,PDOC00662,PDOC00018,PDOC50001,PDOC00014,PDOC00750,PDOC50196,PDOC50199,PDOC00660,PDOC00653,PDOC00030",2017-02-16T21:19:52,662,1213,0,1213,2713b6c4d7ffa12e76c04a17c0ddf96e,6f43769c384358e3740c1af50fabab500190d696a059d26815c839bb24f8eedb
40592,image,2,active,ARFF,4644185,"desert,mountains,sea,sunset,trees",2017-02-16T21:20:00,2000,140,135,5,4ff1ed59408dce7aed694f817af78beb,e6b7dd5dff55c208b82d176817c8f535e099a3b319174f46207f110c948b0a40
40593,langLog,1,active,ARFF,4644186,"Errors,Humor,SpeechActs,PrescrptvstPppycck,PhoneticsAndPhnlgy,Punctuation,Administration,LanguageAndCulture,ThisBloggingLife,IgnoranceOfLngstcs,HLT,Announcements,Syntax,coordination,LanguageAndTheMedi,Uncategorized,AnimalCommunicatin,Linguification,LanguagAndAdvrtsng,Quizzes,Snowclones,Fieldwork,negation,Variation,LanguageAndSports,prepositions,Obituaries,LanguagePlanning,whoWhom,WTF,Discrimination,LanggTchngAndLrnng,LinguistcsInThCmcs,Ethics,LanguageInTheMovis,TheAcademicScene,Pragmatics,Semantics,LinguisticHistory,Awesomeness,UsageAdvice,ambiguity,Idioms,LanguagePlay,WordsWordsWords,agreement,TheLanguageOfScinc,LanguageAndTchnlgy,GiftIdeas,TabooVocabulary,relativeClauses,LanguageAndTheLaw,LostInTranslation,Writing,LinguisticsInThNws,Eggcorns,EndangeredLanguags,LanguagOnThIntrnts,Links,Peeving,Orthography,Resources,Names,ChangingTimes,LanguageAndPolitcs,PsychologyOfLangug,Books,ResearchTools,WritingSystems,LanguageChange,StyleAndRegister,Morphology,passives,singularThey,ComputatinlLngstcs",2017-02-16T21:20:10,1460,1079,1004,75,ef5146c308b590714e54eb2895d068f9,ed1fad9a7fe29fde1b62e8b4e5fd485d0afdfe913592fb4ecee627a3d4acefb7
40594,reuters,2,active,ARFF,4644187,"label1,label2,label3,label4,label5,label6,label7",2017-02-16T21:21:07,2000,250,243,7,b917976607ee25e83ebbd24a2068cc6a,86488b8238b8a836ba82eb6eb3e7aabf268f4e8148b865b4d7cb3f065df6878d
40595,scene,4,active,ARFF,4644188,"Beach,Sunset,FallFoliage,Field,Mountain,Urban",2017-02-16T21:21:18,2407,300,294,6,80bbb3c6187c59a9f3d0f986b3cfe8f8,924d423bc0851366295ac393926fc5f8bdc398ab13e8a1b789b9d5ad3836362d
40596,slashdot,3,active,ARFF,4644189,"Entertainment,Interviews,Main,Developers,Apache,News,Search,Mobile,Science,IT,BSD,Idle,Games,YourRightsOnline,AskSlashdot,Apple,BookReviews,Hardware,Meta,Linux,Politics,Technology",2017-02-16T21:21:35,3782,1101,1079,22,534ff0a318eba56a7beef08155712fd3,181bc516753ee9df8fec308bca403635ec699f8c6e507458cf3f333ff8f61b53
40597,yeast,4,active,ARFF,4644190,"Class1,Class2,Class3,Class4,Class5,Class6,Class7,Class8,Class9,Class10,Class11,Class12,Class13,Class14",2017-02-16T21:22:16,2417,117,103,14,595e109ccd708ccb2ef1bdbbf7908a51,d1d0bea3c248b32acdeea422affbbfc96d335eb695873013e9d8aa979dabda55
40645,GAMETES_Epistasis_2-Way_1000atts_0.4H_EDM-1_EDM-1_1,1,active,ARFF,4965214,class,2017-04-06T12:09:41,1600,1001,0,1001,6abdecf08eba167a3d918fb83ae159a5,0e9712a1c457ebd4b7c393d30ce14e533ff213230f20553eefb25cd139bca9f4
40646,GAMETES_Epistasis_2-Way_20atts_0.1H_EDM-1_1,1,active,ARFF,4965215,class,2017-04-06T12:09:45,1600,21,0,21,f232b37710bcd514b8008ffee9604374,ee792460d9949feae72c77d9067755bfd8296636f91afaf16a68df0f6ea5caee
40647,GAMETES_Epistasis_2-Way_20atts_0.4H_EDM-1_1,1,active,ARFF,4965216,class,2017-04-06T12:09:48,1600,21,0,21,831686c97f65e1df34bea4229b4b954c,f2a02f81bed011024e521edbd8309b5dd13f17c974f52a83539340194449c4be
40648,GAMETES_Epistasis_3-Way_20atts_0.2H_EDM-1_1,1,active,ARFF,4965217,class,2017-04-06T12:09:52,1600,21,0,21,362d7f1a296ed77b6fc01539843d80a0,d5c2a293263dc7be3262748e7909f2e9b2350ff95a944b8913c9b47171809291
40649,GAMETES_Heterogeneity_20atts_1600_Het_0.4_0.2_50_EDM-2_001,1,active,ARFF,4965218,class,2017-04-06T12:09:55,1600,21,0,21,05384ae8ae7fafc905aaf45b8f5aaeae,570aa3314b6c30ab3274f24f5a779e80988197cd740e04f2c62b39cd3479f443
40650,GAMETES_Heterogeneity_20atts_1600_Het_0.4_0.2_75_EDM-2_001,1,active,ARFF,4965219,class,2017-04-06T12:09:59,1600,21,0,21,71af02a5975f3104a9777f29064ef6be,933cac0ada8445d6b8222a054367ee9a937df00989987c810f96bf1f146757fd
40660,analcatdata_fraud,1,active,ARFF,4965235,class,2017-04-06T12:12:29,42,12,0,12,85788b4313ce1ad4a96b3d6939f64af3,6ed0468eaa6a76af112085c0a6fd4d8aa22d5602c3bba846488a533bde73cf55
40665,clean1,1,active,ARFF,4965240,class,2017-04-06T12:12:51,476,169,168,1,3c399eb11cee210f91366e0fa567cfd5,116ec7b58d6c2b7268e164ad9a8fb9de79064eb722a8a5cbaf5d9eda9acb9052
40666,clean2,1,active,ARFF,4965241,class,2017-04-06T12:12:58,6598,169,168,1,df311e7e4c56cb03206487ae6434e0ab,30717f1b97d86d5e0b49af026d367741545817ec537a7a26617acc68850cf4ef
40669,corral,1,active,ARFF,4965244,class,2017-04-06T12:13:18,160,7,0,7,93a39aba009868d97328205470c25e38,3de631c0d9372e62b15eda37d33a4570061ec4b4f27fe8fc4a443fcaba010ad6
40680,mofn-3-7-10,1,active,ARFF,4965257,class,2017-04-06T12:14:11,1324,11,0,11,21783d17d152cd7f8b1384b3d7792fff,5951e6f10e6fec091bd218792d4de97e42e52ea2bfc42e36db86bb9e2db03f6a
40681,mux6,1,active,ARFF,4965258,class,2017-04-06T12:14:15,128,7,0,7,a561880f0a0bcae8e4686192a138c9e8,296a9fbbeed73c3f7b335635ded67eae60fe7307253260d17278cd12a5cfa468
40683,postoperative-patient-data,3,active,ARFF,4965260,class,2017-04-06T12:14:24,88,9,0,9,dc446cabacbf21fd00424fa681a4cf2f,611747905b79f702fe797df9ab181f721abf13351ad2b42a873b794e3d4432e0
40690,threeOf9,1,active,ARFF,4965267,class,2017-04-06T12:14:53,512,10,0,10,7a26956678fb7760bae8dd1392068435,797724716c5be0e251014b6eef48444dfc9a431697a2d1fa5629ac936e38d24c
40693,xd6,1,active,ARFF,4965270,class,2017-04-06T12:15:06,973,10,0,10,01d44a5d060ceab33a7013983809092f,fc76272931f3c98203faf37d5bce419fbad06beea9e0829728a3f4474c5f6696
40701,churn,1,active,ARFF,4965302,class,2017-04-06T12:37:40,5000,21,16,5,607c0c779ce118bcd68b7668b01582c2,13da2d12f84c82d7f13ebbacf087b10fa7050637698c7fac34fea41e8236f223
40702,solar-flare,5,active,ARFF,4965303,class,2017-04-06T12:37:52,1066,11,0,11,531b7361315216bd29202d571689b6a1,8fe66fa61a99650187d8c7de8618d9643ef0c9b4a0270a299b5ec6aaf1f4dd7c
40704,Titanic,2,active,ARFF,4965305,class,2017-04-06T12:38:28,2201,4,3,1,08416114dd85d0ebd932fcb1d87650c1,f2556068fbfbd3be8d2160575ba26a6ea66d3875a9384ebf309adeff48aa1b61
40705,tokyo1,1,active,ARFF,4965306,class,2017-04-06T12:38:44,959,45,42,3,3402d02e52d3a1bbf44c6e5df98942b4,784893240e4a65637e58c6e20eee2c05a6b68f5cec506dc46bbb50186bb32693
40706,parity5_plus_5,1,active,ARFF,4965307,class,2017-04-06T12:39:17,1124,11,0,11,22252ccdc097c0e451ddcfe1485b8ef3,e3bb6796530fba0fb37bab163b0fdf5ef630aa564e42470c87b07c1f8644f0ce
40710,cleve,1,active,ARFF,4965311,class,2017-04-06T12:42:24,303,14,5,9,ea333e516f69f6e4622ee461119bf1a0,2fe0802172f8d472e5e76b088baf9f914e24aca74283ed2dba1286aa4d51b154
40713,dis,1,active,ARFF,4965314,class,2017-04-06T12:43:13,3772,30,6,24,05d4e8f2415e9b019fa3034c81035b47,100636a9f3750c98f35fb8ab6a9ea24ef635833728914d22c146a5c12d7d6abc
40714,parity5,1,active,ARFF,4965315,class,2017-04-06T12:43:29,32,6,0,6,464ec8f8b73c84d872742457ec2d067a,47d8b2d75b5255e56acefc6eb40bf75dbd9332d272114b267fd6b7ba7a096633
40900,Satellite,1,active,ARFF,16787463,Target,2017-09-22T17:23:34,5100,37,36,1,7a4e6eb8113b885d48b74fb2eb754570,b4ed8f4b24c4b5e6b64dd4a342c3ac95bcb016c0ea9505ea02b2124b9894955c
40910,Speech,1,active,ARFF,16787473,Target,2017-09-22T19:59:24,3686,401,400,1,be6cf4a29031b6156dc2ff4bcda76289,3e04dfe586295c995a54b69855281165dd3051a1057a16252b2a9888ea830d0e
40922,Run_or_walk_information,1,active,ARFF,16788738,activity,2017-09-26T14:38:49,88588,7,6,1,37c17de1b9c12385ec053f753653cf83,1142bf03aa4f27599779c28c0341ff27c3f4fc4b6873af4639490c2a0d68502e
40945,Titanic,1,active,ARFF,16826755,survived,2017-10-16T01:17:36,1309,14,6,3,60ac7205eee0ba5045c90b3bba95b1c4,47e3f8d8e67bbd4af64cabb6955c0ad57a885bf05826cad16a8674b125823aaf
40978,Internet-Advertisements,2,active,ARFF,18140371,class,2017-12-03T16:28:03,3279,1559,3,1556,4f8829d20c886c86de4bc06c4eeb5cc6,588c3e7e0ff74cc1667707d939122e57e12b14890a8e411ecc3e48deab236a21
40981,Australian,4,active,ARFF,18151910,A15,2017-12-04T22:15:38,690,15,6,9,920e2419a28215109651fcc5cbd1662e,095e4b579cf8bd0d3868511cde1574711e3721436be72e6ed3e9a48076f7af63
40983,wilt,2,active,ARFF,18151926,class,2017-12-04T22:48:32,4839,6,5,1,aa7c0aaf3fd671f06bbf6a68be4754f7,4195fbff91c370706c2ef1996b8e95ace7f2ffc52c60f6a98f7c3f4467d43022
40994,climate-model-simulation-crashes,4,active,ARFF,18237248,outcome,2017-12-19T11:23:55,540,21,20,1,f7c55d9a11782a5ff980cee371787edd,0e5a526577c07af828c4a220950ecfcf5ae3f33e79907cb6aa9a7640ee77ca84
40999,jungle_chess_2pcs_endgame_elephant_elephant,1,active,arff,18248695,class,2017-12-22T16:36:22,2351,47,20,27,1ad1052e83fd15b594b20216e560d94c,3af3e31baa74e9d6c5700eb475c4efc7b695094620062f19cf627ec9746ff2cc
41005,jungle_chess_2pcs_endgame_rat_rat,1,active,arff,18248709,class,2017-12-22T16:38:17,3660,47,20,27,526ba52a2214fdbfe174445aa8de3fde,e53de20b77584a635b08499a7ab7d478a2f6e6319a8ec17f6ec2200155b314ca
41007,jungle_chess_2pcs_endgame_lion_lion,1,active,arff,18248713,class,2017-12-22T16:38:50,2352,47,20,27,2aa41b92fb2355a17964d2e75ed615c1,46eb30c50046f1ecb88e34fa569b1f00749a7336383ef99bc38da9c5f1f25c58
41026,gisette,2,active,Sparse_ARFF,18631146,class,2018-02-11T00:24:02,7000,5001,5000,1,e5581d8b5d1ab7fc4ac06ea61718c3cb,f380a6682e60f429e0d4d54b1217bffe6a79294fb8542a5b1a4cc89db7648e05
41138,APSFailure,1,active,ARFF,19335511,class,2018-08-15T20:54:50,76000,171,170,1,14a8649c09f8f46961a7ba1ca92daf7b,cb57257e767d97ab2a16725f9e2533e9a709cdd57f9df457ca5db7e757a04348
41142,christine,1,active,ARFF,19335515,class,2018-08-15T23:37:11,5418,1637,1599,38,f5b5b6d6a9f71b5148315fc71deee632,53ed5f10f1f740f9a4d60ce2e4590654316fefedee97965b4a370ab0d9ccbb86
41143,jasmine,1,active,ARFF,19335516,class,2018-08-15T23:45:26,2984,145,8,137,9bd95589ae1a6c7076f172f1ce2f37d8,750d6281d5693ae7748d976d48f3fe4dc73d4d3694cd7928551812939ff76425
41144,madeline,1,active,ARFF,19335517,class,2018-08-15T23:47:06,3140,260,259,1,7eb54c51e9db2d9b66c2835379ceaa79,56bf6f3089debb42298c80a62fe1eb17c4f7a6242bc3eafa618c78a31b937f9b
41145,philippine,1,active,ARFF,19335518,class,2018-08-15T23:48:27,5832,309,308,1,82cbcec6a94818f97f67dd44c4ca847b,a86d38999c9de1405cacc90eeccada271b616ce1efff854de827c024c81a072a
41146,sylvine,1,active,ARFF,19335519,class,2018-08-15T23:49:12,5124,21,20,1,0788a60caa253cea1aa2e2fc2c1ecc69,798e30a0f5ad75de7424c0eeb2c7931f5daf28475ea61917a8810ef5f461c8ca
41147,albert,1,active,ARFF,19335520,class,2018-08-15T23:55:47,425240,79,26,53,4a65b416c083b01ef6924dce795042c7,8ae432638cf08399cd0da502e9d19a7c4c54410158313d35c59614466e177fa0
41150,MiniBooNE,1,active,ARFF,19335523,signal,2018-08-15T23:57:45,130064,51,50,1,400fbfb8eaea0c1165ecedbafd517b98,85c4fd8ea3fce8b7b2d94c982fd74b0b6d64bef8afd3d4a277452d29bd29de86
41156,ada,1,active,ARFF,19335529,class,2018-08-16T00:05:29,4147,49,48,1,34d207cfe88ba4dafe4cc9a5581902c3,30c25df273ed0bc1dbca2b8c91bc94322620b2f0cae3ed4f4d7b34d420937720
41157,arcene,2,active,ARFF,19335530,class,2018-08-16T00:05:50,100,10001,10000,1,5e5a8e5953aeb104f2edd60d9106a3d0,0a1b5f311571a346aa42827aa405e3e673b122d701063e2a7331bb2012f96723
41158,gina,1,active,ARFF,19335531,class,2018-08-16T00:06:26,3153,971,970,1,5384bf2452168c9c7b29cea3f9afed04,72f0f953608ac955b35a459f22358301b95c4dd733a2bf2df483fa54da01beed
41159,guillermo,1,active,ARFF,19335532,class,2018-08-16T00:09:53,20000,4297,4296,1,e2beed58a7e38733e05b1bcfd2e04250,01b1fc754489aa4f0cd98e89039679e3a76ce49902717741a2fc77364e22d0ee
41160,rl,1,active,ARFF,19335533,class,2018-08-16T00:10:13,31406,23,8,15,6a49c41a5c50c4ab145c133cbfb10e24,29da5bafc336b886fea0c9236c148bccef1cbaf5b3ed0cb1950e13d4a04e8f87
41161,riccardo,1,active,ARFF,19335534,class,2018-08-16T00:13:26,20000,4297,4296,1,911209f71d15356fe94afb8fed620975,1d865906424998c6436496d6654f6a2441c0b54344de0d14746fb3e9095c9d9b
41162,kick,1,active,ARFF,19335679,IsBadBuy,2018-08-16T01:30:19,72983,33,14,19,41360a49eb0efcb1ba67ea12f939ae4e,f1dad9589a14fefb940c28666d74e7d9678ce93dedc6d51124d9bf8c570d91a1
41228,Klaverjas2018,1,active,arff,20649164,outcome,2018-11-07T03:35:52,981541,33,32,1,b89d596c0ca9d77e361bf9c116fb5330,55508032ecf16d7059f6449696f177b4daebd1006998c34d48f8bb5496e9f97b
41430,DiabeticMellitus,1,active,ARFF,20764588,TYPE,2019-01-04T07:29:09,281,98,97,1,e41265b08f237fb56e162dca14430b50,fa9f3366e5ef7ac58ebdb42700f8e4bb743cce28e79850b40bffa4c52c438085
41434,Click_prediction_small,8,active,ARFF,20786389,click,2019-01-07T12:12:58,39948,12,5,7,19d83e51589475de739c17236dc64767,89f5b841c10b38754a03a3dd359556b2010e51425a31fd7c8acc300542bf59ab
41496,DRSongsLyrics,1,active,ARFF,21230467,class,2019-03-15T21:25:27,358,2,0,1,f743f704966fd08d08366c79ebb68b46,ddb083d1c30cec89c276a10d8106f7c4df85d5ef388fe20d40365cb9204b8662
41521,Weather,1,active,arff,21230735,play,2019-03-23T16:52:02,14,5,2,3,f13dbfb7166622595044726ed79cabb3,b9bdda96188ce3bb8dbcd1b70619c7b6eb5d1bc415efb97918f2978375018bd9
41526,test_dataset,6,active,ARFF,21230748,class,2019-03-23T20:07:19,15547,61,60,1,14093a050aa30c6c3b71407459efb93a,de44e9c248d60d6d50f4e0cf64aff2b0bee8496f5e51a3631482d64358fe8009
41538,conference_attendance,1,active,ARFF,21230840,isPresent,2019-03-26T21:31:56,246,7,0,7,edf63296939a60c5e34092daec9a2fb6,207e2ab07d906860d13b1eb91bf7217030dc4229e7332edfd9d6ca92baec1389
41544,Weather,2,active,arff,21241845,play,2019-04-02T14:37:39,14,5,2,3,f13dbfb7166622595044726ed79cabb3,15c4ae38939107ab1469d6e7b3ccf47a91d218ff8e20dcc894a98dffc5ada42c
41672,airlines,2,active,ARFF,21376815,Delay,2019-05-06T21:59:55,539383,8,3,5,2c1189a18602a2cfdfe952b7d262562b,bf54c486503c0e49e17bb1c6ad74fe835a43089fcd45d026209deb1f9e87926d
41674,Weather,3,active,arff,21377075,play,2019-05-14T16:50:41,14,5,2,3,f13dbfb7166622595044726ed79cabb3,7466d9f4cb7c68ba9a008620863764ab008526442773c942782e13fbdba4054e
41675,Weather,4,active,arff,21377076,play,2019-05-14T17:02:11,14,5,2,3,f13dbfb7166622595044726ed79cabb3,5e1973444247dd3df23841b4f6b495d5f714715554a6fb1ccaf6dca5754bb646
41679,Weather,5,active,arff,21377131,play,2019-05-16T18:44:34,14,5,2,3,f13dbfb7166622595044726ed79cabb3,2cba57a0fa41109bf31f0a1a56c4f366286458a6d4428f3ba0ea3490ca9bd5f1
41680,Weather,6,active,arff,21377230,play,2019-05-17T12:06:48,14,5,2,3,f13dbfb7166622595044726ed79cabb3,152b0712dfc7fac58a82c5ded7c826ed7c1dc483993b3029f61ff8fc63018f4b
41682,Weather,7,active,arff,21377232,play,2019-05-17T12:21:22,14,5,2,3,f13dbfb7166622595044726ed79cabb3,288a40dbcda2ff55890d752fa2503139d43843881ac05abc60af885823c705b0
41684,Weather,8,active,arff,21377234,play,2019-05-17T12:29:14,14,5,2,3,f13dbfb7166622595044726ed79cabb3,4947d8ee0a774cf20a0f640d440ef0d1ce5df97334580d7f23621970d5e7c5b4
41685,Weather,9,active,arff,21377250,play,2019-05-17T14:23:39,14,5,2,3,f13dbfb7166622595044726ed79cabb3,30c603371653f228c1706d0f8812d47c2e37355ca1f987f9d8f811f10ab38cc0
41707,FOREX_usddkk-day-High,1,active,arff,21377733,Class,2019-06-03T17:27:48,1832,12,11,1,af51a0dfd0c18f7108144e36e8545998,285e200c25d2b2a6bfb8db8b47d219938b1e341a0c6dcf04367aff5927216533
41708,FOREX_eurchf-minute-Close,1,active,arff,21377734,Class,2019-06-03T17:50:28,375840,12,11,1,2e1f82e48fd65457bf34981974e8da7b,aca7cb874b1f39dec72cc5bcd9daa6d1e4d4a0d6ce3e465c4306a061eeb9255a
41709,FOREX_audchf-hour-High,1,active,arff,21377751,Class,2019-06-03T23:27:17,43825,12,11,1,021553ca726887d2fcee6dc6b0b8553a,9ea740ce37854771bcee0f96c23471c92cded7cb60664374b47b42daf3b0b8dc
41710,FOREX_eurhkd-minute-High,1,active,arff,21377752,Class,2019-06-03T23:29:16,375840,12,11,1,92f05f39d492bf5003dc106721792f97,997434c78dde5528f0c4748d275eebe894485aa367d9c3b0d4a192e34172a0b2
41711,FOREX_eurusd-minute-Close,1,active,arff,21377753,Class,2019-06-03T23:29:46,375840,12,11,1,44afdafe4cb2aacd851ba3d5d98ed5b5,5d9a2db67195133d665bcb8b9357d16884b8d979c06142f446f4d2cc9dafe015
41712,FOREX_eurcad-hour-High,1,active,arff,21377754,Class,2019-06-03T23:30:13,43825,12,11,1,91b78d5aaef0993d979b3f80062498af,fbaaad33f940cc9382a11aa71b23c15321db2eb15495e2c47d661497d63e3742
41713,FOREX_eurnzd-day-High,1,active,arff,21377755,Class,2019-06-03T23:30:31,1832,12,11,1,5f88de0f2fde8868918cdd69b418cc1a,bb2ca650f8d66391a9713f286ea14194fb7656793ae138a48184f69fc687260c
41714,FOREX_eurpln-minute-High,1,active,arff,21377756,Class,2019-06-03T23:30:47,375840,12,11,1,6b731e6a816512f6829dce46cff99e70,8c8d286860d0af57a42fdd50a756d9cd16114b9757847048b4a2aebbb3f6282e
41715,FOREX_eurhuf-hour-High,1,active,arff,21377757,Class,2019-06-03T23:31:13,43825,12,11,1,5a6506ee3a6b0ac4257610510b1b439b,002ae88efaf71d7f79dd17bea2222a58d1ab2b39f73ab5f002d6c5cd4c5a3280
41716,FOREX_eurcad-day-Close,1,active,arff,21377758,Class,2019-06-03T23:31:31,1834,12,11,1,d622bb066d1407c515717ff5e3410556,481b3059b932fc8f093d464cbe054b1f517ac5bceae230ecf1c42244e3dfeb0f
41717,FOREX_usdjpy-minute-High,1,active,arff,21377759,Class,2019-06-03T23:31:49,375840,12,11,1,ec8f5414c07f663657b8e687531ce32e,0a506daa052b23fe66f9ad12b8a6fec0b4c9617035b2ddea71da6e3d5c9efebc
41718,FOREX_audjpy-hour-High,1,active,arff,21377760,Class,2019-06-03T23:32:14,43825,12,11,1,2de3fc0f517af80f89d4062d02f39e44,649b1154a91312c402b27a0ae905dadb081eee4261df6c27c08edff398f8ec5d
41719,FOREX_eurjpy-day-High,1,active,arff,21377761,Class,2019-06-03T23:32:30,1832,12,11,1,d4dfef6f25bd9d9f29fa580c460a2745,d2aaa397eccb570b1dff69e16f49db5c1f8583d129b36545f1a7f9215a106b61
41720,FOREX_eurusd-day-High,1,active,arff,21377762,Class,2019-06-03T23:32:47,1837,12,11,1,56e9f6bc50a8e0ce5ee7cd550e64a3f4,f49780f950f28f38c1e9679161ca8df47f0b272a422b67b8ab3b7722c78b41ea
41721,FOREX_audcad-day-High,1,active,arff,21377763,Class,2019-06-03T23:33:02,1834,12,11,1,581ad64ac8c0bfe8752db795822ec0fc,55d8ba43d2b4c201b3d3a24df9bcc50514467631183989012083e79c8dd8e416
41722,FOREX_usdjpy-day-Close,1,active,arff,21377764,Class,2019-06-03T23:33:18,1835,12,11,1,b2eb6e224500ffd50d994c659da85545,ab9ddb91d325d75796ded7cac524f51657153851b0442526f61b609ee996fc44
41723,FOREX_cadchf-hour-High,1,active,arff,21377765,Class,2019-06-03T23:33:35,43825,12,11,1,72bcd3683e08dd331b5c443e4ddf31cc,952343fd5ac7e27668af4ee7bd64f98c6696d2fa38405d4a73628b84c70160eb
41724,FOREX_chfjpy-day-Close,1,active,arff,21377766,Class,2019-06-03T23:33:52,1832,12,11,1,614978b7a8c3a4258a81c0ae90a1b192,76e883e08aa162d9f90c959c52f0bb12fefae23fb3e156e8fac6731a690fdbf1
41725,FOREX_eurcad-day-High,1,active,arff,21377767,Class,2019-06-03T23:34:09,1834,12,11,1,d6ed71740aa2345a47c6937d1bdc7b6a,4d8d5a0cfdd19c99a50808ced48d65d88e444d3f873f521d92d33cbc86ed3059
41726,FOREX_audusd-day-High,1,active,arff,21377768,Class,2019-06-03T23:34:26,1834,12,11,1,d7985146f0e9695947ea9d0974160d2e,4e6f745c320e1bb72c0a8fcd1e5d14818af0b86c38aaf4b5d8a8caee55b80437
41727,FOREX_usdcad-hour-Close,1,active,arff,21377769,Class,2019-06-03T23:34:43,43825,12,11,1,381b3acf4de7d1094d14407844f6cdf1,cb3be8d8f81ff9118b3f7c444404ba67c98745e94e70d13e5ea90263afea213e
41728,FOREX_cadjpy-minute-High,1,active,arff,21377770,Class,2019-06-03T23:35:01,375840,12,11,1,91ae6f2fb3b063c305a687713ec73207,ef91d5b805caf5087d48e859a31ba255a2caa23b75e6ef629ecbb4ca777a7ee8
41729,FOREX_chfjpy-minute-Close,1,active,arff,21377771,Class,2019-06-03T23:50:03,375840,12,11,1,601c0547239761dfcc003f25306634a4,68c8c65210854874b8214b9ca2d33e123cbae0b898f2708995c4b373d7ad3036
41730,FOREX_usdchf-day-High,1,active,arff,21377772,Class,2019-06-03T23:50:28,1835,12,11,1,76b96f380dc83803af0224f09486849c,ac6352f4e57948909cf8e64abf307d5142d35ab3b48d6edc104db27411660d66
41731,FOREX_eursek-day-High,1,active,arff,21377773,Class,2019-06-03T23:50:44,1837,12,11,1,dc7826897d94bbf1a7f16eae811623be,2605a09213ce487ce5f2eaa997df13cc51aad3eb5f57f54a58e6dd31f43454a6
41732,FOREX_usdjpy-minute-Close,1,active,arff,21377774,Class,2019-06-03T23:51:00,375840,12,11,1,f707caf5c2a9802fb24b04b07d7d806a,349b3a2e1e83879b77902df2851521df57d7c0339b9f537723cf3c4380ca2724
41733,FOREX_eurhkd-day-High,1,active,arff,21377775,Class,2019-06-03T23:51:21,1832,12,11,1,6077cc980c5791fbd0811a5b668bd6ce,185b37d425b78850b3abf656fafc8dcf6af1cff476a4f529a8ddda2c9e1c8ab8
41734,FOREX_eurpln-hour-Close,1,active,arff,21377776,Class,2019-06-03T23:51:36,43825,12,11,1,0f9ef5ca6f83748c9ddf3484661d8d6c,c88b1d495cb27143db940f0caa2d0ac223dcdb3a61d057cf3c16fed0c5f86edd
41735,FOREX_eurcad-minute-Close,1,active,arff,21377777,Class,2019-06-03T23:51:54,375840,12,11,1,2b775e9ffd4a717ad884da9a69201b3b,6fc21791bad8ece2a36c8415e93064bc78eb31a1fa91facb29499901c322f75d
41736,FOREX_eurhuf-hour-Close,1,active,arff,21377778,Class,2019-06-03T23:52:19,43825,12,11,1,e60fbd771c548a36f407bd0f0b3dfb4d,3c511fef50ddf46893272ae7b7528f8463362581e0533352f4ae9f0fb6d7699f
41737,FOREX_audusd-day-Close,1,active,arff,21377779,Class,2019-06-03T23:52:36,1834,12,11,1,566faf067453ff5e5b71f1da4fd87f18,2331656b4a787a4e1e4f6ba3f652b3dbcbdef7c84d801bafc17ee3e3ec72811d
41738,FOREX_chfsgd-minute-High,1,active,arff,21377780,Class,2019-06-03T23:52:52,375840,12,11,1,775c218037a59429f8e191aaaa099275,e5f4cad82b8eecf81754fb152cf1811b8ccd122e6f66bdabde3efaff62d5e6d5
41739,FOREX_eurhkd-hour-High,1,active,arff,21377781,Class,2019-06-03T23:53:17,43825,12,11,1,48bba2e728ef2ae97343cb605a49fb6d,02bd47a881db344b4b71d49d896f45d6fe23937c3be60040f42586532ae88108
41740,FOREX_audchf-day-Close,1,active,arff,21377782,Class,2019-06-03T23:53:34,1833,12,11,1,806bcfec8b3778897d27ae6ed6c2c088,550397899a8c5a90659614994f1239aba92fe22c9baae39597d5ccf8377fddec
41741,FOREX_eursgd-minute-High,1,active,arff,21377783,Class,2019-06-03T23:53:50,375840,12,11,1,3da318e739ea59ba801b7bb9ec8f9e33,5955315940f3d45b68c25539c39854f375cac17ebd3023c452ecf1a5b2405cc2
41742,FOREX_eurgbp-hour-High,1,active,arff,21377784,Class,2019-06-03T23:54:14,43825,12,11,1,4e4cdc7e021b37838d75ab4bcca657d0,da88e87f26525424c440860f01f953e429cc3eaba20c6d7cb64a78436b592d6e
41743,FOREX_eurpln-minute-Close,1,active,arff,21377785,Class,2019-06-03T23:54:32,375840,12,11,1,5b44c14fd38ab97deaf0706ad372ca20,0019eea767682973deac79ecef8a99f969eb094da741d1a4acd3add1367696fb
41744,FOREX_eurrub-day-High,1,active,arff,21377786,Class,2019-06-03T23:54:56,1832,12,11,1,c506a90e2fb1a51293330a51e52916a8,55314b669dc2a2f6acdb6643af996682165d69fcbb216f5ca56857dfd8b9eea8
41745,FOREX_chfjpy-minute-High,1,active,arff,21377787,Class,2019-06-03T23:55:12,375840,12,11,1,b2e6d3a159f22ca175a7b75e7af528c2,4b441eb6cbcb0b8dda29f66f3b415698b876560c81f659b144fd193d7e81fc13
41746,FOREX_cadchf-day-High,1,active,arff,21377788,Class,2019-06-03T23:55:37,1831,12,11,1,23b70a2e6409b71da670d7fd3a3c335c,78c409ec6d2e9edc12663d3f2690941142ceace60502ac81170e3aec71823fe4
41747,FOREX_audnzd-minute-Close,1,active,arff,21377789,Class,2019-06-03T23:55:53,375840,12,11,1,53359b76c6a80cc906172666321b2721,7ad7a77528a0b41509be0dc430f179ef0a7679a86a71af456fb0c8a4455dca6a
41748,FOREX_usddkk-minute-Close,1,active,arff,21377790,Class,2019-06-03T23:56:20,375840,12,11,1,abf3729c8fbf9a3de47cc886884d113f,75deddf8f90e3c2beb0aad07d90380a4b8d040c0bba6ad56031d577d3648cb22
41749,FOREX_gbpusd-minute-High,1,active,arff,21377791,Class,2019-06-03T23:56:45,375840,12,11,1,b94873552de648c6f26291ad5206497d,a410789094be08a7dbd59d47f2f7a8d63395e8c91ee0f933e094390a202c2965
41750,FOREX_eurhuf-day-Close,1,active,arff,21377792,Class,2019-06-03T23:57:10,1834,12,11,1,c1bffc2922ccd5a756f4533b33aa86e3,40401f96c20c3596c7692cf9c9650bd7b43b72b09ef93f1b72d7f232846bc28c
41751,FOREX_eurnok-minute-Close,1,active,arff,21377793,Class,2019-06-03T23:57:28,375840,12,11,1,2e91af69c8e27154cd94c45dc6d69e73,c68bb2a214bbc07566d4cf50b68b4262fff0fe234a4bfb6abe09f8d62f4ec046
41752,FOREX_eurjpy-minute-Close,1,active,arff,21377794,Class,2019-06-03T23:57:54,375840,12,11,1,15443655ef379f322347937e60f6656c,530c5096a3888fdbff3aec1b62601a279cf519033d1325f5ff1eadebdef0bdd9
41753,FOREX_usdcad-day-High,1,active,arff,21377795,Class,2019-06-03T23:58:18,1833,12,11,1,1d8a9df45401456677ef7b1ddb205915,47337fbc14cedb5b2406b48f42f8546b4d2d6069b41d90a7bbb56319a030420d
41754,FOREX_eurjpy-day-Close,1,active,arff,21377796,Class,2019-06-03T23:58:34,1832,12,11,1,4d8111f2fd6bbb6390d9054667bdfdb3,7f94d800995724dd75a8258f8cb83762fb0bf93a036937716040383c6366b9f9
41755,FOREX_cadchf-minute-Close,1,active,arff,21377797,Class,2019-06-03T23:58:50,375840,12,11,1,ed9643ba3953224795b75fccfd20d62b,0daf055079751a6bf1c86e43fc996efbb22ce6314bcf2cdabbb7294fcc571c7e
41756,FOREX_audsgd-day-High,1,active,arff,21377798,Class,2019-06-03T23:59:15,1832,12,11,1,4dc85372af3b796098b8d310078c489e,872a6bed13ea42f9659135a899a48d54257e55aee90af71d05699acc8d2dfd7a
41757,FOREX_usdchf-minute-Close,1,active,arff,21377799,Class,2019-06-03T23:59:32,375840,12,11,1,bbd00202711e5aeb3f49e123af2e6410,76f0b260893354d1dd3505685cb25112216c8feaecbc276a5df33e23af41545b
41758,FOREX_eursgd-hour-Close,1,active,arff,21377800,Class,2019-06-03T23:59:55,43825,12,11,1,58df82916cc96108e2b2751fe802625b,a9e50cd88c8a5d21ee6037c873dc64b3e510073b4873d2977b44bbe2db0dc26b
41759,FOREX_eurtry-hour-High,1,active,arff,21377801,Class,2019-06-04T00:00:13,43825,12,11,1,c6c7e9b825eff1968395ea37ca9ef357,f40408b7977a5b53ceacbb3ceef16a7fe5677b7d2435f340846ecda78ccd27b0
41760,FOREX_eurhuf-day-High,1,active,arff,21377802,Class,2019-06-04T00:00:30,1834,12,11,1,d41e8b6a594b0b029c6569b6f0c1de78,d43145ffda382ce586405715c76c59b7b3ef691bc075ac1894ae07c210ef37b8
41761,FOREX_eursek-minute-Close,1,active,arff,21377803,Class,2019-06-04T00:00:46,375840,12,11,1,3ed290a056430ff5037666c0053a230c,9ff4dc703eb52cc2764a0de930d08909b966a7b89fa9fa1c24b47d50ddf90886
41762,FOREX_audsgd-hour-Close,1,active,arff,21377804,Class,2019-06-04T00:01:11,43825,12,11,1,04a491d281a065b6ae8d3f148c676e2f,c3332d3a3253802119e8a34cb265e50f552aab9768e7a1da5e872cf87f856f67
41763,FOREX_audcad-hour-High,1,active,arff,21377805,Class,2019-06-04T00:01:28,43825,12,11,1,0702b22170f5122446d8054b995f94dc,ef40072a15d291edd497d0523dd8c5a9b68fc6a6acd35828063033a5a73d40d1
41764,FOREX_gbpusd-day-High,1,active,arff,21377806,Class,2019-06-04T00:01:45,1834,12,11,1,b5398f78fd1fb21a7e17ea17390c6a0a,935a3b4d74a978af195fc6b97966a1fd122d79f36dc8ed370e3bd8bef176bb90
41765,FOREX_eurtry-day-Close,1,active,arff,21377807,Class,2019-06-04T00:02:00,1832,12,11,1,26dc0cd95cbedaaafc98e24ad316f7c1,6c731cef03cc3873dbbad091a3aca5e1fd7ba494278fb50f4961e455dea28f37
41766,FOREX_eurgbp-day-High,1,active,arff,21377808,Class,2019-06-04T00:02:16,1835,12,11,1,0e1810cb3cbce8fe924252f8825946d7,9f94d8966f1dd46f6362f04d5077c34341644bda389ef8282e23eb0aa41230fb
41767,FOREX_cadjpy-hour-Close,1,active,arff,21377809,Class,2019-06-04T00:02:31,43825,12,11,1,704a7340653cbc2c8a0e5e5975da01f9,be44d1f753a3824713c61737f38a5af5db7b0c87b2e6a852f94fdd492410b2b9
41768,FOREX_eurnok-hour-High,1,active,arff,21377810,Class,2019-06-04T00:02:48,43825,12,11,1,ca39a3de4df51a60c35fd663a18235e1,5ce3c055fce2734d6958f207885f3c3cc1dcf9708ac5ef2ade4f52dbdf3fc31a
41769,FOREX_audcad-day-Close,1,active,arff,21377811,Class,2019-06-04T00:03:06,1834,12,11,1,d85e4f51ca190d67ec89d764e634235d,b2a4c3169685ffb25db6953882610c921cef11c39ac70027902a27c3687ee1f7
41770,FOREX_audjpy-minute-High,1,active,arff,21377812,Class,2019-06-04T00:03:23,375840,12,11,1,d0fdf550c9fd598a0029f4b9403d7cf5,c9c0a1aba7bbd621f34c58e91fbbf2a55c1ffb0f93b217012500b16dd0aae9f7
41771,FOREX_eurtry-minute-Close,1,active,arff,21377813,Class,2019-06-04T00:03:48,375840,12,11,1,706bc275b183cacca5a862a7a7ae74c3,d908f04747b876d024b130c896e7391210a49b313b3f8c48f702f5dd1f7e5c4c
41772,FOREX_audchf-minute-High,1,active,arff,21377814,Class,2019-06-04T00:04:14,375840,12,11,1,bc900f776a847b8fe14b5e4560bc48a1,00caa727c4874e8f5c5d6f925e5834cfb6c30c3e1175d12770d75f6d870342da
41773,FOREX_eurtry-hour-Close,1,active,arff,21377815,Class,2019-06-04T00:04:39,43825,12,11,1,998d0f706ad9f18b36f45a107996b3e4,460d813a0f4d16d2eddaa8a4ca514dc1ec7ba60756e44cff1398304504ef95f2
41774,FOREX_eurhuf-minute-High,1,active,arff,21377816,Class,2019-06-04T00:04:56,375840,12,11,1,e9d5a19fde76c886b3912de20c38d54a,0d328fd0945323a148c8cd9bcc71f22010b9589cfd63758068bb078c9e93ef78
41775,FOREX_usdcad-minute-Close,1,active,arff,21377817,Class,2019-06-04T00:05:21,375840,12,11,1,002018eedeca3175579c714988361907,2227fedf41e891e54083bafacc3574cb6d95450758b1d8a2feba5a5b2a0f9027
41776,FOREX_eurhkd-minute-Close,1,active,arff,21377818,Class,2019-06-04T00:05:45,375840,12,11,1,5a4563f9576a4d85c2f3f577982ac628,ad4282eaca27c32025876f034ead4f7350826abcef46c125a98dcb0d296795c4
41777,FOREX_eurjpy-hour-High,1,active,arff,21377819,Class,2019-06-04T00:06:09,43825,12,11,1,f20bc7678419e56ca665ef7e515e27a9,a0e371be189aa6f9d684a3c837296b6d0b8c2000eaaef3791fe1ab47a6e333da
41778,FOREX_eurdkk-minute-High,1,active,arff,21377820,Class,2019-06-04T00:06:27,375840,12,11,1,37022fb960ad9fb4272d1606ca2817fc,9f619753adc7008ab261a19d82a0e9c5f3fbda474d21d35b1ea1918e68c347f3
41779,FOREX_eursek-hour-High,1,active,arff,21377821,Class,2019-06-04T00:06:50,43825,12,11,1,b7a76862822fc01d5207bcf2b87df56f,d3dceed247f7f5263f4803f40356948afdcea09acfe7ff312115977ad11eaad4
41780,FOREX_usdchf-hour-High,1,active,arff,21377822,Class,2019-06-04T00:07:07,43825,12,11,1,03d9115e39f0c172fcbbfb6882da9f46,cc95c23fef85fba3860ea17e59d38709959423bb1d3ea8ed1776c91885a3d3fa
41781,FOREX_audcad-hour-Close,1,active,arff,21377823,Class,2019-06-04T00:07:24,43825,12,11,1,bd8e703aa41d0827dd7930c5666ef8ab,28265cb334b6dfc71709fab8c8f85740ede2ff0d140081dbbb9cd861282889a7
41782,FOREX_usdjpy-hour-Close,1,active,arff,21377824,Class,2019-06-04T00:07:40,43825,12,11,1,86a379923a35866658d3bc37bd1de420,17d587ef985a3b473c9d0f563b316806578b73000e7096efa1fcd2988bb627d5
41783,FOREX_eurdkk-day-Close,1,active,arff,21377825,Class,2019-06-04T00:07:56,1836,12,11,1,2f9df6281002db35a91cf687a452e7f6,c7a82ce7d4692877cb6e0ba5623d36f237c5c0cf72b910ba5a19d89c0ed00da3
41784,FOREX_gbpusd-day-Close,1,active,arff,21377826,Class,2019-06-04T00:08:12,1834,12,11,1,cd5ec355050eed7be6d121abb96db56e,0868dd2d13f0af2e036a5945d02f919f34c799746b4404a1cd84e65e6e0a9d3d
41785,FOREX_eurtry-day-High,1,active,arff,21377827,Class,2019-06-04T00:08:27,1832,12,11,1,bbbbf60d6700656b72a3c761157409b3,da610d0edcbcf3c3662cbe4f9e21279d4b60475354c7c9ae3685e90d26393c1b
41786,FOREX_eurgbp-minute-Close,1,active,arff,21377828,Class,2019-06-04T00:08:43,375840,12,11,1,5f466c5d63e51a4cd43ae7813dd98f51,d73775cc4cb39971b5a6cac372c7aecec181b0303eebc0c815bfc62e0f11f0c6
41787,FOREX_eurpln-hour-High,1,active,arff,21377829,Class,2019-06-04T00:09:08,43825,12,11,1,ee4ca83fe91947cf0ec351bfa086ebbc,f7d6daa0a652a521513ee62e9c7d72a9b574f2ec23037d88d3c554d0df91a5a1
41788,FOREX_audnzd-day-High,1,active,arff,21377830,Class,2019-06-04T00:09:24,1832,12,11,1,aebd498aa2b0359c273dd763d7936dbc,f32556c126871d76b964c4db80b72f359b6bb5af9373817fe1eb77be5d90fb20
41789,FOREX_eurnzd-minute-High,1,active,arff,21377831,Class,2019-06-04T00:09:40,375840,12,11,1,e80e09111b734783956331d63382dc83,006114eb0e3e9c51266e53ef7b83ca866788ee93db5d9ece148100781f72fd49
41790,FOREX_cadjpy-day-Close,1,active,arff,21377832,Class,2019-06-04T00:10:05,1834,12,11,1,dc21e097a6916db728567fb5530a4207,b31bb17c2e991d51ae3c1963ae5b36ed6565fdeaa16924f39dcaff5823e30e8f
41791,FOREX_eurusd-day-Close,1,active,arff,21377833,Class,2019-06-04T00:10:21,1837,12,11,1,1d9335fcb7518c6f4573bc746d46a8cf,3863573d822aff9c5c3acf987f48d68c26cc1835c50592bc58c449726c44e741
41792,FOREX_usdchf-hour-Close,1,active,arff,21377834,Class,2019-06-04T00:10:36,43825,12,11,1,d8ead72564f6d4bea49d9868ef66aeb7,88cd04eff42fd4b63b5abce1060291784897562e9c0884fc64c4c270acddbf05
41793,FOREX_eurjpy-minute-High,1,active,arff,21377835,Class,2019-06-04T00:10:53,375840,12,11,1,fe631de571ca700cf85bacf344934e4a,4c594191a35d9cdbfdf5e7d94654d9f34c4837b72139957d4653ddd83cf1d619
41794,FOREX_nzdusd-minute-Close,1,active,arff,21377836,Class,2019-06-04T00:11:19,375840,12,11,1,3b79c8818aae8bea807e9e2840436f9f,5d689bf29cb9a656d93605344baf3e89dee108c43f5da2f0e3f5d1de960c505f
41795,FOREX_gbpusd-minute-Close,1,active,arff,21377837,Class,2019-06-04T00:11:44,375840,12,11,1,e411baea0daf83315cbecbe64cf5a993,d2f0c6ac28e2a2292594ce4d2ee2fe9e093ebb2f76410dbccf0de63de90513de
41796,FOREX_eurrub-minute-Close,1,active,arff,21377838,Class,2019-06-04T00:12:09,375840,12,11,1,19bcd7ad38260416f5bfbe566db1c90a,7abd9ca5593712f059fa6e11411d4dfb9f9105937eca5b6edc411fb0434a7f83
41797,FOREX_usdjpy-day-High,1,active,arff,21377839,Class,2019-06-04T00:12:33,1835,12,11,1,de94cf5e27fb1f78fd2e69af8e19f806,56984420ad40ac2e7b13c6b52069c525b7b7cd0b0c7c4d1da2b259a7c237d918
41798,FOREX_usdcad-minute-High,1,active,arff,21377840,Class,2019-06-04T00:12:49,375840,12,11,1,0e9b33557a1a08b29ba92c5c39ad574c,d5e3afa210bb7bb0dd9326ea03eff3ac8e1641ae025bb3f2b56d1065166a5d45
41799,FOREX_eurhkd-hour-Close,1,active,arff,21377841,Class,2019-06-04T00:13:14,43825,12,11,1,dd145f45eb37fb7c41de21a45e4bbbd2,ac5a55e2b502847669633ec609aff464c39c0fabb083961c62b23c1b0d5c6d48
41800,FOREX_cadjpy-minute-Close,1,active,arff,21377842,Class,2019-06-04T00:13:33,375840,12,11,1,3c0e99dfacf66f306d4ff979c024bed0,9c33857a255a740ea8899c2be56d4f6936728d6a8dea883ac3139b4eeb200460
41801,FOREX_eursgd-day-High,1,active,arff,21377843,Class,2019-06-04T00:13:56,1832,12,11,1,6fd8a71eb240467ed05ec724f1ae84d3,3b61f8cee3ca6440e85ab52986aaafc246fe9d44238bf3a2f8d3b378c36d35a6
41802,FOREX_audcad-minute-High,1,active,arff,21377844,Class,2019-06-04T00:14:12,375840,12,11,1,43b6f9463a77efdf8dc07e55c6d5f851,97c29cd40c5ad75240f10317b16c87dc12efd68fb7e01332dc0037019fbd55d3
41803,FOREX_eurchf-day-High,1,active,arff,21377845,Class,2019-06-04T00:14:40,1833,12,11,1,10586174308566f9a68437a473c09a77,de0911ce59c31b41e784dc830d705db04c9208230e577554b530ebee56a5c978
41804,FOREX_gbpusd-hour-Close,1,active,arff,21377846,Class,2019-06-04T00:14:56,43825,12,11,1,18754c1625480411b358d5e489de6a31,f31354dcbe5f0ea88412d544f35ed176e5d8169f379e1f58315e60859419257b
41805,FOREX_eurrub-hour-High,1,active,arff,21377847,Class,2019-06-04T00:15:14,43825,12,11,1,e76985535de68d4a60b137f8d408673c,8598c25f3b810ca35dd6d643b13b48461be1bd1bc6427036c85300d557b9d8e8
41806,FOREX_audjpy-hour-Close,1,active,arff,21377848,Class,2019-06-04T00:15:31,43825,12,11,1,e7d4511382cd9d605abcb1cd0a93902c,eed2f170f3cf897fe63788339dbd6e4bdd88bf5d00c7f63300fb39c03efe046f
41807,FOREX_nzdusd-minute-High,1,active,arff,21377849,Class,2019-06-04T00:15:48,375840,12,11,1,5f5f85e78b88d9d2117ce1476a3a6b5d,aed9184ca2d50318fe9fb938232131b7f73be1024254b0180301db6c63e79dc3
41808,FOREX_eurgbp-minute-High,1,active,arff,21377850,Class,2019-06-04T00:16:15,375840,12,11,1,10e634c5f13314dbbb367d47a1229f33,859e7baa2cccb24ab1ef180430ce40c1fa07e27b28d84ebca48c061e4a4e6753
41809,FOREX_audusd-minute-High,1,active,arff,21377851,Class,2019-06-04T00:16:41,375840,12,11,1,0400774e2de2b13c186ba07c89e38877,72732b6b31db2637f8fb47f4cb75bf0808e3d31feb5efa1dc5e7e266e138dd5d
41810,FOREX_audchf-minute-Close,1,active,arff,21377852,Class,2019-06-04T00:17:07,375840,12,11,1,c9decedac07239287b112b258b365920,54d343cae28536d50bb774c3eeb0eeba929be28c6f87875e0e6e758fb3cd8c16
41811,FOREX_cadchf-day-Close,1,active,arff,21377853,Class,2019-06-04T00:17:32,1831,12,11,1,f6db8d75db3b303fb692356fac6703a4,d142a3b473278c1a2cdd8bc9c8838306763e0c173f7c5f421f4f660d00e3777f
41812,FOREX_eurnok-day-Close,1,active,arff,21377854,Class,2019-06-04T00:17:47,1837,12,11,1,ed922ba6cdbf9114876c933d9a11553b,0254a9bb15df124b56fcb0f8b0662536dcd2e7eda7ecf6e081782e141ca98a1f
41813,FOREX_audsgd-minute-Close,1,active,arff,21377855,Class,2019-06-04T00:18:04,375840,12,11,1,c5e405eee12e4dec87effeb02de1387b,ad5ad92e762db56704ac55e484f9c1f77125d173187a2121e5eb02feccf836e9
41814,FOREX_euraud-minute-Close,1,active,arff,21377856,Class,2019-06-04T00:18:31,375840,12,11,1,db23c2d36e03829764d83c39e50a403c,5741715e5dd63c1b5129f9c2dd265fb5e6397a20f6ae2c413a21468971041ea8
41815,FOREX_eurrub-day-Close,1,active,arff,21377857,Class,2019-06-04T00:18:55,1832,12,11,1,3b2b405389469045742f2089bc925969,1d3d632d3d436ed97b7145e54ec34e36a91d9647ce9c3b68a7de2c9159ff5818
41816,FOREX_usddkk-hour-High,1,active,arff,21377858,Class,2019-06-04T00:19:11,43825,12,11,1,94a450e1e66133ef00a1e3cde9e831a9,550632a7d81299659187290f2e32f0040eb47adccf54348931bd0cb4ae7a6561
41817,FOREX_audusd-minute-Close,1,active,arff,21377859,Class,2019-06-04T00:19:29,375840,12,11,1,189a46b02b726c75bd893bb5383fdfcf,52f722a539cbf945a2d6a1ebb39dcb2b2e2c665c25594dde15f7c17a5502de20
41818,FOREX_euraud-day-Close,1,active,arff,21377860,Class,2019-06-04T00:19:54,1834,12,11,1,974010b2c3b2aa6458491b3b5bc9d0da,99bcc5800830550a04b93b73a5c7da2cf39c2efc1a9b7c4ab258b2c60ce90745
41819,FOREX_eurrub-minute-High,1,active,arff,21377861,Class,2019-06-04T00:20:11,375840,12,11,1,bd30685a80c10859da6a493ac5143923,a18a905f32e2d1dbb0c499b88eb0560720d83809698e9310bb8be72fb5988de0
41820,FOREX_chfsgd-hour-High,1,active,arff,21377862,Class,2019-06-04T00:20:36,43825,12,11,1,2f3fe9f9644af9e536eee7d56a73bd50,444e2e598cfdaf6afdc0e4655ff6af34bb0218343c3cc58b961a1a1c868dae65
41821,FOREX_eurpln-day-Close,1,active,arff,21377863,Class,2019-06-04T00:20:53,1832,12,11,1,fbfcf6cd83003efb969ee2b2bdc022ef,a9917ece279a85d4389b519a9d14a5e75b07f5c758a3d44625a0209dfe888913
41822,FOREX_audnzd-minute-High,1,active,arff,21377864,Class,2019-06-04T00:21:10,375840,12,11,1,24e1d4524282d29f34f253e62359bec1,b826c59cbf037fdb10b82116d2ca1429437f9cdfee594010d613f8c033c20c67
41823,FOREX_eurcad-minute-High,1,active,arff,21377865,Class,2019-06-04T00:21:37,375840,12,11,1,f55c9bcd01e99525ca35f385a25e47f7,ded132b425b307bce0e267be623cd93a8c797fe810269259e7aed085aa72dbd0
41824,FOREX_eurgbp-hour-Close,1,active,arff,21377866,Class,2019-06-04T00:22:02,43825,12,11,1,0b098294f53de8daf870c8d706060956,a627fb97ba2b56e010dff3382a0106a4ba87dd40669fc68943e60c108f3a3402
41825,FOREX_audnzd-hour-High,1,active,arff,21377867,Class,2019-06-04T00:22:18,43825,12,11,1,70088b93e45ef3e9feae41311aa44b2c,47898cf9cb46e9e234dade87357583ec78c5ef3d55836beb3ac47dbe22b7445a
41826,FOREX_eurnzd-day-Close,1,active,arff,21377868,Class,2019-06-04T00:22:36,1832,12,11,1,beec8e93e8c7d8881ab8dab5a61d5daa,4e418f50bba14aaa79c156b026df7cd5121d12da66d283d6e7ec6a1383d5958d
41827,FOREX_euraud-hour-Close,1,active,arff,21377869,Class,2019-06-04T00:22:51,43825,12,11,1,4d8bebb52142c178ab15981937e22be7,e71d1550507b3846d0a7d30b9ffe14fa194b6af99a6fd2a9f011ccbe71704ea6
41828,FOREX_usdcad-hour-High,1,active,arff,21377870,Class,2019-06-04T00:23:09,43825,12,11,1,476f6a2f2cb2a34086939f837ac37a0e,48623a5419f7c5f126b1e7392f546866859ca0236b0a0aedd83be50bd870534f
41829,FOREX_nzdusd-day-Close,1,active,arff,21377871,Class,2019-06-04T00:23:26,1828,12,11,1,3c26715adedadca7bf237987740c251f,c2189248d27eb72cc23d76a20357d0a8cc9e7b0591f213e1fc8ce81574e376eb
41830,FOREX_nzdusd-day-High,1,active,arff,21377872,Class,2019-06-04T00:23:41,1828,12,11,1,a76596309d6e7c96533f0c8a7d36c18e,2f82a1402cf94e47642988baa8a22b42ba9e5850031b17295bf3aff600201bac
41831,FOREX_eurdkk-hour-Close,1,active,arff,21377873,Class,2019-06-04T00:23:57,43825,12,11,1,6fa1f8fab5945e380d5bf8c371a468b8,fa2579943f7c29a841b1e22b59d3c65b859cd172a32305d3ad4936e311ef6599
41832,FOREX_nzdusd-hour-Close,1,active,arff,21377874,Class,2019-06-04T00:24:14,43825,12,11,1,a9e437e5cd4abce84db98533296947d0,4881eb68b642958721436de47a4bc0d74d98aac077d9702dc215aa4d36777c93
41833,FOREX_cadjpy-hour-High,1,active,arff,21377875,Class,2019-06-04T00:24:31,43825,12,11,1,c8cc77965fd3def1833aa7240c7430ef,93993aae1f10d614521e2cc0cb487c18709def91f6b8a8929ab61e763e975b17
41834,FOREX_usdcad-day-Close,1,active,arff,21377876,Class,2019-06-04T00:24:47,1833,12,11,1,e134b092d42e4cf098a19914aa77ebbd,e4af1b5975fe8d74c48c1b03a43fcdab16c813e5545e56f830c31aa130678100
41835,FOREX_euraud-hour-High,1,active,arff,21377877,Class,2019-06-04T00:25:03,43825,12,11,1,fdc0f79e4b9bb8f7e592c3d25dce6fb1,c3238b03c119a37e933d4c85accfb4c68132326090b87b9fbcc82b4f6eaa130e
41836,FOREX_cadchf-minute-High,1,active,arff,21377878,Class,2019-06-04T00:25:21,375840,12,11,1,7ff87788acbea5681ffd5cfe89a28ed7,867bbbc6e4e872d9d99039e77f4d0cf034b713621f94134cdf50d42af16777a5
41837,FOREX_audjpy-minute-Close,1,active,arff,21377879,Class,2019-06-04T00:25:47,375840,12,11,1,af2dd3f65d2ea74e7a8144e7e8410d6f,f9a7decaaf01a467143ca151d48de48f5c9ddb21351d903c2f58fa6f208f829c
41838,FOREX_cadchf-hour-Close,1,active,arff,21377880,Class,2019-06-04T00:26:12,43825,12,11,1,32aeb15c267578b3fe12494e9312f147,123bfb872701242f32f438da5451ede328f76b9d5f3ac74deaace86bacd0fea0
41839,FOREX_cadjpy-day-High,1,active,arff,21377881,Class,2019-06-04T00:26:28,1834,12,11,1,3ed11ca71b75c9aa5930953b9bb3000a,d1173f7595faaa48faba75e2447d7225de3f527d4b54277d37f1451e8d5bb78d
41840,FOREX_eurnok-minute-High,1,active,arff,21377882,Class,2019-06-04T00:26:45,375840,12,11,1,26d7bde289baeee712e1fe816dea7524,e5280f82382bf0c50cc1498bf527da43091f749df47c4635aa204ba6b3395a24
41841,FOREX_chfsgd-day-Close,1,active,arff,21377883,Class,2019-06-04T00:27:09,1832,12,11,1,da87c64238429ed9857296707648d1e5,e30d0759373930372f211bfa2cde4d61dffcf0677ddc3b353ff04d7297c5d9e0
41842,FOREX_eurchf-hour-High,1,active,arff,21377884,Class,2019-06-04T00:27:25,43825,12,11,1,eaf7f0559ac9276c447fac589342f284,3363a758f814c39472abb7a6d5b7addfc36322004aafbb5d6cf6087e242221a3
41843,FOREX_audusd-hour-High,1,active,arff,21377885,Class,2019-06-04T00:27:42,43825,12,11,1,4fda2d1c82fbdff46de79713269e85e5,23d9f3589a55fc8001595db5654f1ff97f434dce3a86f1550cd6c6139e81676c
41844,FOREX_eurgbp-day-Close,1,active,arff,21377886,Class,2019-06-04T00:27:58,1835,12,11,1,79e8ce5f98838f614207fab33c61ce1e,2079b8b58988f8c14c4542b651135fb5f6bb1aec8ec15c64ed11df7d102ac9bd
41845,FOREX_eurusd-minute-High,1,active,arff,21377887,Class,2019-06-04T00:28:15,375840,12,11,1,32ca6b13f7f58e5a09e57aca30693cce,bb3346bc505e9f7ed68f5751804b85a2aae4acb97c7a1f782c5a748f3f996a39
41846,FOREX_eursek-day-Close,1,active,arff,21377888,Class,2019-06-04T00:28:39,1837,12,11,1,17253672a5731d235a024d73d34629bb,83c6aac8a08f8867cd9c2e4316a33a462f93fc1b4a2193bfd27f3bfedd49aeff
41847,FOREX_eurdkk-day-High,1,active,arff,21377889,Class,2019-06-04T00:28:54,1836,12,11,1,bec967e9c9dfa604a6a68683c8c735e6,c4d406a747984d3d51731aece74206d1ab3247ac3deda6e47d8de4cd359d8680
41848,FOREX_chfjpy-day-High,1,active,arff,21377890,Class,2019-06-04T00:29:10,1832,12,11,1,4a7e5ffacdb20a32be461a759ddd65a5,42ca68e41f2fc7de9e5d0143f43f13cfb27869c95ffcedb8920a0525ef8499c9
41849,FOREX_audsgd-day-Close,1,active,arff,21377891,Class,2019-06-04T00:29:26,1832,12,11,1,1616055f0799c81ef96fb0b82ed469c6,6fe38e30ca769630d259d3ce27e7b7f7cd1d2c59f91a89bcfbc3fc434a01c9d8
41850,FOREX_eursek-minute-High,1,active,arff,21377892,Class,2019-06-04T00:29:43,375840,12,11,1,d699269feaea3f86528df2934df98264,1290e3bf3d52ca53ee21e779e9c921ee8cdf912b7287451a2b8b81f9d9906e76
41851,FOREX_usdjpy-hour-High,1,active,arff,21377893,Class,2019-06-04T00:30:08,43825,12,11,1,7a39b47218dbc46156c12fe5436528c7,6a316b206922cdc5d06bc49032cba23612321711c9f2986ee1f7e8196d773af2
41852,FOREX_eurchf-minute-High,1,active,arff,21377894,Class,2019-06-04T00:30:26,375840,12,11,1,92fa6f6600841f43dcab876823ea11dd,77dc568747b5aca51251ae1cf082f0164550363fd484a026c8a61a1e7203467c
41853,FOREX_eurnzd-minute-Close,1,active,arff,21377895,Class,2019-06-04T00:30:51,375840,12,11,1,2f1e9e58ab3dbb4d87ac2dc27be35213,035afc3d9c5006a0379bd1e867c77c8a04251f88ae4a6d2c0e59af5b1eb83d13
41854,FOREX_audcad-minute-Close,1,active,arff,21377896,Class,2019-06-04T00:31:17,375840,12,11,1,3aa99306d7e570b6cb5161c730fc564c,56c7fa5107860e419c54dfc16186b6c15fc1b36d076e063cb8631f104a0b9844
41855,FOREX_eurtry-minute-High,1,active,arff,21377897,Class,2019-06-04T00:31:43,375840,12,11,1,8be882e463e4bbf446247efa8fe59369,72e67bea0e0fb67ef8fd0da5fdb615490b25a9ce5b69b8ca31bb6a8bf10c0d1f
41856,FOREX_eurdkk-hour-High,1,active,arff,21377898,Class,2019-06-04T00:32:08,43825,12,11,1,3fd897daad3f14326646be9b7ca2c3b2,cd9510d985dcb13de85fb3e63c549a0412e5c32a2690ba5fe5d49731b96b636a
41857,FOREX_audjpy-day-Close,1,active,arff,21377899,Class,2019-06-04T00:32:25,1832,12,11,1,61ac9c35e10dc101dd31a1fe20930dec,7f9cfcd40f8c5672a08fd5065eacc6c82886824c21845b559bc93a3df43bc079
41858,FOREX_usdchf-day-Close,1,active,arff,21377900,Class,2019-06-04T00:32:41,1835,12,11,1,83a7f53b8fa6218f63e6c4b0294c6b5f,c57a65c281501fb5680fdae87d69edf2d8c7397bdb86299274bbe19a8de14c8e
41859,FOREX_eurnok-hour-Close,1,active,arff,21377901,Class,2019-06-04T00:32:57,43825,12,11,1,2810ab1416aa3f41feeac3a7b04d7f70,bdee04d81a6a7fa0b2b172f6d73d6faad0cdfb3fcafa6b258e123934b2e8cced
41860,FOREX_eurusd-hour-Close,1,active,arff,21377902,Class,2019-06-04T00:33:14,43825,12,11,1,5df27cd3548be49e30b3ba360e9ca334,2a6a1bda5145b4578d819ffac59bd8ebb2d2b5e3847df691360a4a0230d97601
41861,FOREX_euraud-minute-High,1,active,arff,21377903,Class,2019-06-04T00:33:32,375840,12,11,1,afb8b7737f9b490caa245c3663e3d526,44a8ce7c5a817b274c8a9a1fc312bad439fb338f4f815f8fff585ad9a9d1ec4a
41862,FOREX_eurrub-hour-Close,1,active,arff,21377904,Class,2019-06-04T00:33:56,43825,12,11,1,6262ede1f7ed06e335635b83808c3fbf,e0c247a3228d0ab9c8e4977f754f06c21b505ffe448c0ad6ae602be09e6fe600
41863,FOREX_eurnok-day-High,1,active,arff,21377905,Class,2019-06-04T00:34:13,1837,12,11,1,9e1bc44ef614eaab25ef230c68522480,231455a2f7a91d2ddcf2f18d3e45da1cbf68f748529ba4d887864aeafa02d86c
41864,FOREX_chfsgd-day-High,1,active,arff,21377906,Class,2019-06-04T00:34:29,1832,12,11,1,5af534bdf5b598017ef67219e9461951,4f325a40110d8c6bda99f4b2891167d876771ee4567278eff73dfd11ade49a08
41865,FOREX_audsgd-hour-High,1,active,arff,21377907,Class,2019-06-04T00:34:45,43825,12,11,1,fbf6d93d9d26597dd122b5dc3fd68b4e,95139e22162d8b28c7bb2c36cfaad1ace193dbed2a73ae4a87475a9333141c5a
41866,FOREX_euraud-day-High,1,active,arff,21377908,Class,2019-06-04T00:35:02,1834,12,11,1,1dfe1fcf96afdbd5d659f828a074fd74,3f579091982945285dc070ae16771f170dd119033663407986c3129dacc15871
41867,FOREX_audnzd-day-Close,1,active,arff,21377909,Class,2019-06-04T00:35:18,1832,12,11,1,b0e96de5312eba5f855ad355ac7f7eb0,c4ca5d7c1f3aedeefc4178a1642e1612bd2ce0c6a11e5792338be919bf5b66b5
41868,FOREX_eurpln-day-High,1,active,arff,21377910,Class,2019-06-04T00:35:34,1832,12,11,1,6588ca9afc0c9cd1ca0d483c913f5b68,77e939efc411a915f6ef2562b32920d20b5bae7b5a3154e106f0555761e5d04a
41869,FOREX_eursgd-minute-Close,1,active,arff,21377911,Class,2019-06-04T00:35:51,375840,12,11,1,ffd07416b51c6092966801fe85694913,17227fcdd43fd4c8d9f1ea9b72ddfefd14bf21ec0eee82d4bf06d21d4658ed5b
41870,FOREX_chfjpy-hour-Close,1,active,arff,21377912,Class,2019-06-04T00:36:19,43825,12,11,1,e013a077b2ae233582d195fc0cba5848,61d31745cb0efcc429d3f1cd0a8a6368991152799cdac3ea4e8ce9474586726f
41871,FOREX_usddkk-hour-Close,1,active,arff,21377913,Class,2019-06-04T00:36:36,43825,12,11,1,289c004d647b2f26fc54efc4956194a8,f023f9783f2e292ff27b244826d01453e1717d08d852e12547c4d120e61e812c
41872,FOREX_eurhkd-day-Close,1,active,arff,21377914,Class,2019-06-04T00:36:53,1832,12,11,1,25099b68eb2ee676e6f7c186b3731cbc,d8f55d93e8a10a98b220c27393d4a09107016d80546282e5d6303777f0433545
41873,FOREX_eurusd-hour-High,1,active,arff,21377915,Class,2019-06-04T00:37:10,43825,12,11,1,b27976f174af2ee11b656fa327aa4d06,56277ba9a8194265149cfa9f3c7bf7339c474bd16a793e037cbe2d25292f981f
41874,FOREX_eursgd-day-Close,1,active,arff,21377916,Class,2019-06-04T00:37:28,1832,12,11,1,5f6839d59ecd64d9539e89907b9f8571,9bd126c37c5946d92a6a643e5069038ec1d01152c9dd6490ca51e338d81c8446
41875,FOREX_audchf-day-High,1,active,arff,21377917,Class,2019-06-04T00:37:43,1833,12,11,1,080633aaec79acf2c527ee71e3131655,2e347c0170c8ff5716dac3b6130cd32cabaaaaa9523561dfba023445718590fe
41876,FOREX_eurdkk-minute-Close,1,active,arff,21377918,Class,2019-06-04T00:38:02,375840,12,11,1,39e689c90d98a8d405ef28a55c7119d0,1e8aae056991cba04e2ff1046979f71f9015b19cb0e018ce1b089129ab44d7a3
41877,FOREX_eurchf-hour-Close,1,active,arff,21377919,Class,2019-06-04T00:38:23,43825,12,11,1,2d69b739ae24311466baf32dc34f2b24,047d63b4d1f14b5e653d95f0b3f342fb695ae232d8b0c292536924c64b2deb36
41878,FOREX_audusd-hour-Close,1,active,arff,21377920,Class,2019-06-04T00:38:40,43825,12,11,1,8957887d9c76be05fb532f818b798a28,3a10f23c808e05b79546f7c566054fea0202abfb44b9ed847efa2815f5b73dcc
41879,FOREX_gbpusd-hour-High,1,active,arff,21377921,Class,2019-06-04T00:38:58,43825,12,11,1,bcb1217a92d3092919fe58264b00cc88,29c443dee028a14d8841ae80df5972235684f7ff9fba70eaa4c4d61d3b35010d
41880,FOREX_chfsgd-minute-Close,1,active,arff,21377922,Class,2019-06-04T00:39:15,375840,12,11,1,3a6f4464a45060485de114261b954e73,4364d95816bb41d19308cbb56f0b361f37556907583c8c50ef9a8ea6859e1518
41881,FOREX_chfjpy-hour-High,1,active,arff,21377923,Class,2019-06-04T00:39:40,43825,12,11,1,fc8ca313c9397ea65e2ee28c9884992d,7ef0219e176a00f1bfec59a55bd3fd55527b175f9b1b26ddc0f780cc9ddd7cae
41882,FOREX_audjpy-day-High,1,active,arff,21377924,Class,2019-06-04T00:39:57,1832,12,11,1,74daf346048ddc27210a706451f1bd38,87f1140e4e438895d853bfe3827aebace49778ff07fcba54799e92bfd458aad3
41883,FOREX_eurnzd-hour-High,1,active,arff,21377925,Class,2019-06-04T00:40:14,43825,12,11,1,b37476cd22b7b6a5eabf736dd7d01288,4bcfd6e38464951ad1add56cad6e99dd7d0fbd4c17a445a3fbfb558fa076879a
41884,FOREX_nzdusd-hour-High,1,active,arff,21377926,Class,2019-06-04T00:40:31,43825,12,11,1,975b28fc97a6b38bbc356264e9b4bd34,cca8da1fb9b2a580adf6958cde8efe19e3aa0dcdb18b8ddfb2810e740ed7ad72
41885,FOREX_chfsgd-hour-Close,1,active,arff,21377927,Class,2019-06-04T00:40:47,43825,12,11,1,9a9a05fd2131b749f0ec5695fc3ef933,f1a9d3855342cad4ee31e242634fb622df4b9904ff7deac6c6a097513c37b074
41886,FOREX_eurnzd-hour-Close,1,active,arff,21377928,Class,2019-06-04T00:41:05,43825,12,11,1,57366392f27a71980b1b869158561677,a8079d8ced811ee7792e3b0b28f259fa68e4f199cf5f824d640362e442738d4c
41887,FOREX_audsgd-minute-High,1,active,arff,21377929,Class,2019-06-04T00:41:23,375840,12,11,1,04063f1626fd4369ffe7408ec944b26e,f0f40fdf89378996cd0aa6079bc07b4039f0806c6aece1178748ab21cdd784bd
41888,FOREX_audchf-hour-Close,1,active,arff,21377930,Class,2019-06-04T00:41:47,43825,12,11,1,df240d92cc83a750bf9c165e4ad3a56b,dc8f6c946e1b98f979b9e7e4c5c3bc4ae8dc23dde973afe49b0e849a929f09b6
41889,FOREX_eurjpy-hour-Close,1,active,arff,21377931,Class,2019-06-04T00:42:05,43825,12,11,1,e3fc5dae65320eda8cac829d59b58f2b,b35a4f3a9d8f0a5c1baeaa4046b851cb9b6033dc24466e662bdfd3c1a482b011
41890,FOREX_usddkk-minute-High,1,active,arff,21377932,Class,2019-06-04T00:42:22,375840,12,11,1,52809673d06f76861dd4412345106171,954cde2ad244d7af787c62a3ce29a006411a8d5d92a31781f763ea490c30182b
41891,FOREX_eurcad-hour-Close,1,active,arff,21377933,Class,2019-06-04T00:42:48,43825,12,11,1,41153120f1843b6ae8070644e4c6e3ad,305c3aefd1fcd36efbd6b340c985ec7dbb1c889ca1f5854c24b8984b5b371472
41892,FOREX_usdchf-minute-High,1,active,arff,21377934,Class,2019-06-04T00:43:05,375840,12,11,1,b8926a25790b32bc1acf3de1335172f5,06620567b6c17249207fba1b13e345406fe307d5813ad5f287a205980d87a364
41893,FOREX_eursgd-hour-High,1,active,arff,21377935,Class,2019-06-04T00:43:29,43825,12,11,1,b702cc4a6009d717459f1fb6b56f04da,e00593f1315bf0d61b766ef2ae58aab34fa11827d41872d36d40da264479ebe7
41894,FOREX_eurchf-day-Close,1,active,arff,21377936,Class,2019-06-04T00:43:46,1833,12,11,1,eb2d94bf0d15b694cbef58ba97bb7f4e,ba6cc89c3b702d7cf6741a72ed55311fdd9ab12e83b066237a1095738d9adfb8
41895,FOREX_eurhuf-minute-Close,1,active,arff,21377937,Class,2019-06-04T00:44:02,375840,12,11,1,5be8f4b49fcbed42db67830e7267f161,747d051302d38d367e4f1e6b7a5f3c58cdb800e54c16ed8bc9470cbe43ca95a3
41896,FOREX_eursek-hour-Close,1,active,arff,21377938,Class,2019-06-04T00:44:27,43825,12,11,1,0e3822acf0cd29ce6eafa8ad326ab257,51a83d57a0163549a32cca24c955cb54f4528358065cab398e59a23a28f7b5e1
41897,FOREX_usddkk-day-Close,1,active,arff,21377939,Class,2019-06-04T00:44:44,1832,12,11,1,10c9c4cc52a2de60854470457619c0ec,7fb3ce17f51b834840361e81be942a9a92b260f39bf0f9f7a0463a616d505f73
41898,FOREX_audnzd-hour-Close,1,active,arff,21377940,Class,2019-06-04T00:45:00,43825,12,11,1,91ebed6a1521242bba2c1a3d42f74984,c551a6ff24044167f82592dedeed69acd7d01d808caa5a1ab006487f8ca921a4
41945,ilpd-numeric,2,active,ARFF,21378872,Class,2019-06-21T10:43:30,583,11,10,1,1deb2e8f9c9293443dbaa9e69147453b,7a13359ccefc3e7d489c97c672d9e58e698336208d11381a99dfee527774ef41
41946,Sick_numeric,2,active,ARFF,21378881,Class,2019-06-21T11:49:26,3772,30,29,1,bb4e229ea02c93f7c9ef40cc8abf9f12,7c8de7eabd4e80e696ab30c5b6d503f1f589a4ed4dc1c5b2fa7793a297f891a3
41949,Elegibilidade,1,active,ARFF,21378932,EhElegivel,2019-06-21T14:38:18,269177,2,0,1,b1a29cd9bed190cd066f750fb8247528,d8afde4bfc6fe04231f036464daa3cccf306a2542e5057bb331c97f83365c3a0
41964,USPS,3,active,ARFF,21379036,int0,2019-06-24T15:46:32,1424,257,256,1,76fc77acf56f1fa611263f65bd60a1d7,1fc18768a69b5282bbb79e4252d90c02ccff7921970dbdba8c859df99cbcf35a
41966,isolet,2,active,ARFF,21379038,class,2019-06-24T15:51:46,600,618,617,1,5486d7bfc4ace3fd455fe31efcc5aedf,f7271d462bd7762bbcf175def033e53e8af86094e6c503bd4ce6d4f6d7d0503b
41967,cnae-9,2,active,ARFF,21379039,Class,2019-06-24T15:53:16,240,857,856,1,53a2ab51490ece5009e0e4e898b05890,f19655dbe9fb2415647e04fa7cca42f1f6bdc25234be438afd63607722a797aa
41973,semeion,2,active,ARFF,21379756,Class,2019-07-11T18:28:48,319,257,256,1,5468af1e78bfb48f789191728be60d5b,9641c270e9c0295d451d12bf70c169a90ca16433d10fc9d4104b4ca214ca1c3a
41976,TuningSVMs,1,active,ARFF,21381922,Class,2019-07-17T00:49:41,156,81,80,1,0486c0b53c3d4d0913a2e13a4763f0c3,bed751e8c3961f0c02a05e96b54c5238aec043991a7e8b54e4761ae6925b09c5
41977,TuningSVMs,2,active,ARFF,21381931,Class,2019-07-17T00:55:14,156,91,90,1,08071f0c2e25765659a84ef8ef32731c,d69423201f888ccff4c4928110b19da096a493856a3990d1430251037fe0cf31
41978,TuningSVMs,3,active,ARFF,21381934,Class,2019-07-17T00:56:21,156,81,80,1,ad124e7e0fe9cebfb25a85a1de783333,ebf14f7cbdba1e958b496ddad41f6024cf9c550bacf669f46e519cbc902bbf67
41998,Weather,10,active,arff,21412501,play,2019-07-26T10:47:58,14,5,2,3,f13dbfb7166622595044726ed79cabb3,4a3561a755828935a6c3d7dec2810d993ca28da27ed4f86b1a471cbbe1290b5e
42172,regime_alimentaire,1,active,ARFF,21754587,Surpoids,2019-10-07T15:20:46,202,20,3,17,fb0a03e6bdf470d928bb57e93d94fa61,001eed42f9d4faeb0f5a06b9b0ac53595a804b6a9af9e20e7d108c7bcc839a7a
42178,telco-customer-churn,1,active,arff,21756251,Churn,2019-10-15T13:07:48,7043,20,3,0,283f18cbb7d53861816d248848f0ec00,034acbb939f34e3e426294b8b9e1b0072f17a74cce6ffabf6fff22cfef45942a
42192,compas-two-years,3,active,ARFF,21757032,two_year_recid,2019-11-15T09:54:05,5278,14,7,7,c9d60061da6c224df7202ba85546b80f,4be48bf2030d9c280de52eaac51d33d170c33407e300b229cc10e96acbad3123
42193,compas-two-years,4,active,ARFF,21757035,two_year_recid,2019-11-15T10:28:52,5278,14,7,7,c9d60061da6c224df7202ba85546b80f,de980b44e888b34c6479e5eaf01a1e165620475abd6498c0066e185efcc02294
42206,porto-seguro,2,active,ARFF,21770028,target,2019-12-04T17:36:45,595212,38,12,26,726ae63d1a09a94381381d848efe2603,69d1996470f4cb5b80f6caf59f9e99a4f3e3570196c54d6e3cf2d3630dd1fb9c
42252,Asteroid_Dataset,1,active,arff,21799723,pha,2020-02-16T12:21:29,126131,34,31,2,18dcc0a2fe38358e3f96b0ce623f40d7,b3b75095bc4871bb6642a2f8b6c6fd17c8e2dbba942f366fc934cb57e6bee0ad
42256,Asteroid_Dataset,2,active,arff,21799727,pha,2020-02-18T10:58:38,126131,34,32,1,faf085f0070f52498723bfcbb020ab7d,fb9a62dac6657f09030aded7a9039ecfefe839d90515af9e8dd0abdcba1da13f
42334,digits_wrote,1,active,ARFF,21800125,label,2020-03-20T15:52:36,3468,785,784,1,19f4fc1e8f648c5b57ba8e7197ee703a,f158d4dbb0d2bd670860e03607c1a9e83a7cf565802abfb80a44ec6c330efc82
42343,KDD98,3,active,ARFF,21801022,TARGET_B,2020-04-03T13:42:10,82318,478,341,137,7e43f2e52e2a01e11ec9706499b2d810,99929ad5a48aa3016bdc618f529bbb764503b7029f9bc484de82804177f1fd33
42344,sf-police-incidents,5,active,ARFF,21801023,ViolentCrime,2020-04-03T16:05:07,538638,7,1,6,542e4dbae5d39fce213f6edb01d67653,014a3a8b2295101950839d943eabcef353212f01bf9db8e0bd1316775ae99303
42395,SantanderCustomerSatisfaction,1,active,arff,21829696,target,2020-04-26T02:42:27,200000,202,200,1,4f816b123bbe7b04c672e54bae91ddeb,d5f712926d6265678500736cd558411276f9e0c073381e7178bf8df734155e8b
42397,CreditCardFraudDetection,2,active,arff,21829702,Class,2020-04-26T20:05:21,284807,31,30,1,f9544642717dc57d30c6505a422da240,2d84dad7bb68dfac8c966e01f010f139929b6e99384af317e720c5b6894dec90
42435,SantanderCustomerSatisfaction,2,active,arff,21831175,target,2020-05-18T01:12:52,200000,202,200,2,d21ca34f6c2ca04f6c14f7852761c959,e70550dba89379d5d78a22c997571f7584769c22bb18d8d2b41480896fc1b4c2
42477,default-of-credit-card-clients,1,active,ARFF,21854402,y,2020-06-11T01:28:28,30000,24,23,1,4efbcc48d388c8cff428950006198b4e,bb1d8852fb2544181de1bb447b1eb99b3ab863aa99b474073f154a7f5b09b2f6
42493,airlines,3,active,ARFF,21854421,Delay,2020-06-11T21:10:39,26969,8,2,6,9c44c67ed51a5d0a91b034336afefe4b,1aa53dd92b9c05610d9f69ed27880af25efb2e282a5d7386dfebf8a0d14752c2
42554,test_hate_vects,1,active,ARFF,21854608,hate,2020-06-24T15:11:49,4,50,48,2,d5fa8ed58e76ee70aaf2b37706758eaf,cc9277b2db3dfc8097c08d83abcb2f8bf68bbc58efb77fe5ec239ef49e9b9ec1
42638,titanic,9,active,ARFF,22044399,survived,2020-09-04T03:56:00,891,8,3,5,af4921075f7890110b69124086fd9ddc,5cd78c10e1162f617100531d8d6e5f0eafc162a94c59c47265614208b26f4a56
42665,ricci_vs_destefano,1,active,ARFF,22044446,Promotion,2020-09-14T12:52:34,118,6,3,0,8d36216461139de4f7ce8b4d88ab7dfb,01a8a19a64c72c1507802bdfd0befc8fa4094b923681820c5b3d852293f6427b
42680,RelevantImagesDatasetTEST,1,active,ARFF,22044484,relevantImg,2020-09-25T17:37:37,134731,31,27,4,6b95793c150210f2ffe3f23a602f5c41,7961325163b3f86378cf855a65d646fccfb9a820b8d5d55c8d370c18f30c87e5
42717,Click_prediction_small,9,active,ARFF,184157,click,2014-11-27T01:18:40,39948,10,9,1,2d0de4e34d32f9baf601ca3c917a9187,122cd3ce8f3164e72622334996ebd4eb95a5476578b2e9c4188ced27997d4643
42732,sf-police-incidents,6,active,ARFF,22044766,ViolentCrime,2020-11-18T15:08:19,2215023,9,3,6,b3f78307595ee46426d0c33b23394d67,64269d5f338f3ad295e365bab3501fbba89df77839db0e5dcf07941e089a8ce8
42733,Click_prediction_small,10,active,arff,22044769,click,2020-11-19T16:34:51,39948,12,5,7,8e4f8ea8a01f19d351c8bac7c4560c0d,02895bc3cd3c986d8e269b693a0ca3e04ecebaac5008749f843117cd2fbe87e1
42738,open_payments,3,active,arff,22044787,status,2020-11-26T17:46:26,73558,6,0,1,e1f8f5c7574c4e0bf9db614079d1b5fe,396151ed8e19e59d42351ea2011720e6f5927e9657f1af2608f4d2dd2c3f79bd
42742,porto-seguro,3,active,arff,22044816,target,2020-12-03T01:10:51,595212,58,26,32,566f4952b65d0e6899d114f61b6210b9,b3a10263043fd123288fd9df4f9f0b18b5e4d361abd566c83b7cc15dcf9f7754
42750,Census-Income-KDD,3,active,arff,22044835,income_50k,2020-12-07T20:29:02,199523,42,13,0,22894f6f04d156b2f92f51161e613467,bf10097f10250a91e88bdbb7201531bbb69688dd136316c02bb348a30a41e786
42757,KDDCup09-Appetency,1,active,arff,22044842,appetency,2020-12-08T03:22:50,50000,15001,14811,1,023ab7505056c26b0004358841b7dbba,8bc7eb1238245ef518b75e3bd4cc88b655493fc925f6214a42301deb8b4ec82c
42758,KDDCup09-Churn,1,active,arff,22044843,churn,2020-12-08T03:59:16,50000,15001,14811,1,99ff68aeca08c962a70907e02d6e50cc,5126a98a3c571de062118beb626c808c209d5c615215fe7215224f42c53f982a
42759,KDDCup09-Upselling,1,active,arff,22044844,upselling,2020-12-08T04:31:45,50000,15001,14811,1,e2240a3d432bb27516e0fa741002088b,d470fc100585f1e338180e843aee33390718161e949994446de8cd95949ad21d
42763,kits-subset,2,active,arff,22044851,label,2020-12-08T22:26:41,100,27649,0,0,4325c5846fc215212a113142759afdce,3bde0660c908dc02e890090e08f34de29028ef8e6405d00f6107ff922d51985e
42766,kits-subset,4,active,arff,22044855,label,2020-12-09T08:26:34,100,27649,27648,1,cfee3982cf656e83fb5e91321d2fedc1,672b7de653b02981b7c01b8d0a008c708bb5740e2aa1c14d6c72ec4fe6187b74
42769,Higgs,3,active,arff,22044863,target,2020-12-11T15:56:13,1000000,29,28,1,462a8d5b7502eef3ab2215fa6df6d8cc,2e9267ea647aee5abc36eeb1565e0f0a0453e84df62c6c34a8e0fbd5f2d3aa2a
42773,KDDCup09-Upselling,2,active,arff,22044881,upselling,2020-12-18T17:06:07,50000,15001,14740,261,baa1b1500065fa4446d91f190e4402ce,32da001f438209877a3003c472664ccda0f0aa7700d144e49f073121ff94b5b0
42774,KDDCup09-Appetency,2,active,arff,22044882,appetency,2020-12-18T17:40:23,50000,15001,14740,261,c1a41d967abb544a083a064b0f49b26a,2b80b7a8563c371058cacdd6c4d558aa6a761a92668e85a6166d49c8be785100
42775,KDDCup09-Churn,2,active,arff,22044883,churn,2020-12-18T18:26:47,50000,15001,14740,261,63824bfa9f4e9195ae9b0d4c1a0ee0a2,f55d1ad8ef8f9ec3b63c36d1d19f973591ca2afb4216632c2ed3f3826f94de92
42809,kits,1,active,arff,22045087,label,2021-03-08T12:07:14,1000,27649,27648,1,d275bb6904da354243af2c7ba6d45c52,bf655e45f5737e074c074f15146dafbe87c6357f82cb2834e6d758818a0b3c9a
42810,PCam,1,active,arff,22045089,label,2021-03-08T14:01:26,4000,27649,27648,1,a3cd11cb23e99b9b90ca9f3de18a983b,49b5aff18357f1d80ba571aaf8b85a70c6b651df8442c166e81b2862906d4622
42811,PCam16k,1,active,arff,22045090,label,2021-03-08T15:50:03,16000,27649,27648,1,dabb09bb1e76faf05dfbb0e9ce125541,49ce18c34d4298ad1ec17009a61092b3ce42c8454e5e2b0e5e24428f2f5d94c1
42812,PCam16k,2,active,arff,22045100,label,2021-03-09T15:40:59,16000,27649,27648,1,c001ba9e544d4b9ada8ca133e88fd045,59e62b57120a2b9a704d7798827d18d83924f69410350425d026139cf93c1b74
42882,dgf_test,1,active,arff,22045512,type-de-ligne,2021-05-19T11:26:20,3415,5,2,0,b99c5c4a7da40655215539435ee13088,e54d199d4b7cf159133db5a016fc7d92da53c0ef04d9900114e7cf4178e361df
42883,dgf_test,2,active,arff,22045513,type-de-ligne,2021-05-19T11:26:35,3415,5,2,0,b99c5c4a7da40655215539435ee13088,b37a099cfc5d5345e2619008de18cad3db1953832f0619239c362cedbe089272
43051,art_daily_nojump4,1,active,arff,22045806,Class,2021-06-29T15:22:56,4032,3,1,1,5bc7a599786f4d79d082d2361d737684,0e05670e954b9c4226b70e4cde88f4bf41a71017a25b7e88e1cae4e489a7c659
43072,KDDCup09-Upselling,3,active,arff,22045929,upselling,2021-07-28T20:03:01,50000,14892,14702,190,f6f8c15db95ee7a13b0882cb5efb1701,3bd57ac54ec0bab4d1773bb731261e69b9e7ae0276192955aac201881c7ad7fe
43097,students_scores,1,active,ARFF,22047775,gender,2021-10-05T16:49:51,1000,8,3,0,f127d61fd7a9b306b3933aebedef08e0,4ae2ce59fa2b5515e6de0d97a17e277769c15de454ff5bed6af88e0b0c33bb05
43098,students_scores,2,active,ARFF,22047776,gender,2021-10-05T17:11:37,1000,8,3,0,f127d61fd7a9b306b3933aebedef08e0,85128fe3d61202da93522920103a027bb29f01a6d83dd9ff765e4578a0e0cced
43100,Weather-11.10,1,active,arff,22047788,play,2021-10-11T18:15:03,14,5,2,3,2d35419ebe14f2041a94217de60d5428,3c4493dab224b151b9cd6e5d6d01f42bc5a852bea412e136fe89dba6f60708a6
43255,1StudentPerfromance,1,active,ARFF,22101944,gender,2022-02-23T09:55:16,1000,8,3,5,0f734378332cac8f794e7bee59330a56,1c4f8d09782bca7c5dffd92d4f108e5397eb82f43f9e196542345d117bed1cf6
43439,Medical-Appointment-No-Shows,1,active,arff,22102264,No-show,2022-03-23T13:21:02,110527,13,8,0,b683d719b37d42aa3b25b4237613f42b,1b3e293c72c9c675b0acdbffa9e8046cd759538b16a353046196ab880560bf0d
43489,Census-(Augmented),1,active,arff,22102314,income,2022-03-23T13:27:26,1000000,15,6,0,68fbed0a3e8376169584462398fecf2d,9e2585b52f432a032eca29784fc5b20d1a20cff7871348095a51b74b1125bee2
43551,Employee-Turnover-at-TECHCO,1,active,arff,22102376,turnover,2022-03-23T13:49:10,34452,10,9,0,0734a591937a88e3287bb6944f4d2319,b3c096a4b494499afcf56eb3aba7c91cdead709b2965408afb2259045221ce09
43595,Loan-Predication,1,active,arff,22102420,Loan_Status,2022-03-24T00:32:57,614,12,5,0,85cca4b289bac93d9ddb237d359472b3,1a2af644949c424a80a5f07898a9219f59196b2a44ceea35e34c4faf1892ab78
43607,WMO-Hurricane-Survival-Dataset,1,active,arff,22102432,Class,2022-03-24T00:39:29,5021,23,1,0,9a5395cb2b7a4d41055927b6f7479cd4,755ff127aa626a74c1d173440a33bc78f81ccc9106f4dd46e94529e9c1247a5c
43786,Zombies-Apocalypse,1,active,arff,22102611,zombie,2022-03-24T10:27:10,200,13,3,0,b3848e64a0b628092782ca0b4cef72d9,d7a0c2b559ab152bf6d6d131ba507ec72cc740d19294c92d979a10a85a085ee1
43890,law-school-admission-bianry,2,active,ARFF,22102798,ugpagt3,2022-05-30T18:39:39,20800,12,6,6,0c4aa36dd614d3aca7b1d644f5dec59c,9fa71a062512112c1dfe7cd4e426aa25914fd0301bb1419645b0398f3c57f288
43891,communities-and-crime-binary,2,active,ARFF,22102799,crimegt20pct,2022-05-30T18:41:17,1994,129,127,1,fafce055d8692066a642bc07f80f504c,22a6073313045bc8f615c68721e5d8d3da48f349eb26bff4925b689b2c602d50
43892,national-longitudinal-survey-binary,1,active,ARFF,22102800,income96gt17,2022-05-30T18:42:31,4908,17,9,8,797c1e63b421c52e2cb32fa54d75c3a1,ad50629fc694df4717bc22e1db690728d6e82a85aeb2b7dc62befac75c134ab1
43893,ibm-employee-attrition,1,active,ARFF,22102801,Attrition,2022-05-30T18:59:07,1470,35,26,0,a15d44ffb9cf72c919db2e4f4f014de5,9fe4bda633194c72ddf4cd1cd424ffd3d7e39b09c051f1066d1e38b9f3620af0
43894,ibm-employee-attrition,2,active,ARFF,22102802,Attrition,2022-05-30T19:00:14,1470,35,26,0,a15d44ffb9cf72c919db2e4f4f014de5,7f5b8589ce467b5bbe23938b89aa310922f303b868af519b450288dc0e987ee8
43895,ibm-employee-performance,1,active,ARFF,22102803,PerformanceRating,2022-05-30T19:05:52,1470,34,25,1,eaf2f0942c3dad4a449742b17922f51f,69641192a18349ce1d905deeab1212e487d48901cdbcb26642c231535f96d6e0
43896,ibm-employee-attrition,3,active,ARFF,22102804,Attrition,2022-05-30T19:08:01,1470,35,26,9,e2f75851610902e637eac8236215ba6c,2eab9418f7e671a8ce4d5a0da52222983f37907ad80d8e0e0d8c8231655f68c6
43897,ibm-employee-performance,2,active,ARFF,22102805,PerformanceRating,2022-05-30T19:08:24,1470,34,25,9,f6b1998104e11dd40bd2683f442a375f,d963467f188b32b5dbb564ecd61c423f3391407ba3ba794cabed0a71fd711c74
43898,adult,3,active,ARFF,22102806,class,2022-05-31T13:48:33,48790,15,6,9,42877b16a790294d584b541043a2ea8f,56a86cdc3523114da6e337c7a88230f1db232877729c9e4cc7534a64f342becb
43900,amazon_employee_access,2,active,ARFF,22102808,ACTION,2022-05-31T18:27:00,32769,10,0,10,1b295a400fdea6fe0f9936f07f163062,005049544651e7a6a28e134f34915cb695dfa3c677f58f8ec4657984ea67c910
43901,click_prediction_small,11,active,ARFF,22102809,click,2022-05-31T21:08:33,39926,9,4,5,b7466cf5f7f3d710f56cfd541341a197,991b19bd2608f0e69d559a34489542967e964a00b6b308bd1617fdd2a40a0700
43903,Diabetes-130-Hospitals_(Fairlearn),2,active,arff,22102813,readmit_30_days,2022-06-01T10:32:44,101766,22,5,6,591e966373ea0acf0eb2c4ac833c3570,8407085978cdc19939042e61de0bed0e5162558244eed3525e5f240ebbfc2c10
43904,law-school-admission-bianry,3,active,ARFF,22102814,ugpagt3,2022-06-01T10:52:29,20800,11,5,6,743b49795f2fdb157915e4ca75ecfa53,0ec6dfb246da35545564cbc28711181494c719ae1a253d46cb964779c16d1e2f
43905,ibm-employee-performance,3,active,ARFF,22102815,PerformanceRating,2022-06-01T10:56:18,1470,33,24,9,302ddf5e1c08c25e70360a473b44af8f,67cbda16a98d026b6122120c9a98161fe4aecd5beea01a6224b80d9a54022984
43920,kdd_internet_usage,3,active,ARFF,22102968,who_pays_for_access_work,2022-06-04T12:13:13,10108,71,0,71,73a3737fbea6b100662d477857698f46,9ca20110b87ebff61214ebb446309eba2114f2635a5f1d873dd3013723d332e3
43922,mushroom,3,active,ARFF,22102970,class,2022-06-04T13:03:40,8124,23,0,23,3ac03f5929a9f64ccd787d0d4294a8ab,43cb3c5ad21c5bfbc91e2ded65802586bd72b11e56997f51a053fe8e695ec392
43941,anneal,5,active,ARFF,1,shape,2014-04-06T23:19:20,898,39,6,33,43b29a3eb09e8fac9a8525c3c83abec8,49c34357c4979dc0140e8971ef7af6a8128e4e899dd4a8e544acad795d4cdff2
43942,anneal,6,active,ARFF,1,shape,2014-04-06T23:19:20,898,39,6,33,43b29a3eb09e8fac9a8525c3c83abec8,feffc4059067c3a5e1dadb0c2b6ccade15c9db2537856f85923d76a14475705c
43945,electricity,2,active,arff,22103031,class,2022-06-15T20:29:01,38474,9,7,1,e80c7f6d22129526f4b7c6b62a480620,e4b1a15f48b03c477ac42b27edd0a9f5eb21f99f3e192d10e88014b6d5f1f1b5
43946,eye_movements,2,active,arff,22103032,label,2022-06-15T20:29:06,7608,24,20,3,eebd0086d7c6c5076b2a1027f8770022,3410e59e6ef646c8bd06e4b6ec16fb20925c12636463ba033fa79bfeb0403c0f
43947,KDDCup09_upselling,2,active,arff,22103033,UPSELLING,2022-06-15T20:29:12,5032,46,34,11,29f15767df59ea56af7ccea966d784cb,97dbc9a44b251c24983e36d9f63337e64cc64d419e34fd91e330d7bacf9aae9a
43948,covertype,5,active,arff,22103034,class,2022-06-15T20:30:07,423680,55,10,44,86b4088fcc002be15cc6413bdabf8603,51d22a3e1585019846c336c5d1fd3c8f4753e1a9d419b1f609262da5ed1f1471
43949,rl,2,active,arff,22103035,class,2022-06-15T20:30:13,4970,13,5,7,cceff4b7fe722271808c85ffacf0ff33,17afecec4643de25aa69b500b43bf11379c40b5499172e9b3ad0b3aebca3ec44
43950,electricity,3,active,arff,22103036,class,2022-06-15T20:33:15,38474,8,6,1,1be3d2fa126d6f95db2cbf0e54294086,156556654568e7f83964b8a5296c8ca744f0c4a969f95003ccff002a87c6adaf
43951,electricity,4,active,arff,22103037,class,2022-06-15T20:34:06,38474,8,6,1,1be3d2fa126d6f95db2cbf0e54294086,e0d90e0aec21af3df076ef1088859aa4d035f9f8821290f07c3c92c4b4be563a
43952,electricity,5,active,arff,22103038,class,2022-06-15T20:35:02,38474,8,6,1,1be3d2fa126d6f95db2cbf0e54294086,a9a56b18bc13a1b74d19ddc3f1a210a51c3c1748783c21d1f2226af09dde892c
43953,electricity,6,active,arff,22103039,class,2022-06-15T20:35:42,38474,8,6,1,1be3d2fa126d6f95db2cbf0e54294086,bd3bf78fc04ae06aca2616344546a2a89881b3d8eb4ded4e3204a8c8983cd65d
43956,pol,3,active,arff,22103042,binaryClass,2022-06-15T20:37:48,10082,27,26,0,d44c3c97123c0a9bb9299fa41902ca76,15d5a65945f14b0b6eb177426ae6fc2d19d61dbdeeb0f3d14032c0b47bdc8e0d
43957,house_16H,3,active,arff,22103043,binaryClass,2022-06-15T20:37:53,13488,17,16,0,19307a83269a57715425ff505f22b0b0,8e94a29a4ad814fda7b79f660ac0d88991b9f5a807f7aeb8c064083603dc319e
43958,kdd_ipums_la_97-small,2,active,arff,22103044,binaryClass,2022-06-15T20:37:58,5188,21,15,5,d09a8f7f28304ac03c01cdb3a4ed5553,a9e0c407a86a18724a7ee9889183c30b2ce2326ecb8a9fe681abea7c13ebe490
43960,Weather,16,active,arff,22103048,play,2022-06-16T06:17:11,14,5,2,3,f13dbfb7166622595044726ed79cabb3,5513f53310d60d52099d1c2f7ce21582a1392027073aaa20c743772247e0659f
43961,Weather,17,active,arff,22103049,play,2022-06-16T06:50:50,14,5,2,3,f13dbfb7166622595044726ed79cabb3,fa5c26ab23898c05a903b8c6b249257d70619dae6cfe73adc735b5c7e3549f39
43964,electricity,7,active,arff,22103052,class,2022-06-16T19:10:17,38474,8,6,1,1be3d2fa126d6f95db2cbf0e54294086,a338df79b9ddd38fc1520d7c5727f7b2dd81c1083714de3e7b00b162fb8ac354
43966,electricity,8,active,arff,22103054,class,2022-06-16T19:16:02,38474,8,6,1,1be3d2fa126d6f95db2cbf0e54294086,94f1d47afd7c1289aa38ed620db30c6d088bde65c1e622126ce00edead2f848f
43968,pol,4,active,arff,22103056,binaryClass,2022-06-16T19:19:19,10082,27,26,0,d44c3c97123c0a9bb9299fa41902ca76,30bd5a1329bdf9e49a9bedb735ba0dbfdd7c32eecd32da2054283a507698d8cd
43969,house_16H,4,active,arff,22103057,binaryClass,2022-06-16T19:19:26,13488,17,16,0,19307a83269a57715425ff505f22b0b0,9c9b43f3f0c30dc0925e9c90d8a39deb80f16a8b7f4389eaca36794a294f070e
43970,kdd_ipums_la_97-small,3,active,arff,22103058,binaryClass,2022-06-16T19:19:33,5188,21,15,5,d09a8f7f28304ac03c01cdb3a4ed5553,e590870ccd0e36c08d9530bc82af8e412fdc219c36e8f3b486de6f2c24012522
43971,MagicTelescope,2,active,arff,22103059,class,2022-06-16T19:27:02,13376,11,10,0,04fc65037eccf8bebbdc9aef9a662849,6b97a7bc8dfdd771972ce45edee8646ddcdc17017bad766a2356bc274f40a074
43972,bank-marketing,3,active,arff,22103060,Class,2022-06-16T19:27:08,10578,8,2,5,1fd1c25dc7647c90ca5b510d8262d6b2,298f2b20ff83dff029a551f9dbb9156303eac1ab97b65792a9c7f9352d1cb67f
43973,phoneme,2,active,arff,22103061,Class,2022-06-16T19:27:15,3172,6,5,0,df172d7e2dec604c27d07830eb2afd2a,c871961a43abe0b96efc3bbca49416a7e15cb7a00d7cbdc3bc2685b1532757c8
43974,MiniBooNE,2,active,arff,22103062,signal,2022-06-16T19:28:23,72998,51,50,1,cbc90ec77346f9008f4f77f4e933b8d7,09c71eeb7ecd82fe589fd793267e1a4f90517338944365f255e86c1c8acd4d25
43975,Higgs,4,active,arff,22103063,target,2022-06-16T19:36:26,940160,25,24,0,161d0227927a1368875eb87c1bd1a5a0,2a662306385793b92bfe610c397138769943580e0dfe0953d3759ee3f64e73ea
43976,eye_movements,3,active,arff,22103064,label,2022-06-16T19:36:34,7608,21,17,3,24ec1feb4ed65f4ffc55d2d9a86c979a,9b02209af9e9ae0e5da06674194b7516f08563568ed3c77531ccb38dd010f7ff
43977,jannis,2,active,arff,22103065,class,2022-06-16T19:37:11,57580,55,54,0,a340daea5478964d6b85ce8419853814,a9d5ca2936e527b8137c49e283a621b0c44578d27ac94e678bbaf5f5d559f6b7
43979,california,1,active,arff,22103067,price,2022-06-16T20:24:56,20634,9,8,1,a2cb1bd893c9a79816f752b9dae84a5c,332738e0336759642b2a2f829c46d24fea6b8234c68ccfa5fb3fa62a59436ae4
43980,wine,7,active,arff,22103068,quality,2022-06-16T20:25:11,2554,12,11,1,4c585edac2465d94c3cca4feaab85243,5a9775ffb513a3626c8efcb227e0c7791566cf8718e169447ab6eee0dcd81f5b
44033,electricity,9,active,arff,22103121,class,2022-06-18T12:44:01,38474,9,7,1,e80c7f6d22129526f4b7c6b62a480620,6b71fa57a8c5f9cae314f4b6e0deb6ac4b7e5c2769d52b24cf64b7b3548ee98f
44034,eye_movements,4,active,arff,22103122,label,2022-06-18T12:46:20,7608,24,20,3,eebd0086d7c6c5076b2a1027f8770022,12dc5966e7707c859beefc0ccb51bccd5019a0e24eb685c6c27cbf8da7572b98
44035,KDDCup09_upselling,3,active,arff,22103123,UPSELLING,2022-06-18T12:46:28,5032,46,34,11,29f15767df59ea56af7ccea966d784cb,b0f9aa05b2c361322216ed288db9b3a9af0f51e946e67920f3898f1a80dc8513
44036,covertype,9,active,arff,22103124,class,2022-06-18T12:48:29,423680,55,10,44,86b4088fcc002be15cc6413bdabf8603,3b60c0c95b5fadfca1d8143e9c1da5589a0f9d91863fe8520abe95c621945829
44037,rl,3,active,arff,22103125,class,2022-06-18T12:48:35,4970,13,5,7,cceff4b7fe722271808c85ffacf0ff33,679b289fddce6f294967c4131b8b12805dbac9810f725f557f653f34f4b2ffc5
44038,road-safety,5,active,arff,22103126,Sex_of_Driver,2022-06-18T12:49:10,111762,33,29,3,fcdb3d131c29448e37770c70f4939bac,89f8621a4dde06a350269ac4a80fa5645d903ee16aac5a467655746a2c4ee881
44070,MagicTelescope,3,active,arff,22103166,class,2022-06-21T11:29:14,13376,11,10,1,06b8af98e58586e77b2b629da122addb,92346e36f73f3b82d89ffe80d566b073f9689e8ca74f2aded7c1d99b725b5abe
44071,bank-marketing,4,active,arff,22103167,Class,2022-06-21T11:29:20,10578,8,2,6,47e117f1f1ed7b35b0ac417abb9bf4e2,2e3cb37018d101e9e982dde381092e66c30f32aaefa05cff758c16829a208cb5
44072,phoneme,3,active,arff,22103168,Class,2022-06-21T11:29:25,3172,6,5,1,6c83c567ed805b9576415fe6308da2e9,59d59f483fdc85f95790fac876daf0a6eb646036bfbfb53a4ba60935c0ea0c85
44073,MagicTelescope,4,active,arff,22103169,class,2022-06-21T11:32:18,13376,11,10,1,06b8af98e58586e77b2b629da122addb,10e5503ea8b423fe2bc8731e1c2932ea138b62cbe3034bed163f02120d029142
44074,bank-marketing,5,active,arff,22103170,Class,2022-06-21T11:32:24,10578,8,2,6,47e117f1f1ed7b35b0ac417abb9bf4e2,d0e1660ccc967f228f97031bc060aa16569c465bd78b7fe92b261b9ccdae5131
44075,phoneme,4,active,arff,22103171,Class,2022-06-21T11:32:29,3172,6,5,1,6c83c567ed805b9576415fe6308da2e9,2c1695ee57a21fb34f97a527836de9941584bcc2da061260224b666ac6ac3471
44076,MiniBooNE,3,active,arff,22103172,signal,2022-06-21T11:33:13,72998,51,50,1,e3f779812f03eda71f01ca8b53f9dbe9,ca729d4f51bd74a2536f97e765fa6e9744f06a8985abd87c4ca8ec0398cc3477
44077,Higgs,5,active,arff,22103173,target,2022-06-21T11:39:07,940160,25,24,1,1bce90ab017f867eb453c4106c1b0535,2727e7a0898ec02ea9b72437c85176b013cbd695a27b9b929d985919744aa1d9
44078,eye_movements,5,active,arff,22103174,label,2022-06-21T11:39:14,7608,21,17,4,9104a219001b668cb120f874ace99d67,1cbcfcc92bf0fafa20d479c5885aeec5313fd53d03dda33c9733ffbc1dc5d572
44079,jannis,3,active,arff,22103175,class,2022-06-21T11:39:49,57580,55,54,1,91015c674050e4e83e531bbb9b617477,49430c2eb71f9ad9fb35c75eedfb7dbf2df13e7ee0448515d41d47d46cb6b65f
44080,electricity,10,active,arff,22103176,class,2022-06-21T11:49:33,38474,8,6,2,b81b0ea36e63cd56c38c16bae1096850,9155359dce9b56645519410eba7752a870f6cce2a0b17d8e448f23e4ec087b56
44081,covertype,10,active,arff,22103177,Y,2022-06-21T11:51:27,566602,11,10,1,bce4a73aeb22238319436a2d189aa276,fde9a1fdfdc7738f5e02d8ce0ae6a3eb32439b7dfec3660b9f74b1716ea4be03
44082,pol,8,active,arff,22103178,binaryClass,2022-06-21T11:51:34,10082,27,26,1,9025cf927158295e5826f4cbc019ea3b,bd57356a6fdaca16073bde8da58ef6b474e4f8db34bf9a3cd2367bfed49ac97d
44083,house_16H,8,active,arff,22103179,binaryClass,2022-06-21T11:51:40,13488,17,16,1,0d70c108feff24cf9f55dc600d78f5e0,c2ed1de79a0002641adeec18b39b9f5bd54ba0eca6ea3c394d512c061c7353af
44084,kdd_ipums_la_97-small,4,active,arff,22103180,binaryClass,2022-06-21T11:51:46,5188,21,15,6,41fbb3a1b82fb0cf86f1ca1ea5438f7f,b387ace625515491955f372ce03142b881778c9b604bb1d6319c573fc8923251
44085,MagicTelescope,5,active,arff,22103181,class,2022-06-21T11:51:52,13376,11,10,1,06b8af98e58586e77b2b629da122addb,54e8d89de77c6c34495cb680ea166571d398d0ba07298ae8c978760bcab1fd34
44086,bank-marketing,6,active,arff,22103182,Class,2022-06-21T11:51:58,10578,8,2,6,fe3e409eb291fcc71e53a5cd1514f25a,65dc770c60f459fdd20c7bdad792bc0c270f0147a7a153490f2ce38cf9bba4f9
44087,phoneme,5,active,arff,22103183,Class,2022-06-21T11:52:04,3172,6,5,1,6c83c567ed805b9576415fe6308da2e9,747eabcf9af59137506acb75558390e4e8cdc0b09203161db17efd76d8717526
44088,MiniBooNE,4,active,arff,22103184,signal,2022-06-21T11:53:01,72998,51,50,1,e3f779812f03eda71f01ca8b53f9dbe9,d7e5476d880151f0f009f089a25bc6cb8e26409677dce5dafcf911ae0059fe95
44089,credit,2,active,arff,22103185,SeriousDlqin2yrs,2022-06-21T11:58:26,16714,11,10,1,da006838fdd166cf9cb7b5e1b18316bd,eafaa1b44a57f278f7b7cf37a0cc21f204265c6dc2875b56656a8e7ff34bb41e
44090,california,5,active,arff,22103186,price,2022-06-21T11:58:41,20634,9,8,1,91bc0afe344863de82b41027d1017107,9f3f853e9253f6a1dd7bdfc80449db18ebf9365ea379fb1b62f1c0f99a1858cc
44091,wine,8,active,arff,22103187,quality,2022-06-21T11:59:00,2554,12,11,1,3ae747bdf4a3d5c0b7a5869957fc00f5,cde2f7764c723e98555371bd945f257f8fa40d686abf6c2d70ec08d93db17b65
44092,Higgs,6,active,arff,22103188,target,2022-06-21T12:00:24,940160,25,24,1,1bce90ab017f867eb453c4106c1b0535,fe58525281af8b30d47dfa714744de043e36c81dec2720068db113f190960557
44093,eye_movements,6,active,arff,22103189,label,2022-06-21T12:00:31,7608,21,17,4,2fb2f673b6c1156bc7dbe672a7fac52a,2f915fcbd8ae9381fc271f63be787c9ae9e209aeb3b8737b7c0206cf8bb7a035
44094,jannis,4,active,arff,22103190,class,2022-06-21T12:01:04,57580,55,54,1,91015c674050e4e83e531bbb9b617477,48ef513342fdef1c61d7797d6cc2fc077ffe4dc6e694cdd544c58ea5700f6a69
44095,spambase_reproduced,1,active,arff,22103191,class,2022-06-21T23:31:44,4601,58,57,1,ace02092675667213b1c20e3e67639d3,2db2840e914012c59c61aa60f59be47adc0e7246168217d57ef1aa4eea34aab4
44096,credit-g,2,active,arff,22103192,class,2022-06-21T23:52:01,1000,21,7,14,091d74c8bc570da6b4f000cc71628571,9bbb93f0075067be9dc563daed03dc21a882a6492cbb40d24e572341adb62843
44097,credit-g_copy,1,active,arff,22103193,class,2022-06-21T23:52:53,1000,21,7,14,656950a46338c3404cab136f79baa208,77d33dba1c7ee2361d407d8c9cc1350d1e7aac8d9d563daa6433b5a336871949
44098,credit-g_reproduced_1,1,active,arff,22103200,class,2022-06-22T13:00:34,1000,21,7,14,373a22f87d2626f825d85007eb52a32b,d853de1a34484a357f7cd4ab6ff77462e482376ea60f9eb5e11f8184aef8cbb3
44111,electricity,11,active,arff,22103236,class,2022-07-05T17:12:44,38474,8,7,1,fbbe45f3d7aa9fd09a67768a2c0fb066,fafaa17d7b2ce7fc2e2d023678ff3fab6e0aabac6ce15f92203cd2d665c061dd
44112,covertype,11,active,arff,22103237,Y,2022-07-05T17:43:56,566602,11,10,1,bce4a73aeb22238319436a2d189aa276,c29803d3a69b5c9c19059f52557f4116c5b587dd42f253305203fb9032df031d
44113,pol,9,active,arff,22103238,binaryClass,2022-07-05T17:44:24,10082,27,26,1,9025cf927158295e5826f4cbc019ea3b,164b82491477c5bc25155fd3f9bc3c33cdb7661cb050a3d679ee1629208b3f24
44114,house_16H,9,active,arff,22103239,binaryClass,2022-07-05T17:45:05,13488,17,16,1,0d70c108feff24cf9f55dc600d78f5e0,d29ae3f7dc8ff29fd6ccc81fcf574fa713e55bf5b325cc03bedc59272dda6007
44115,kdd_ipums_la_97-small,5,active,arff,22103240,binaryClass,2022-07-05T17:45:19,5188,21,20,1,415b917e1f6c84df7a81696f4c960528,21c3c04761e77a0cae7f95a5be8ddf1f9549f1bb1cb7460d560e1196aaa98cc2
44116,MagicTelescope,6,active,arff,22103241,class,2022-07-05T17:45:42,13376,11,10,1,06b8af98e58586e77b2b629da122addb,14a3009d5f7c73cc425ef9771ec8db702c1246298f53c2088ba339ca5435416e
44117,bank-marketing,7,active,arff,22103242,Class,2022-07-05T17:45:53,10578,8,7,1,151c5ecbc2ef336d04e4b6b876ebfd7d,725de35eb163e504652ce650a5f639351bbdfd69b19745d24010c4046a096802
44118,phoneme,6,active,arff,22103243,Class,2022-07-05T17:46:00,3172,6,5,1,6c83c567ed805b9576415fe6308da2e9,8833194752cd226b871787a84888a512c2e540016bbcee66b4ccf69b6ad94419
44119,MiniBooNE,5,active,arff,22103244,signal,2022-07-05T17:58:03,72998,51,50,1,e3f779812f03eda71f01ca8b53f9dbe9,71526564338f4020c5920e93afaa5759ba9c8b82cc542a1def0d97d8df80b997
44120,electricity,12,active,arff,22103245,class,2022-07-05T20:21:31,38474,8,7,1,b93422d46d9c5beed183267991a58a86,e45d6e9a27bdf13e64f33beabdf3cb25d44e134429104b03cb8ff73c519b1e18
44121,covertype,12,active,arff,22103246,Y,2022-07-05T20:24:19,566602,11,10,1,5b76be41ab5ab6f07e2da268b60bc68d,cfc1e68b3b0ab705222e171eb28a9bc6f38fdeef1cdf9296704089d5dc599f0f
44122,pol,10,active,arff,22103247,binaryClass,2022-07-05T20:24:25,10082,27,26,1,f4c79b9d56e5eaea043a35cab068d2f5,4a65956be9e5d70c72136c9f24b44f7d1bd62b1a765ac0625b44301d7016a7cb
44123,house_16H,10,active,arff,22103248,binaryClass,2022-07-05T20:24:35,13488,17,16,1,f93bc9053ba80a086ff842a903a7d14f,f23626dbc39b6991834b97aaa359817051a9c5821dbfbade04dbe55469e9283b
44124,kdd_ipums_la_97-small,6,active,arff,22103249,binaryClass,2022-07-05T20:24:41,5188,21,20,1,1a0996163980421395de4554617ac40b,a54c752195db00d8f51e5fd95a66cd3d3f7802cad87936a98386e0cb7360879a
44125,MagicTelescope,7,active,arff,22103250,class,2022-07-05T20:24:47,13376,11,10,1,5c42cddeaee233a285dc8cb6334db6a0,da0c032d7a6a5675fa473dabe80fd4dbb0667ce9416e19c089ade4360dc974a9
44126,bank-marketing,8,active,arff,22103251,Class,2022-07-05T20:24:52,10578,8,7,1,80d50f9918a49aba6f7ab4dceb817857,f743ebe77e75c930532cbe06561c8a6c43220296709a52206d970ae5ed5d0323
44127,phoneme,7,active,arff,22103252,Class,2022-07-05T20:24:57,3172,6,5,1,0bde25422db6038cbbd8e7590901129b,45a39d16f6e3ae0ba5cd8b574798ff015d15041a78fc58e0b6c8f9ca6c19803c
44128,MiniBooNE,6,active,arff,22103253,signal,2022-07-05T20:26:09,72998,51,50,1,30628c0e601e1c4f1a9ea7dc0ca3db11,14b60974b1090a32e2013df300a47a9dbf16551076e7e74d5529e85fe65e84a0
44129,Higgs,7,active,arff,22103254,target,2022-07-05T20:44:33,940160,25,24,1,b50862f7a8d8cbed9bdbc39e1825789a,38b5417b3f4e9a19149a4be7f5d4c2c73bd16751ada6f23637c062787fe8b208
44130,eye_movements,7,active,arff,22103255,label,2022-07-05T20:44:42,7608,21,20,1,0b18833a0ad388d310a6b97dd2e34d0e,dcbad915b550725eff1e25ff7c13a6d3cf9ccdc7cad3cad6f21d94756e1842c8
44131,jannis,5,active,arff,22103256,class,2022-07-05T20:46:21,57580,55,54,1,26c9eabb5490a802f100b62e4a03cae6,96582abf9d7afec33640381fea9ddb22bf634003d67343e652094d45b0a5c200
44149,Heart_disease_prediction_20,1,active,arff,22103274,diag,2022-07-07T12:28:50,296,14,11,1,51068b78726e1e44a49185e8182dd539,22814e0917901d0f1b03a3a72a7919b4cc9a4884840c80cd4e120bd283629564
44155,credit-approval_reproduced,1,active,arff,22103280,class,2022-07-09T21:28:41,690,16,6,10,f61e95434eddcb07b84583865f2874da,ac40f8e0147958cbaf7666d9afa9b57ad0104c2ac8aba3e7edfa04c87574f45d
44156,electricity,13,active,arff,22103281,class,2022-07-10T10:34:54,38474,9,7,2,c472290c7285a9d9921fe7f91c7df5a1,3e790b1903901d6a0326259f3838158d316dd871fdd4eed695af421d8404c776
44157,eye_movements,8,active,arff,22103282,label,2022-07-10T10:35:06,7608,24,20,4,08002b43d354499da10046dcf78b6ce0,ca806975862430af65ad1d4c29d36a21dd25648671e52a287a1528a8ed245a5d
44158,KDDCup09_upselling,4,active,arff,22103283,UPSELLING,2022-07-10T10:35:25,5032,46,34,12,d35cd830ab24092e070bea5e5bff8a2b,69a4ae9e9053ae52d1d1627e0cb1be7932b7b68a69661710effc6aa8b76fbed5
44159,covertype,13,active,arff,22103284,class,2022-07-12T15:50:09,423680,55,10,45,3b113cdf856c5282331a3538b6dabef9,81e8270826745e647bf89d70f7a4ea77c90a3d369db7f0fc1f57422fd0aa48bf
44160,rl,4,active,arff,22103285,class,2022-07-12T15:50:33,4970,13,5,8,22afaddd7cee1d23d136419141a821e5,28ee79e74ae176fd83583dfe713a5fb2a29c075375e4644a41209ea7848743ab
44161,road-safety,6,active,arff,22103286,Sex_of_Driver,2022-07-12T15:56:25,111762,33,29,4,315f331aa22b4679e9b00d2709ae69bd,7e46c1ab09505438f0288445ffb856c3caedc8f45c874c70cf080987d2faa85a
44162,compass,3,active,arff,22103287,is_recid,2022-07-12T16:54:53,16644,18,8,10,46af0566eec6b55b93ecc40507fae9bd,9ed95134963d5ef0c696ff1c093cb5fe274196105795d637d6a3dc0853b87821
44185,KDDCup09_upselling,5,active,arff,22103360,UPSELLING,2022-07-25T07:59:42,5032,46,34,12,d35cd830ab24092e070bea5e5bff8a2b,8888d932d372e40665a8cf7bc93e642d15cdf2167357f88ac727829e4c3bcc89
44186,KDDCup09_upselling,6,active,arff,22103361,UPSELLING,2022-07-25T08:15:57,5128,50,34,16,418f8201940472924dc9e02308b6770e,7a364ea17c10b64155aacc9d91bd785ca73c608dd550764596daaaf0223daf11
44193,Weather,18,active,arff,22103386,play,2022-08-26T16:24:27,14,5,2,3,f13dbfb7166622595044726ed79cabb3,875b4308ed6269fc2ac828d2145eef3542891b101b434194f913dc3021de9495
44195,Weather,19,active,arff,22103388,play,2022-08-26T16:59:27,14,5,2,3,f13dbfb7166622595044726ed79cabb3,b07a6573818ce4a2d5a1332fe04569ee2c96551b6fb3004c1b4abfe9ed604590
44224,MembershipWoes,1,active,arff,22106809,MEMBERSHIP_STATUS,2022-10-05T16:09:18,10362,15,8,0,841622436a058743a4f6cca0b006742a,ef29b1d6ea2f794c7e249f558c9195ae17e5d4f96c38e6b9aef90e2ac38a639e
44225,MembershipWoes,2,active,arff,22106810,MEMBERSHIP_STATUS,2022-10-05T16:17:22,10362,15,8,0,841622436a058743a4f6cca0b006742a,ac1ec0316334914fabfd1cb09137bba3e960e785be083770d8e10657e89c95f0
44226,NewspaperChurn,1,active,arff,22106811,Subscriber,2022-10-05T16:17:35,15855,19,4,0,b773b05686f95b7fe80778874767e603,3c97e093543544ac004ce7310ea78bc248a3690a482a1b1f707d7073e814b7ab
44227,South_Asian_Churn_dataset,1,active,arff,22106812,Class,2022-10-05T18:52:08,2000,14,9,0,ce1d118cef20b1b1088260b1c073165b,bf0380edced2622f569899d347376f99cbf3fa53fe1607f3e82ed214a48b225f
44232,UCI_churn,1,active,arff,22106817,churn,2022-10-05T19:37:33,3333,21,16,1,68f2cfca61d2d1fafb102080498e3eb0,85983cab6424b24584442f821a29ad3e4d8255dca6ad87c3a26f165d5a9ea456
44234,Bank_marketing_data_set_UCI,1,active,arff,22106819,y,2022-10-05T20:32:56,45211,17,7,0,eee0f50d8be586652c0c1b62adf6ae9c,faa225b604fa24e4c10f0bf2200665bf704545044d0e02ce738f8a1e74a9aae7
44257,anneal,7,active,ARFF,1,shape,2014-04-06T23:19:20,898,39,6,33,43b29a3eb09e8fac9a8525c3c83abec8,fd7e6dc949b060404a34fc80d810e4613a62068ebbc9d3f377c44a1a13bc4e66
44258,anneal,8,active,ARFF,1,shape,2014-04-06T23:19:20,898,39,6,33,43b29a3eb09e8fac9a8525c3c83abec8,26608040202051b01545c759faca3d6bf5249d7d60df680adee1745bb39ee9f2
44259,anneal,9,active,ARFF,1,shape,2014-04-06T23:19:20,898,39,6,33,43b29a3eb09e8fac9a8525c3c83abec8,34a6f7a1fc288a03d6e80a77e7cb5bdc33171d061e654bc213a478ba9cd7fd88
44260,anneal,10,active,ARFF,1,shape,2014-04-06T23:19:20,898,39,6,33,43b29a3eb09e8fac9a8525c3c83abec8,060eeabe383579720e2aff04450fa1a0f245107ca6e288f3d0e551136833acfd
44261,anneal,11,active,ARFF,1,shape,2014-04-06T23:19:20,898,39,6,33,43b29a3eb09e8fac9a8525c3c83abec8,7288be53095fe5fb44dfc61bde63acab1c0362e67c8ad86e1bc3c94fcfb1baa4
44262,anneal,12,active,ARFF,1,shape,2014-04-06T23:19:20,898,39,6,33,43b29a3eb09e8fac9a8525c3c83abec8,04a09e7295d119fc05ce083a04c329325f0cfb47f6bc778e379443e5175c6d81
44263,anneal,13,active,ARFF,1,shape,2014-04-06T23:19:20,898,39,6,33,43b29a3eb09e8fac9a8525c3c83abec8,1fbbfa3e9e8f9a2b90f50d42abac06c0d41f87841a588ce3b7a1b3cb4238815e
44264,anneal,14,active,ARFF,1,shape,2014-04-06T23:19:20,898,39,6,33,43b29a3eb09e8fac9a8525c3c83abec8,046dd0f1a1fe1284dad00f2153bcb9fceb76223dce66e8acd86a7d0891bcbd88
44265,anneal,15,active,ARFF,1,shape,2014-04-06T23:19:20,898,39,6,33,43b29a3eb09e8fac9a8525c3c83abec8,97b18d60e4f84a68ac9cd2d28696bb8389cb4d34ad067e29f93d2635d2b0fa4a
44266,anneal,16,active,ARFF,1,shape,2014-04-06T23:19:20,898,39,6,33,43b29a3eb09e8fac9a8525c3c83abec8,10da607ee6a1f92760805962da5f9bc0f4f5b44ae968017ac87d07e5d921c160
44268,anneal,17,active,ARFF,1,shape,2014-04-06T23:19:20,898,39,6,33,43b29a3eb09e8fac9a8525c3c83abec8,986736e48cb523caa51ee90ed2bebeed5b7173575008d69a34aa885cc39282d4
44345,credit,3,active,arff,22111107,SeriousDlqin2yrs,2022-11-17T16:52:34,2000,11,10,1,989dfcdcbc61d31fc4645b44cd55e265,d218856587461a3655eb5037e70f09692964ea71553c606d87712e41b719f2a3
44346,credit,4,active,arff,22111108,SeriousDlqin2yrs,2022-11-17T16:53:21,2000,11,10,1,989dfcdcbc61d31fc4645b44cd55e265,c4fcf5410571e25e618f22cffc5303f74a928f78cd922e901359156e16c8f9a4
44347,credit_seed_0_nrows_2000_nclasses_10_ncols_100_stratify_True,1,active,arff,22111109,SeriousDlqin2yrs,2022-11-17T16:59:08,2000,11,10,1,98da305631bfc5ded7aa5b72eeb28ece,e2ffe0e5adf2dd000174d8985fc97dccc52ca13d3b503caceaab8b52a44d2526
44348,credit_seed_0_nrows_2000_nclasses_10_ncols_100_stratify_True,2,active,arff,22111110,SeriousDlqin2yrs,2022-11-17T17:01:13,2000,11,10,1,98da305631bfc5ded7aa5b72eeb28ece,69438bb713ef6d0fd531638c7ab0066551abb5c2690c6dff8e8344c7227be29d
44349,credit_seed_1_nrows_2000_nclasses_10_ncols_100_stratify_True,1,active,arff,22111111,SeriousDlqin2yrs,2022-11-17T17:14:12,2000,11,10,1,2f3c3ca9785426b89b6f95c96177807a,efa2fde7bf1f546659e73bfe6b970ee2fc2e230afd7422c74678513e382d4953
44350,credit_seed_2_nrows_2000_nclasses_10_ncols_100_stratify_True,1,active,arff,22111112,SeriousDlqin2yrs,2022-11-17T17:14:17,2000,11,10,1,12ee3859224423a443e2647bba829c06,6c8c4a8af1e6c3e187a27b8edf9b091a5026632944d869515e7c8ee359bdb0b5
44351,credit_seed_3_nrows_2000_nclasses_10_ncols_100_stratify_True,1,active,arff,22111113,SeriousDlqin2yrs,2022-11-17T17:14:21,2000,11,10,1,ac87e69f098a60ae1cbc68e75140361c,f04b9ca575b4ae1941356a42c9530d4ed0df39dc33f02ceb7723ee1e42fe4645
44352,credit_seed_4_nrows_2000_nclasses_10_ncols_100_stratify_True,1,active,arff,22111114,SeriousDlqin2yrs,2022-11-17T17:14:26,2000,11,10,1,5d57505eaec1fab2b5b545ec00e67c24,98879bfd3c1ea1c626f26c0ffa50a3405fd717d61d5cb8462de386b3ffb14fff
44353,credit_seed_0_nrows_2000_nclasses_10_ncols_100_stratify_True,3,active,arff,22111115,SeriousDlqin2yrs,2022-11-17T17:20:16,2000,11,10,1,98da305631bfc5ded7aa5b72eeb28ece,fb2899d0408e953e16244ca7ccbfcfff10f64cc4b52e93339259cd45f81ecef2
44354,credit_seed_1_nrows_2000_nclasses_10_ncols_100_stratify_True,2,active,arff,22111116,SeriousDlqin2yrs,2022-11-17T17:20:20,2000,11,10,1,2f3c3ca9785426b89b6f95c96177807a,11313151d10fd3ff68da3e5062ec180df333d3288fee03ba6d81784354a4f6ca
44355,credit_seed_2_nrows_2000_nclasses_10_ncols_100_stratify_True,2,active,arff,22111117,SeriousDlqin2yrs,2022-11-17T17:20:25,2000,11,10,1,12ee3859224423a443e2647bba829c06,3c28a271169ef404e7a9716159444bd410e7ea8adb223b6c0c6324dcfc5c0f3f
44356,credit_seed_3_nrows_2000_nclasses_10_ncols_100_stratify_True,2,active,arff,22111118,SeriousDlqin2yrs,2022-11-17T17:20:29,2000,11,10,1,ac87e69f098a60ae1cbc68e75140361c,5c41f8b449add21917c40fc10bbd604b4cc788ac886081339446f3269d261532
44357,credit_seed_0_nrows_2000_nclasses_10_ncols_100_stratify_True,4,active,arff,22111119,SeriousDlqin2yrs,2022-11-17T17:23:10,2000,11,10,1,98da305631bfc5ded7aa5b72eeb28ece,e1fb2309c38a79cd51b1bfe88dfbcccfc4ac015ff5565b4321a8718aa8d3945c
44358,credit_seed_1_nrows_2000_nclasses_10_ncols_100_stratify_True,3,active,arff,22111120,SeriousDlqin2yrs,2022-11-17T17:23:15,2000,11,10,1,2f3c3ca9785426b89b6f95c96177807a,17f2c24bb57cbe90395b45a54db173d9f52e343f7cc76a32d50981784c424a56
44359,credit_seed_2_nrows_2000_nclasses_10_ncols_100_stratify_True,3,active,arff,22111121,SeriousDlqin2yrs,2022-11-17T17:23:19,2000,11,10,1,12ee3859224423a443e2647bba829c06,1da92f4a5b77badcfbb1f29b4367127d8e5b46907550dd3880fbe3d614476afa
44360,credit_seed_3_nrows_2000_nclasses_10_ncols_100_stratify_True,3,active,arff,22111122,SeriousDlqin2yrs,2022-11-17T17:23:24,2000,11,10,1,ac87e69f098a60ae1cbc68e75140361c,2c096b21e68884f02b93d92b3b8d6663a71df1267c4da0069556a1f8bc5ae971
44361,credit_seed_4_nrows_2000_nclasses_10_ncols_100_stratify_True,2,active,arff,22111123,SeriousDlqin2yrs,2022-11-17T17:23:28,2000,11,10,1,5d57505eaec1fab2b5b545ec00e67c24,9cae1df24fb4c8f10133ca561e66d7a66262092943a9e048b733bc95af5ec2ab
44362,california_seed_0_nrows_2000_nclasses_10_ncols_100_stratify_True,1,active,arff,22111124,price,2022-11-17T17:32:29,2000,9,8,1,fc00f8ea71ed68680f806310d42a8cbd,c08d29004759732556427d65fbb9a1f0c59afab6a4f94d0a653f7ca0aee1899f
44363,california_seed_1_nrows_2000_nclasses_10_ncols_100_stratify_True,1,active,arff,22111125,price,2022-11-17T17:32:34,2000,9,8,1,20b6ea2a6ac1e054b3bb737407cd9440,81bfcee40d10be69d716da2405a8d36dd2bb675fd88ba1013ffde78dd855082a
44364,california_seed_2_nrows_2000_nclasses_10_ncols_100_stratify_True,1,active,arff,22111126,price,2022-11-17T17:32:39,2000,9,8,1,4bfd589928fade157f13d1b37eb42701,85b38e4f74cc83d58410c5794fb2ce64467fdde63996eb320fb408815caceaeb
44365,california_seed_3_nrows_2000_nclasses_10_ncols_100_stratify_True,1,active,arff,22111127,price,2022-11-17T17:32:43,2000,9,8,1,0c4567ce9bd3626f6c5eae5ae713b552,a203b434cace019acb4e741f7c9c7c9c99a9d5c7ddb1922d989c6a4cc7007483
44366,california_seed_4_nrows_2000_nclasses_10_ncols_100_stratify_True,1,active,arff,22111128,price,2022-11-17T17:32:48,2000,9,8,1,d7093836676d5a1f63009d2ea0b96f77,9325cfe4818daacc4fce506c6c4b5b6c9fce32ee3a0fae6da8c68d4a76e77f71
44367,wine_seed_0_nrows_2000_nclasses_10_ncols_100_stratify_True,1,active,arff,22111129,quality,2022-11-17T17:55:45,2000,12,11,1,9b43daf6839423f8d2a51e869c59b6e8,93e9f6aec66e404dc8c92a0fa5f3fc2ab9df8e2fb4e063127e30f5c85d93f47d
44368,wine_seed_1_nrows_2000_nclasses_10_ncols_100_stratify_True,1,active,arff,22111130,quality,2022-11-17T17:55:49,2000,12,11,1,4810af2d11c8416d3976ce70851ef391,a234806d525ec7499c556207b0c07589e57e98e9310c07e8cf78cd6e490252ec
44369,wine_seed_2_nrows_2000_nclasses_10_ncols_100_stratify_True,1,active,arff,22111131,quality,2022-11-17T17:55:53,2000,12,11,1,999e732f0597ca3d97ba6a1bfc110b93,8fc7cd7d0ab88c021e1af061d31880c8b4fecd7861b82a9ef53f6cf17d414bb8
44370,wine_seed_3_nrows_2000_nclasses_10_ncols_100_stratify_True,1,active,arff,22111132,quality,2022-11-17T17:55:58,2000,12,11,1,7bba2eea2b7a9b2fc41b0c5bcb0e8d57,747ea56eb75300d83354f772e3a004652259274be53bd04fbc434848d6c17d6b
44371,wine_seed_4_nrows_2000_nclasses_10_ncols_100_stratify_True,1,active,arff,22111133,quality,2022-11-17T17:56:02,2000,12,11,1,424bd8fd01be2ce0ad43b2191f8bf6bd,2329a1628f34355510dacf88860a848ee65f18260075e6bf3ed5d11250a29a80
44372,electricity_seed_0_nrows_2000_nclasses_10_ncols_100_stratify_True,1,active,arff,22111134,class,2022-11-17T17:56:08,2000,8,7,1,f8226ef59d662ac4360d36fe514c1885,25833443f53853901f58216df43013a125c5c527ca3128d1bfc1d405ff8f36d0
44373,electricity_seed_1_nrows_2000_nclasses_10_ncols_100_stratify_True,1,active,arff,22111135,class,2022-11-17T17:56:12,2000,8,7,1,251535cdb47b145f297b5729c93b4c63,8bd4385cc049fba23287996f2514c5c02ebe21b30d9f3890bc7cdb4ed1ce435e
44374,electricity_seed_2_nrows_2000_nclasses_10_ncols_100_stratify_True,1,active,arff,22111136,class,2022-11-17T17:56:17,2000,8,7,1,d6b39eb3d89d650502d36b6f57f39796,1fef5c35506468e06962b6c2670e15360cbe17c941dee7f5dc899edb6aa8bb28
44375,electricity_seed_3_nrows_2000_nclasses_10_ncols_100_stratify_True,1,active,arff,22111137,class,2022-11-17T17:56:22,2000,8,7,1,2ed09b8bcbfca4e38d338439be147428,179763c9364388c684f1203206534fc2ce9f82be22b27f4d448dc7475b857f99
44376,electricity_seed_4_nrows_2000_nclasses_10_ncols_100_stratify_True,1,active,arff,22111138,class,2022-11-17T17:56:27,2000,8,7,1,847dec42a92d2048adcc9890746370ba,347708abf81fda0330745ff65db1076c1bca9262cf9b8ba9e3c9e4b12f076e2c
44377,covertype_seed_0_nrows_2000_nclasses_10_ncols_100_stratify_True,1,active,arff,22111139,Y,2022-11-17T17:56:32,2000,11,10,1,40df614224f1c937e8d478c0c9e6620d,08a8b144c4ef00ba4cefa44ba60b1a0fdb4940226d74801c428cf002534b6e49
44378,covertype_seed_1_nrows_2000_nclasses_10_ncols_100_stratify_True,1,active,arff,22111140,Y,2022-11-17T17:56:37,2000,11,10,1,c91af8ba6a01447019703e131d54d626,140b845b15eed4b383c179550e585ea62face0ebb614152e324e902e985991e9
44379,covertype_seed_2_nrows_2000_nclasses_10_ncols_100_stratify_True,1,active,arff,22111141,Y,2022-11-17T17:56:42,2000,11,10,1,7046cfbcad2cfa207c4263a71d469eb1,64ee4e2a09f5ae669a312eebb42d08ca2693d17a44b0fd562bbd34afe3b26d5e
44380,covertype_seed_3_nrows_2000_nclasses_10_ncols_100_stratify_True,1,active,arff,22111142,Y,2022-11-17T17:56:47,2000,11,10,1,77194976d885644729d1b9061d5fa595,ce4039c8e852c295a1cbac51bc3ba47caf8de7eaa584f866190ab3949ace65e5
44381,covertype_seed_4_nrows_2000_nclasses_10_ncols_100_stratify_True,1,active,arff,22111143,Y,2022-11-17T17:56:52,2000,11,10,1,4b6b77d9b48605cf12dabede24d75f45,9c81940716095ae08dd419be3a2074b634e24e9276a44b789db470b3b02e4a36
44382,pol_seed_0_nrows_2000_nclasses_10_ncols_100_stratify_True,1,active,arff,22111144,binaryClass,2022-11-17T17:56:57,2000,27,26,1,39f8914dfdf163dc3191e9c4af0b170c,f5ba2b95bb5e99b8f882832b89106e0a56faaab1e928065ea9ce35cdc4227970
44383,pol_seed_1_nrows_2000_nclasses_10_ncols_100_stratify_True,1,active,arff,22111145,binaryClass,2022-11-17T17:57:01,2000,27,26,1,c1f8c748a07fe7c76a5bd4b77ed50512,b7cb595ad802abb6831e5eeef41fd817dc812760cdfb9d81c70c386e81a13737
44384,pol_seed_2_nrows_2000_nclasses_10_ncols_100_stratify_True,1,active,arff,22111146,binaryClass,2022-11-17T17:57:06,2000,27,26,1,b756de117f36b8c0eef328af93990d4c,93991e17636a9b715dd5014f0da42575d371fa4e8225996101687d76cdea7fe8
44385,pol_seed_3_nrows_2000_nclasses_10_ncols_100_stratify_True,1,active,arff,22111147,binaryClass,2022-11-17T17:57:11,2000,27,26,1,f4329942d358f44f213e9d24b6a73244,aa668a0f1730a3433a8183cc4f9c256402cc8a899a9937cae0a5e54826480d5d
44386,pol_seed_4_nrows_2000_nclasses_10_ncols_100_stratify_True,1,active,arff,22111148,binaryClass,2022-11-17T17:57:16,2000,27,26,1,f17d97f8414bed3a392901b41c5b1204,17b24f6fb434d019d6b940d96e8574048dc7f4a030dd7059b2fb62ac8fca807c
44387,house_16H_seed_0_nrows_2000_nclasses_10_ncols_100_stratify_True,1,active,arff,22111149,binaryClass,2022-11-17T17:57:21,2000,17,16,1,f3bdba495dafdc8486169aeb93547f4f,2ba0673c2bdb5bc0c1ec196e206360fe484b28edd163108cef2cf62b759da7bb
44388,house_16H_seed_1_nrows_2000_nclasses_10_ncols_100_stratify_True,1,active,arff,22111150,binaryClass,2022-11-17T17:57:26,2000,17,16,1,670a0efead02c663d6227a2ea96f82ca,3803fdcc1efcf83232ecf3b7742a35f27cad2a0d3ee02dca6573abaa755e0781
44389,house_16H_seed_2_nrows_2000_nclasses_10_ncols_100_stratify_True,1,active,arff,22111151,binaryClass,2022-11-17T17:57:31,2000,17,16,1,49b7119fce209bd692cd010df8dd94fe,d36a45ee48e4139b00cea7cf83f5f2a2a9e9b64fcd55a15b86bb7acf84fb7968
44390,house_16H_seed_3_nrows_2000_nclasses_10_ncols_100_stratify_True,1,active,arff,22111152,binaryClass,2022-11-17T17:57:36,2000,17,16,1,023e8989dc539679e3860b66c005b348,8866b50f3a361764ef831130f8e095bc315320415a57aa221b3764be655bf9a0
44391,house_16H_seed_4_nrows_2000_nclasses_10_ncols_100_stratify_True,1,active,arff,22111153,binaryClass,2022-11-17T17:57:40,2000,17,16,1,dfea393504eda9119dc7b4fdb1f0c167,e4bdac235ed99f882c942ba05ceae97f21beb2d22c1a44c7642570c7ef33efa3
44392,kdd_ipums_la_97-small_seed_0_nrows_2000_nclasses_10_ncols_100_stratify_True,1,active,arff,22111154,binaryClass,2022-11-17T17:57:44,2000,21,20,1,f16677fb13a6351951b06e530e498678,4d359b483b9923daae468a6d9b30cb891d0d742bcfd071aa2213539d65f0eba3
44393,kdd_ipums_la_97-small_seed_1_nrows_2000_nclasses_10_ncols_100_stratify_True,1,active,arff,22111155,binaryClass,2022-11-17T17:57:49,2000,21,20,1,f7a1b38339ef60b9f0c9ffa4777c9c94,ab4dcd331d77e4e30affcf97884e8f30fc6b904b40564ae4c4e021f3f5411c3d
44394,kdd_ipums_la_97-small_seed_2_nrows_2000_nclasses_10_ncols_100_stratify_True,1,active,arff,22111156,binaryClass,2022-11-17T17:57:53,2000,21,20,1,d1d37f53bc376efca1377862a7de810e,26c42c912b31d57c64f033c104d4c8024eeec0bd4ecce905a5357806cac20f63
44395,kdd_ipums_la_97-small_seed_3_nrows_2000_nclasses_10_ncols_100_stratify_True,1,active,arff,22111157,binaryClass,2022-11-17T17:57:57,2000,21,20,1,28636a947f46b9da5be643d633dbdecd,2c04b03154ff4fdb498c31262f56ddf817670ab1e9f26c2089e49699b3f38b29
44396,kdd_ipums_la_97-small_seed_4_nrows_2000_nclasses_10_ncols_100_stratify_True,1,active,arff,22111158,binaryClass,2022-11-17T17:58:01,2000,21,20,1,5d6c29428fc0d7d82e5a5042c877edac,aaa7d04ec27e767ca3aff62b947c784ea412d9393eff5e20712a93ee880e4912
44397,MagicTelescope_seed_0_nrows_2000_nclasses_10_ncols_100_stratify_True,1,active,arff,22111159,class,2022-11-17T17:58:06,2000,11,10,1,f60cdf9e377dad65fa78d2d02027c791,68aa0945e9665f698716cc2f178e42fcd17b18f9380e257a8885ba224810e68b
44398,MagicTelescope_seed_1_nrows_2000_nclasses_10_ncols_100_stratify_True,1,active,arff,22111160,class,2022-11-17T17:58:10,2000,11,10,1,a96fdc9c113a2037715771aa2557301f,88a17fa5d795c034d42d4c72c0e13f5cbf42fc9e928013b52a47a49f64a159f8
44399,MagicTelescope_seed_2_nrows_2000_nclasses_10_ncols_100_stratify_True,1,active,arff,22111161,class,2022-11-17T17:58:15,2000,11,10,1,e00f0950f86f17e75f7fc39c2a15ed83,4106f703cb961bc6f84070756498573930e3006ed866417f5b9f42db44231ece
44400,MagicTelescope_seed_3_nrows_2000_nclasses_10_ncols_100_stratify_True,1,active,arff,22111162,class,2022-11-17T17:58:20,2000,11,10,1,d85c36e948082ef92994bcacfa562fdd,4f07fb757d37deb7ebd829cae1aeb1ef18c1aa37c4f5c44be9e1b962294bd506
44401,MagicTelescope_seed_4_nrows_2000_nclasses_10_ncols_100_stratify_True,1,active,arff,22111163,class,2022-11-17T17:58:25,2000,11,10,1,540f1c4b71f4b2946921c1d280a17835,87251d4b533ab84ae46d5d2bbdbdcfd940cd67c1ab9d4328fbe038628236c4c0
44402,bank-marketing_seed_0_nrows_2000_nclasses_10_ncols_100_stratify_True,1,active,arff,22111164,Class,2022-11-17T17:58:29,2000,8,7,1,eb425f50eebf533e2272caecad2a4a51,e9a3e43d464bfc77e38878db182e91402c2a197f346637563225f6a33da8aeca
44403,bank-marketing_seed_1_nrows_2000_nclasses_10_ncols_100_stratify_True,1,active,arff,22111165,Class,2022-11-17T17:58:33,2000,8,7,1,065cc1b40413c024a45fbe5e106c9490,cafe3816e52b637eac53a348d87708e9fe9aefb02ce5a3026e29180974b15d86
44404,bank-marketing_seed_2_nrows_2000_nclasses_10_ncols_100_stratify_True,1,active,arff,22111166,Class,2022-11-17T17:58:37,2000,8,7,1,b153fd13e94590238d0bcd74064b2e3c,6a8c757bdbd2560256171ff118a5e41f6b23310a1bee2d514fca351542aee149
44405,bank-marketing_seed_3_nrows_2000_nclasses_10_ncols_100_stratify_True,1,active,arff,22111167,Class,2022-11-17T17:58:42,2000,8,7,1,6a5b659a5a33cbf3b184638144623cf3,e0e016c1f1c987ed816aaa96e8e6b1232fad82eb360490e59662d99f772c4332
44406,bank-marketing_seed_4_nrows_2000_nclasses_10_ncols_100_stratify_True,1,active,arff,22111168,Class,2022-11-17T17:58:46,2000,8,7,1,3953ee02e1e261d73b6e48e97fab5718,d37eddfcb79fc7b6f2b8ab91896a4fcdf05c925deaad64fbfbd78d53f6b94b31
44407,phoneme_seed_0_nrows_2000_nclasses_10_ncols_100_stratify_True,1,active,arff,22111169,Class,2022-11-17T17:58:50,2000,6,5,1,4da4c28378f2193f7836b7051136ccc1,39ce3a7ab22185abab0113f279c738b9decfc33fda7874b0e381ad0346561db9
44408,phoneme_seed_1_nrows_2000_nclasses_10_ncols_100_stratify_True,1,active,arff,22111170,Class,2022-11-17T17:58:54,2000,6,5,1,fb3075b39494cb335c51a38251ab12ff,bc875fd4f64ea7e70bfea6cac020ff5078669be441b5bf532c1bc62484682cc5
44409,phoneme_seed_2_nrows_2000_nclasses_10_ncols_100_stratify_True,1,active,arff,22111171,Class,2022-11-17T17:58:58,2000,6,5,1,bb3388429b73b44f1b07281ad0c89359,9077caccd5e380999269b875ac0b7a59a1259923aa77cec098919aaad1cdf393
44410,phoneme_seed_3_nrows_2000_nclasses_10_ncols_100_stratify_True,1,active,arff,22111172,Class,2022-11-17T17:59:03,2000,6,5,1,d08700ba475a7296e31c4961978b232f,ea4d8ce290a8b23fba845e683428c992a5c147f333464363b1fa2f27065a146d
44411,phoneme_seed_4_nrows_2000_nclasses_10_ncols_100_stratify_True,1,active,arff,22111173,Class,2022-11-17T17:59:07,2000,6,5,1,6c849a81c1c2852740c058868b57577a,423e93e6313276db323b679def9a7074f99f8bde66e5d6d462dbed7243b8ac46
44412,MiniBooNE_seed_0_nrows_2000_nclasses_10_ncols_100_stratify_True,1,active,arff,22111174,signal,2022-11-17T17:59:12,2000,51,50,1,1996d4b7162810f62e03429a249e3a65,3457f0843a71eced6219c08432fd5ed4c652e50389238bf003c85f761bfbc8b0
44413,MiniBooNE_seed_1_nrows_2000_nclasses_10_ncols_100_stratify_True,1,active,arff,22111175,signal,2022-11-17T17:59:17,2000,51,50,1,31eaaf86e280369a5942595ad74893be,fa8ebb36e4a4bba09be8db8069508ba429aeb8a3c96dfdca72dec60ebfe05e83
44414,MiniBooNE_seed_2_nrows_2000_nclasses_10_ncols_100_stratify_True,1,active,arff,22111176,signal,2022-11-17T17:59:22,2000,51,50,1,5a8843ccfb274bc9f7644346727b2144,60eda264c6c203bec9a4b6a8e507097181d411b39a0e7d2d407258cb85db593c
44415,MiniBooNE_seed_3_nrows_2000_nclasses_10_ncols_100_stratify_True,1,active,arff,22111177,signal,2022-11-17T17:59:27,2000,51,50,1,50274b91bf66f9f4bb9e5c41394f2820,fb3fc5bd2bfdc2c78b309ebe890602841b2a3668f2e7f60da6ddef006a72aa3d
44416,MiniBooNE_seed_4_nrows_2000_nclasses_10_ncols_100_stratify_True,1,active,arff,22111178,signal,2022-11-17T17:59:32,2000,51,50,1,161d692e0df8efdc022a86fccbbe9f4a,c0d21c1d9059b6b1dd98fcfe68c136d495d8c9ec29b506a505b6665f1253053f
44417,Higgs_seed_0_nrows_2000_nclasses_10_ncols_100_stratify_True,1,active,arff,22111179,target,2022-11-17T17:59:38,2000,25,24,1,2967d50a69e8be1cd3ace95d5ed31bd9,1b0885fcd90d17270068f8aebfe20d78b35023e9c57e6ae5fb09d4e483cfd150
44418,Higgs_seed_1_nrows_2000_nclasses_10_ncols_100_stratify_True,1,active,arff,22111180,target,2022-11-17T17:59:43,2000,25,24,1,5866cf9414f6808730018949b26c9383,1a65b07931cc13ee852dbe1d430c00c4f8842a9ef064a64ea809d344b578af24
44419,Higgs_seed_2_nrows_2000_nclasses_10_ncols_100_stratify_True,1,active,arff,22111181,target,2022-11-17T17:59:49,2000,25,24,1,7b96de69efb2912a545d2a12cc67eb39,05365faa47d73e7223bfdcff7241cdf62ce50c5317cb44414e9633bd1e8f268d
44420,Higgs_seed_3_nrows_2000_nclasses_10_ncols_100_stratify_True,1,active,arff,22111182,target,2022-11-17T17:59:54,2000,25,24,1,e370e9029b73e05bd39dc869224b94b6,3ba5b252d2811f77e28177887d00417cfa73f1032166dac9023cf44831e4ba33
44421,Higgs_seed_4_nrows_2000_nclasses_10_ncols_100_stratify_True,1,active,arff,22111183,target,2022-11-17T17:59:59,2000,25,24,1,c6a48c9674f36045f7b84b345ed14af3,c8d4f25e454bd6d015eb324c0e789e31aff4339ae9b58dd5b00c4eeab2c37df7
44422,Higgs_seed_4_nrows_2000_nclasses_10_ncols_100_stratify_True,2,active,arff,22111184,target,2022-11-17T18:00:03,2000,25,24,1,c6a48c9674f36045f7b84b345ed14af3,f3c44ca1f5640461586c550b1dbcd54d8e198acac0081d1b50489dc1dd0e18a4
44423,eye_movements_seed_0_nrows_2000_nclasses_10_ncols_100_stratify_True,1,active,arff,22111185,label,2022-11-17T18:00:08,2000,21,20,1,b4f308b73b90ac5ff0b8f77f6447857a,5e3221e134c4aa00d5b307bff90583dbd05bbaa71316e4e3db3891da18e4c208
44424,eye_movements_seed_1_nrows_2000_nclasses_10_ncols_100_stratify_True,1,active,arff,22111186,label,2022-11-17T18:00:12,2000,21,20,1,f5ea75ba251e62cc63f22ba5a35ebb5e,a14559c289c36d8e1870c11b90ceb32e964cb7288c0690fce9f6f3947c4c81b8
44425,eye_movements_seed_2_nrows_2000_nclasses_10_ncols_100_stratify_True,1,active,arff,22111187,label,2022-11-17T18:00:17,2000,21,20,1,eceb140503ac7927eff206a2ca9ce7f8,e11187066c31c9e70a9324303558e0e884ba23b8a4fe5d3986d7c8710fc318af
44426,eye_movements_seed_3_nrows_2000_nclasses_10_ncols_100_stratify_True,1,active,arff,22111188,label,2022-11-17T18:00:22,2000,21,20,1,3d54c9df6543269091ae51645fc74782,bcf9f097b4ac3cd08302c59f8f8f144f76713046869f6e1b7af7efc013fe0a56
44427,eye_movements_seed_4_nrows_2000_nclasses_10_ncols_100_stratify_True,1,active,arff,22111189,label,2022-11-17T18:00:27,2000,21,20,1,68ac773b239ef75161117edc96383249,a67aff6bdeee0abe8d318ec028296e9f74afbdea488c87f9c8559d7026405cf7
44428,jannis_seed_0_nrows_2000_nclasses_10_ncols_100_stratify_True,1,active,arff,22111190,class,2022-11-17T18:00:31,2000,55,54,1,d9462bf860e892d131f4423823b7c781,822ff22bd110a7246d03f2f9b110abe90b074d2c696b5d76b7a2896ffb0819c7
44429,jannis_seed_1_nrows_2000_nclasses_10_ncols_100_stratify_True,1,active,arff,22111191,class,2022-11-17T18:00:38,2000,55,54,1,e29f62faa3a1b6e88a0a2772c8553fcd,af23fcfef8103776506e7066fada25445b4530c0195d2822a2368733fa95a2e3
44430,jannis_seed_2_nrows_2000_nclasses_10_ncols_100_stratify_True,1,active,arff,22111192,class,2022-11-17T18:00:43,2000,55,54,1,0c58b921f6e277b9359a42ca639fa9d7,81b6e4fc5fa8c59896d4c4a44cb0206a1f849245ad727452d1c9b09188c8c990
44431,jannis_seed_3_nrows_2000_nclasses_10_ncols_100_stratify_True,1,active,arff,22111193,class,2022-11-17T18:00:48,2000,55,54,1,b0b5a0d6bdc443ba8b73c3bde2fc3de8,6bdbc4c185f2fc82e1711f2086668d6eba53e2fb8852633f37b335b14d8b6108
44432,jannis_seed_4_nrows_2000_nclasses_10_ncols_100_stratify_True,1,active,arff,22111194,class,2022-11-17T18:00:52,2000,55,54,1,fe851938ce0a8470458f22fa247cd588,c32638478b708b970d2ae88af850a02b1a3caa3ea653484e3fa910b947a4bdcc
44433,electricity_seed_0_nrows_2000_nclasses_10_ncols_100_stratify_True,2,active,arff,22111195,class,2022-11-17T18:00:57,2000,9,7,2,81b047bdf953bbc66b5d907677b4d7d8,8988e2e094b841feb57bd52ab8f49dc1e8becf5efb2b00a80446c7153adddfb9
44434,electricity_seed_1_nrows_2000_nclasses_10_ncols_100_stratify_True,2,active,arff,22111196,class,2022-11-17T18:01:03,2000,9,7,2,b3fe2ad6cf8c8bfbf624073de4154c7d,837003042e76080bb3da5245d4928113d51656e1d856b5a40f018d05965d3727
44435,electricity_seed_2_nrows_2000_nclasses_10_ncols_100_stratify_True,2,active,arff,22111197,class,2022-11-17T18:01:08,2000,9,7,2,b1139dd378ea85717b8680a481aa8f9c,216b7eb2eb73e73169e809f2962d5ced5da460f7b7d7590aeeefb84eeb43d649
44436,electricity_seed_3_nrows_2000_nclasses_10_ncols_100_stratify_True,2,active,arff,22111198,class,2022-11-17T18:01:13,2000,9,7,2,a139d07c55bb2dbef6f11cb0dbba0784,376f680207a4a84b5564d82fd81401e32778f7d5939dede1fa315943f9614863
44437,electricity_seed_4_nrows_2000_nclasses_10_ncols_100_stratify_True,2,active,arff,22111199,class,2022-11-17T18:01:17,2000,9,7,2,3414c98954ec86e8fad32561af81c575,e2afee14caabf08f8e46ae843d38f388cb72ed719c47b926ae21a35fab266dc7
44438,eye_movements_seed_0_nrows_2000_nclasses_10_ncols_100_stratify_True,2,active,arff,22111200,label,2022-11-17T18:01:24,2000,24,20,4,69ca39cfce26a2cf82b1eafe6299fb93,7a903aa8c2b736614097666d3db9d748cd6890922dd9809c6bca5b585e9d3dc4
44439,eye_movements_seed_1_nrows_2000_nclasses_10_ncols_100_stratify_True,2,active,arff,22111201,label,2022-11-17T18:01:29,2000,24,20,4,168a6090ff2014fc7691f523fa566e95,ac35977c04329c2ba653bf36c0294131e621e00e2a561968cef84804528a5043
44440,eye_movements_seed_2_nrows_2000_nclasses_10_ncols_100_stratify_True,2,active,arff,22111202,label,2022-11-17T18:01:34,2000,24,20,4,f07d072bffc87f23c75e764e4d5ea767,81ea273a285d23aa58ecf5e7089c2a492e3c06585bc42e050d6ee2af4dc664f7
44441,eye_movements_seed_3_nrows_2000_nclasses_10_ncols_100_stratify_True,2,active,arff,22111203,label,2022-11-17T18:01:39,2000,24,20,4,dd6b3e274d69886c009835ccb3af8aaa,a4dacca335d61f05a01f1d9a436c6db78d75bbc704d7239bf826e4d67e7915e9
44442,eye_movements_seed_4_nrows_2000_nclasses_10_ncols_100_stratify_True,2,active,arff,22111204,label,2022-11-17T18:01:44,2000,24,20,4,eeafd5b94de38d43e67c3431d0dda795,146f430ae67d8528fe2e10f1fdb63962bb3d262c07c8d43cf21c935b469e7314
44443,covertype_seed_0_nrows_2000_nclasses_10_ncols_100_stratify_True,2,active,arff,22111205,class,2022-11-17T18:01:51,2000,55,10,45,f5fbf13fc81162a9610ca2fc3e18c808,7c1d6a4e29741818d991b6b60aa962c0b53d07562e94fc780d74a7cd9ef22163
44444,covertype_seed_1_nrows_2000_nclasses_10_ncols_100_stratify_True,2,active,arff,22111206,class,2022-11-17T18:01:56,2000,55,10,45,58c922f8fb63270283a3878d201a40fc,4fab01fe43a7e90cd9c2a56bd3a94a1d89359b5b65c7d96c481fc4e251be0207
44445,covertype_seed_2_nrows_2000_nclasses_10_ncols_100_stratify_True,2,active,arff,22111207,class,2022-11-17T18:02:01,2000,55,10,45,e0a940455ec20fb91d1d05673273300d,755a6ca61785bc36f34c800159f609b6a6e26fde1e357aae03e2487b4fc63398
44446,covertype_seed_3_nrows_2000_nclasses_10_ncols_100_stratify_True,2,active,arff,22111208,class,2022-11-17T18:02:07,2000,55,10,45,d6373f9709b0273ae25bee9f6a903713,b09f83f966a06aa50aea624bc64987f0e54f3250a9a9eeef64113bdeb5bd2344
44447,covertype_seed_4_nrows_2000_nclasses_10_ncols_100_stratify_True,2,active,arff,22111209,class,2022-11-17T18:02:14,2000,55,10,45,e70c12cbada5c4567933256c30b3da2c,63063c918f7ffe7daf8ae07943206d25f5496c23eb08579971d773b05f085d0d
44448,rl_seed_0_nrows_2000_nclasses_10_ncols_100_stratify_True,1,active,arff,22111210,class,2022-11-17T18:02:19,2000,13,5,8,db02a24cfebde9c0941022868ce80dc8,75a028b0fa8ef720519fadc8aa9c009a6b49303da53bee139e4d738c7fad1ee0
44449,rl_seed_1_nrows_2000_nclasses_10_ncols_100_stratify_True,1,active,arff,22111211,class,2022-11-17T18:02:23,2000,13,5,8,841b8181aec10cb17f23bbddb700da9a,5723bc51c7e6981593365bd926f322c9d1d6e444f19d7fe9e8ae17979109c666
44450,rl_seed_2_nrows_2000_nclasses_10_ncols_100_stratify_True,1,active,arff,22111212,class,2022-11-17T18:02:28,2000,13,5,8,6fb207f056a1bedba710610931d7a163,13557cd977bb0c5c3c97c34896608d2b43713730d1fc8dcaebf49766480138ec
44451,rl_seed_3_nrows_2000_nclasses_10_ncols_100_stratify_True,1,active,arff,22111213,class,2022-11-17T18:02:35,2000,13,5,8,7bda919a5d3aeaca8608e6e309dc4d57,66c95f5f4075fc5f4a4d27fe4ed8f552df293aa6746f57c3411b663491cbc1cc
44452,rl_seed_4_nrows_2000_nclasses_10_ncols_100_stratify_True,1,active,arff,22111214,class,2022-11-17T18:02:40,2000,13,5,8,f769a856b60e80a1415ad5c7cba4013a,df7c6a61f220df8e3059680712a58d5435ca8ac14176313219bf356467ccae92
44453,road-safety_seed_0_nrows_2000_nclasses_10_ncols_100_stratify_True,1,active,arff,22111215,Sex_of_Driver,2022-11-17T18:02:44,2000,33,29,4,f3240de912c27396720fe4346f876dd3,5086124ec246d2a53ae07c3ae576fe7c5bfc51f2de03b1de3afb407c32936ca8
44454,road-safety_seed_1_nrows_2000_nclasses_10_ncols_100_stratify_True,1,active,arff,22111216,Sex_of_Driver,2022-11-17T18:02:49,2000,33,29,4,b88deda75603b8f3bf4bf445cf55094c,6ea53a9a64f3b3b1cca7848cb274dae894a45a25b947a49f56ea8a98194edc61
44455,road-safety_seed_2_nrows_2000_nclasses_10_ncols_100_stratify_True,1,active,arff,22111217,Sex_of_Driver,2022-11-17T18:02:54,2000,33,29,4,9e275d91b2e6712271860b5e2c781471,3d088a86252d343035e10ae83cc6aa06d4df2fa571980cbe00272ce20adb7271
44456,road-safety_seed_3_nrows_2000_nclasses_10_ncols_100_stratify_True,1,active,arff,22111218,Sex_of_Driver,2022-11-17T18:03:01,2000,33,29,4,651531146f5c7eae728d5a223e524752,1cd53540101e991e1efccd79a8c647330fb96611c9ca65e454f26235d3027d7c
44457,road-safety_seed_4_nrows_2000_nclasses_10_ncols_100_stratify_True,1,active,arff,22111219,Sex_of_Driver,2022-11-17T18:03:06,2000,33,29,4,ce7da7abf276ae25203f67c02670bac2,b79822b8aa07e264031e7d1da8930d209f1b82ffb9d64ba136359a8644a37428
44458,compass_seed_0_nrows_2000_nclasses_10_ncols_100_stratify_True,1,active,arff,22111220,is_recid,2022-11-17T18:03:10,2000,18,8,10,3892404f8356b3d210e3a878b5d60aaa,02b9c173e0e4d2ad1ce5f8f2fc08ab741ece592d73621afd77d6e8937c4a2348
44459,compass_seed_1_nrows_2000_nclasses_10_ncols_100_stratify_True,1,active,arff,22111221,is_recid,2022-11-17T18:03:15,2000,18,8,10,ee4df96dbd68532d0dd90d0ba871a931,eeda57d51a6e7082d331e672986ab335cae1ebbdc2025b6a25e2f655d233c475
44460,compass_seed_2_nrows_2000_nclasses_10_ncols_100_stratify_True,1,active,arff,22111222,is_recid,2022-11-17T18:03:22,2000,18,8,10,b35ad5d957cea2dc80d178f3b20a52e3,a74306d5c29f97f68f9e1d1037dcaf622bbb7605145cc644488fdff6761775ef
44461,compass_seed_3_nrows_2000_nclasses_10_ncols_100_stratify_True,1,active,arff,22111223,is_recid,2022-11-17T18:03:27,2000,18,8,10,44a182fdbb71ca3fb02a53fd7d251c40,b911574e067675f81415ae5da51177999298f5c0d392f3678121e52b654f32d6
44462,compass_seed_4_nrows_2000_nclasses_10_ncols_100_stratify_True,1,active,arff,22111224,is_recid,2022-11-17T18:03:32,2000,18,8,10,a7274f603ce69cad19c266f926551ffa,f3645d51534e34fa1901060092e8e4cfe2930e9e34446e03d0fa4b30ca82213f
44463,KDDCup09_upselling_seed_0_nrows_2000_nclasses_10_ncols_100_stratify_True,1,active,arff,22111225,UPSELLING,2022-11-17T18:03:37,2000,50,34,16,15d350b0cfc3ab36d7ecae2ff840d887,ea97cb2c6ef5f149dcc6fb25293a098db538ad654648198f1f934b9615ff8f5b
44464,KDDCup09_upselling_seed_1_nrows_2000_nclasses_10_ncols_100_stratify_True,1,active,arff,22111226,UPSELLING,2022-11-17T18:03:42,2000,50,34,16,8595eca5e5108992fd9937c6e6dcf4a7,e8f7e2bba1c939b18330799c5d578e4f17c9e5d1d1aa32ccc0eff9a5b5dd8273
44465,KDDCup09_upselling_seed_2_nrows_2000_nclasses_10_ncols_100_stratify_True,1,active,arff,22111227,UPSELLING,2022-11-17T18:03:48,2000,50,34,16,8b028580556fd2eac89e4b0cc5ba3984,7e07a2e407cf2b55387dd2b4dd0108a831c4fed03e5642443c8e0b2bef14fa2d
44466,KDDCup09_upselling_seed_3_nrows_2000_nclasses_10_ncols_100_stratify_True,1,active,arff,22111228,UPSELLING,2022-11-17T18:03:52,2000,50,34,16,aa4edd2cb1a8ad02b4d9512e141771ca,bf6219c3cf90d73b5f29535521e42b65cb627fbc4c18f3f00377faf91a6d9af3
44467,KDDCup09_upselling_seed_4_nrows_2000_nclasses_10_ncols_100_stratify_True,1,active,arff,22111229,UPSELLING,2022-11-17T18:03:58,2000,50,34,16,5ef5c14ccc629a240fe03ec71e1a78ac,4d5f01030543e42d3f4136d5fa06389752cc4f041d2dd09014736dc9c1153506
44473,KDDCup09_appetency_seed_0_nrows_2000_nclasses_10_ncols_100_stratify_True,1,active,arff,22111235,APPETENCY,2022-11-17T18:21:25,2000,93,77,16,d7f6201e231a6d1b6c6d121c1306be26,75a332b79862832ea9f227dc81551c88a5494a61c1fd2c70ce4548e49ea67f11
44474,KDDCup09_appetency_seed_1_nrows_2000_nclasses_10_ncols_100_stratify_True,1,active,arff,22111236,APPETENCY,2022-11-17T18:21:31,2000,94,77,17,29a74443c249df5bfce0f80864ba1c69,9c3e5e810d43478f35be883b60fb3419ebdc1dc705ca3a1ee7d33af6c3baa27e
44475,KDDCup09_appetency_seed_2_nrows_2000_nclasses_10_ncols_100_stratify_True,1,active,arff,22111237,APPETENCY,2022-11-17T18:21:39,2000,92,79,13,0f0289fe5ee96f3f5a5ffe57ca043fbf,bbe4eb4cee2c54391cf456c0e08d7445955087acd40a795df63f4e914b533a01
44476,KDDCup09_appetency_seed_3_nrows_2000_nclasses_10_ncols_100_stratify_True,1,active,arff,22111238,APPETENCY,2022-11-17T18:21:45,2000,93,73,20,af09f80573fc86b6e6164c52c133ca7a,063047d5d9d9d7c1757b12cebda63c432e7863ef34060ad77874432358446e6c
44477,KDDCup09_appetency_seed_4_nrows_2000_nclasses_10_ncols_100_stratify_True,1,active,arff,22111239,APPETENCY,2022-11-17T18:21:51,2000,94,72,22,32b0d3ef023e8497a073a6162f72e420,e58421e54f104398491290c89eb9927acc3ac255fd2e8ad1726a0737e2d6eede
44483,Australian_seed_0_nrows_2000_nclasses_10_ncols_100_stratify_True,1,active,arff,22111245,A15,2022-11-17T18:22:18,690,15,6,9,4d4602d787415206c84db5b99d10131a,def5ef60fe7c19e377b73448b8c7d436a26671d8ea631430df5eede1677648e1
44484,Australian_seed_1_nrows_2000_nclasses_10_ncols_100_stratify_True,1,active,arff,22111246,A15,2022-11-17T18:22:22,690,15,6,9,bd67065ee19d14d3035f9936a496ebe6,e9d4f2523543b07a65667f35a2e8ae8673f1bca6c3890d3e0ad9a551ebac18b0
44485,Australian_seed_2_nrows_2000_nclasses_10_ncols_100_stratify_True,1,active,arff,22111247,A15,2022-11-17T18:22:26,690,15,6,9,d0c112ea873495154064b80667f24e99,1931f8eaf9fbd9c5851d7fc5fc081a4dc17655a80d9612354bcba640a6e6537f
44486,Australian_seed_3_nrows_2000_nclasses_10_ncols_100_stratify_True,1,active,arff,22111248,A15,2022-11-17T18:22:30,690,15,6,9,334237db0f91c8ae8054e42720c4ab7a,871ba0cb588dda6bd28125411a564f9db521e007192e4100af378efbc150564f
44487,Australian_seed_4_nrows_2000_nclasses_10_ncols_100_stratify_True,1,active,arff,22111249,A15,2022-11-17T18:22:34,690,15,6,9,fc7cb9abac44836cf16d26c98c7e7e7e,7c1635228658a7d2fd343d81be2badf96c114bb4e9689da3bd44f85ac9fbb62c
44488,wilt_seed_0_nrows_2000_nclasses_10_ncols_100_stratify_True,1,active,arff,22111250,class,2022-11-17T18:22:38,2000,6,5,1,debca3860c101a631ba969e1ab98b657,d671b7408aba66f34f2076608d06daaecfca330e81cae84663b6e3747a8cd7d0
44489,wilt_seed_1_nrows_2000_nclasses_10_ncols_100_stratify_True,1,active,arff,22111251,class,2022-11-17T18:22:42,2000,6,5,1,30d92f3b1d4c9dc2f6d606f43ee3f03e,0e931d58095d67aab7524c02e5d7610f686411bd21e04bb3dcab520407fb74c7
44490,wilt_seed_2_nrows_2000_nclasses_10_ncols_100_stratify_True,1,active,arff,22111252,class,2022-11-17T18:22:45,2000,6,5,1,963b24aa1332288e5aacd2ad202c0c50,cdd738a148fefd26fea8deff9e8ffacc0bedbc31760ce2b4ec024a4dd176d29f
44491,wilt_seed_3_nrows_2000_nclasses_10_ncols_100_stratify_True,1,active,arff,22111253,class,2022-11-17T18:22:49,2000,6,5,1,a0ec46609ff89cae931bb978a2bb1129,ea3061ac25c9e99606d618b356f9b39c92ed8e07ce21dcfe0430792e40bfbacf
44492,wilt_seed_4_nrows_2000_nclasses_10_ncols_100_stratify_True,1,active,arff,22111254,class,2022-11-17T18:22:53,2000,6,5,1,328d4b741eacc519e5d557e0940bf177,81a6bfd466a63295d296b37d99250f5b523543683aa72c1373a8a3d473c67874
44493,numerai28.6_seed_0_nrows_2000_nclasses_10_ncols_100_stratify_True,1,active,arff,22111255,attribute_21,2022-11-17T18:22:57,2000,22,21,1,b9d14d8178331ea3f33df222cbb02c01,6c33b48d53eb09f51b60ee9ca683f05e0ef46998d4c9d08a14b5712a6a512e04
44494,numerai28.6_seed_1_nrows_2000_nclasses_10_ncols_100_stratify_True,1,active,arff,22111256,attribute_21,2022-11-17T18:23:01,2000,22,21,1,048052128c7c141c9130c91b97aa8d19,bb7f5885ac267e7955441c063c9be974fc89734441872a41ed832a0971485f4b
44495,numerai28.6_seed_2_nrows_2000_nclasses_10_ncols_100_stratify_True,1,active,arff,22111257,attribute_21,2022-11-17T18:23:06,2000,22,21,1,36f33c34f353d75cdb173c10db00f0f4,0cf32cb18d1aff2ff99b23804ca893b7e0b7c1e90e15f9b4817fa5f683e1bc31
44496,numerai28.6_seed_3_nrows_2000_nclasses_10_ncols_100_stratify_True,1,active,arff,22111258,attribute_21,2022-11-17T18:23:10,2000,22,21,1,c9bb4e4ea23d26209faf1c90005611f3,e8e4ab12b973601d034eb5733b73999e0de98fe2ad7e8d08fe57aaedf1cba470
44497,numerai28.6_seed_4_nrows_2000_nclasses_10_ncols_100_stratify_True,1,active,arff,22111259,attribute_21,2022-11-17T18:23:15,2000,22,21,1,0fda602b3bf38d764cc3c1a08f96abf8,26163f754b65cf51a405db9688fb651754a7a9745f70d742c694f6209c4bcb90
44498,credit-g_seed_0_nrows_2000_nclasses_10_ncols_100_stratify_True,1,active,arff,22111260,class,2022-11-17T18:23:19,1000,21,7,14,5a48f1b963d3ff7faa2883ed376470a2,b598906053ac11f1e2373f2d773e725515b293832d41e49345b339297d294c09
44499,credit-g_seed_1_nrows_2000_nclasses_10_ncols_100_stratify_True,1,active,arff,22111261,class,2022-11-17T18:23:23,1000,21,7,14,b6f61562feba3fe436742db58300339e,4c9579d4b7c5d0bbfdad2e02a04e28b3d71f0a0f03f666c97ce5c2a54f805a1a
44500,credit-g_seed_2_nrows_2000_nclasses_10_ncols_100_stratify_True,1,active,arff,22111262,class,2022-11-17T18:23:27,1000,21,7,14,ded47f6e5da0dc133cee60d46b24c671,e5200dc5eb83511500451d1d1e1aebc5efaf27a23fbb214637ac282ebe29b053
44501,credit-g_seed_3_nrows_2000_nclasses_10_ncols_100_stratify_True,1,active,arff,22111263,class,2022-11-17T18:23:32,1000,21,7,14,937a37beda1eff89fb3447e333e6cf64,aad54db176399c8e81798c4851883a0ed778670da351ec46c90bf6f78e7ff218
44502,credit-g_seed_4_nrows_2000_nclasses_10_ncols_100_stratify_True,1,active,arff,22111264,class,2022-11-17T18:23:36,1000,21,7,14,295140e6db833b8d1f04a77df54a65bc,4bfb83d1e641899b7f5e41b448697f395e86a6a14e1dd4d51186ec2055a7b7b2
44508,APSFailure_seed_0_nrows_2000_nclasses_10_ncols_100_stratify_True,1,active,arff,22111270,class,2022-11-17T18:24:01,2000,101,100,1,6bbfc03d5e269ca8f381e1521e4dfe9e,9f97dfbcb3c4a756dd1745946bf1bb559918ed64d9e6272f7761815d9e8f4975
44509,APSFailure_seed_1_nrows_2000_nclasses_10_ncols_100_stratify_True,1,active,arff,22111271,class,2022-11-17T18:24:06,2000,101,100,1,b3d745f5eb0dc3186f03f4c25b74b74d,1fd43510ec26c5db8ae0531e1efa8c2cf5c54d2b818ee1882b6e11631bd7b67b
44510,APSFailure_seed_2_nrows_2000_nclasses_10_ncols_100_stratify_True,1,active,arff,22111272,class,2022-11-17T18:24:11,2000,101,100,1,af7b46045c74fcf432912119df97641c,e8dbf6fd09d63d3919f8002f67f5a0761796c401d1c96aeecab584a2a959bc15
44511,APSFailure_seed_3_nrows_2000_nclasses_10_ncols_100_stratify_True,1,active,arff,22111273,class,2022-11-17T18:24:16,2000,101,100,1,30cfa745909931ffc315a83e2c54ebb5,9a788b5eb4939c734a61fe7caddb421ec5c32c1313d34f6a88dbca627debf402
44512,APSFailure_seed_4_nrows_2000_nclasses_10_ncols_100_stratify_True,1,active,arff,22111274,class,2022-11-17T18:24:21,2000,101,100,1,9141547e387b954a9891731d1afb9867,c5a61bc0919f11b1a844622e051e7e12cafe4c8cca04ec078a0507172b7ec740
44523,jasmine_seed_0_nrows_2000_nclasses_10_ncols_100_stratify_True,1,active,arff,22111285,class,2022-11-17T18:25:14,2000,101,6,95,9ba8b74995015457b778a9d5b4167c80,8188a0e7ca020ae30d613fe45ee25b1d98458faef5a604e176bf6c513c27240f
44524,jasmine_seed_1_nrows_2000_nclasses_10_ncols_100_stratify_True,1,active,arff,22111286,class,2022-11-17T18:25:19,2000,101,6,95,74923f8c4c70c34736d06743f3eec642,a8a47675db14d122d71e174dab75c3ad8a19d4985c4dc2c5a3b10c47378b601f
44525,jasmine_seed_2_nrows_2000_nclasses_10_ncols_100_stratify_True,1,active,arff,22111287,class,2022-11-17T18:25:23,2000,101,6,95,ff374bd169af2f88dbf54edc2df5d29d,c447c3f2ec92caa86d9bca9592f604eecbccafc90f83dfd70d105cb6f1caa718
44526,jasmine_seed_3_nrows_2000_nclasses_10_ncols_100_stratify_True,1,active,arff,22111288,class,2022-11-17T18:25:27,2000,101,6,95,0d5327295b8948a987514ca75227b618,60221963c034301d77d7e782b69b454e409b6b895510f53685fd5b2d8634be7d
44527,jasmine_seed_4_nrows_2000_nclasses_10_ncols_100_stratify_True,1,active,arff,22111289,class,2022-11-17T18:25:32,2000,101,6,95,51646ef4e1acf41265780e9009887eca,6ca67ae2c5ce20cbeb3e8917aa7fc487e79ec099805fe887df6df0eed23eeead
44528,airlines_seed_0_nrows_2000_nclasses_10_ncols_100_stratify_True,1,active,arff,22111290,Delay,2022-11-17T18:25:36,2000,8,3,5,49d4e64e0be980f77a1f27e59e4b577b,c11ac3f3b8f87def2b6711f218421a8f777adc0fb4539e4d9ad756b4d7f0c87d
44529,airlines_seed_1_nrows_2000_nclasses_10_ncols_100_stratify_True,1,active,arff,22111291,Delay,2022-11-17T18:25:41,2000,8,3,5,f9920299da530fd6a2cc5f9bbe2c9683,e9ea20184bf1932dc4257f2f1561302b2ca368547b584dd59ea036a9dd7ad934
44530,airlines_seed_2_nrows_2000_nclasses_10_ncols_100_stratify_True,1,active,arff,22111292,Delay,2022-11-17T18:25:46,2000,8,3,5,b364d0c345e3ac6d5b67d7965a32b99c,bb9743f85f63c5f34cd894a28a4dace6465d2eeb55d15fd26aa9fa2e6187ac61
44531,airlines_seed_3_nrows_2000_nclasses_10_ncols_100_stratify_True,1,active,arff,22111293,Delay,2022-11-17T18:25:51,2000,8,3,5,fa4b1e54c9bbaeb2c498b45bfc191bac,4b8f597d11a8bf57b07c5d17a83869e6805dab1ef0a811cf6f6a60334818b554
44532,airlines_seed_4_nrows_2000_nclasses_10_ncols_100_stratify_True,1,active,arff,22111294,Delay,2022-11-17T18:25:55,2000,8,3,5,c70725cdcc9378adfc64ea87bef7185a,76c1b833d2a7335d51cf93497cf1f94299f876f4e9d31c753494836258cadde7
44538,albert_seed_0_nrows_2000_nclasses_10_ncols_100_stratify_True,1,active,arff,22111300,class,2022-11-17T18:27:26,2000,79,26,53,c7599a5cc68fa7b3100eb22f4d482e0c,cadb77053fbcc9391a489ad80f79ff93119490e2b5c691bb056097d0e7132c9a
44539,albert_seed_1_nrows_2000_nclasses_10_ncols_100_stratify_True,1,active,arff,22111301,class,2022-11-17T18:28:28,2000,79,26,53,f67af45753281649672be18e230fcc1d,1c510bd726420800a7800699b6b9dd9e47ea292c1495c97bd0e19804c3658109
44540,albert_seed_2_nrows_2000_nclasses_10_ncols_100_stratify_True,1,active,arff,22111302,class,2022-11-17T18:29:36,2000,79,26,53,6559cc21ba8cb74aca0fc6aa10c0960a,d4c9a8e8793d5f177c964d41bdab217c0e4379c9eddff458c4a476c411d92436
44541,albert_seed_3_nrows_2000_nclasses_10_ncols_100_stratify_True,1,active,arff,22111303,class,2022-11-17T18:30:44,2000,79,26,53,f571a935cc0d5d933d938ebf714f04a7,cc2f90af5a982ccf171dad9ee90b117dab51eafe0000773db1804e8111186aa5
44542,albert_seed_4_nrows_2000_nclasses_10_ncols_100_stratify_True,1,active,arff,22111304,class,2022-11-17T18:31:50,2000,79,26,53,bb66bc52de04a79fd52cb678426f5110,5b7e19b7500674979f087c0b82040fdfea061796c17bd9a9961657cadc84d1cb
44543,gina_seed_0_nrows_2000_nclasses_10_ncols_100_stratify_True,1,active,arff,22111305,class,2022-11-17T18:31:55,2000,101,100,1,9586e1ad6e2c5f98a84905504a9e8f4f,1f81cb10ca43b71793c37db3f65d92d052cca787a35dbee5557715e0d34f6d13
44544,gina_seed_1_nrows_2000_nclasses_10_ncols_100_stratify_True,1,active,arff,22111306,class,2022-11-17T18:31:59,2000,101,100,1,c008c94a5d1aa812e923327e83ea9792,84d4f54b67f519daf6a14b0f332867be45b10abfea1251e0480c97d255ac26d7
44545,gina_seed_2_nrows_2000_nclasses_10_ncols_100_stratify_True,1,active,arff,22111307,class,2022-11-17T18:32:04,2000,101,100,1,c8b1490e95a625e597cd692e9f2ec7c1,2f53c4165a6847dfc8bfe57786ea412d276ef14a024e09fdd33d23985d795334
44546,gina_seed_3_nrows_2000_nclasses_10_ncols_100_stratify_True,1,active,arff,22111308,class,2022-11-17T18:32:09,2000,101,100,1,49bf570060ada6521836d65dfad28333,ae98ffd4d1131655dbc8ae6c28e87d3997600753da7856142ccd3c8a8ffd6329
44547,gina_seed_4_nrows_2000_nclasses_10_ncols_100_stratify_True,1,active,arff,22111309,class,2022-11-17T18:32:13,2000,101,100,1,6abac100fbe7787bace2575f51d6ad61,618b00f33a43a9b4919a821c583403b33a2bcd4874e2321cd214cff96d3dce05
44548,ozone-level-8hr_seed_0_nrows_2000_nclasses_10_ncols_100_stratify_True,1,active,arff,22111310,Class,2022-11-17T18:32:18,2000,73,72,1,3e3219a9981d8d6b75a3738e8526c905,ed95d05f193c87bb79fac02f5445587402e5396ee06db85ae5f6767df2da7475
44549,ozone-level-8hr_seed_1_nrows_2000_nclasses_10_ncols_100_stratify_True,1,active,arff,22111311,Class,2022-11-17T18:32:22,2000,73,72,1,d856c564343f0d0b24ab25c0e187d4c3,78536a016dc7abe2ecbddba2cc0f99171ab2e59625dc0c03b237eff6b9e3a709
44550,ozone-level-8hr_seed_2_nrows_2000_nclasses_10_ncols_100_stratify_True,1,active,arff,22111312,Class,2022-11-17T18:32:26,2000,73,72,1,99534ae1297bce733d055532f9d2ca78,2da21e019ad894cdda107e51fd8ae4fca81d4ced7ec12fda1433fafde48e6dc7
44551,ozone-level-8hr_seed_3_nrows_2000_nclasses_10_ncols_100_stratify_True,1,active,arff,22111313,Class,2022-11-17T18:32:31,2000,73,72,1,a2d70f009dd5066a53d9c18c6835809e,ca9cd391c1e7c0191436f68fcc45b4e647e3369c471c227b056b50645fc80729
44552,ozone-level-8hr_seed_4_nrows_2000_nclasses_10_ncols_100_stratify_True,1,active,arff,22111314,Class,2022-11-17T18:32:35,2000,73,72,1,5a628fc4cb08a0d79b517840912a610a,3a90a35a65c65500c2c5a6486825a56d90ada2ef8331bc50a046f7932b374db3
44558,madeline_seed_0_nrows_2000_nclasses_10_ncols_100_stratify_True,1,active,arff,22111320,class,2022-11-17T18:33:02,2000,101,100,1,4f6c2884952c3898ed69fa36c636288d,a493ea5e858bfed65227cfc443f20de2af13ec59732d9041522948a1c966c3bb
44559,madeline_seed_1_nrows_2000_nclasses_10_ncols_100_stratify_True,1,active,arff,22111321,class,2022-11-17T18:33:06,2000,101,100,1,15788f82f9569a4c74aaab33eadd54e2,447388cb5d0499d99d5f00edfbf5222f4f5f95f84236ad9fbe6a271c51cac941
44560,madeline_seed_2_nrows_2000_nclasses_10_ncols_100_stratify_True,1,active,arff,22111322,class,2022-11-17T18:33:11,2000,101,100,1,ca8209f6a7ab460bbac838fab502a906,02f93d9ca1acbeabae6b37e47fc5dea943ffc2322c492bea45a69832bb412102
44561,madeline_seed_3_nrows_2000_nclasses_10_ncols_100_stratify_True,1,active,arff,22111323,class,2022-11-17T18:33:16,2000,101,100,1,669d49fe1b3aa294b70aedfd47572108,3d0851278369b16bfa790202104d1677faf1193ff252ee6ff9c62a9e0ffa468a
44562,madeline_seed_4_nrows_2000_nclasses_10_ncols_100_stratify_True,1,active,arff,22111324,class,2022-11-17T18:33:21,2000,101,100,1,ef60c2924bd330420db64ba0868b9019,0123ed85030ae133a9e439e0ef0c53c48e1cbbb69766c5e568530604a50d64cb
44563,philippine_seed_0_nrows_2000_nclasses_10_ncols_100_stratify_True,1,active,arff,22111325,class,2022-11-17T18:33:26,2000,101,100,1,cf0e183a2b4563f2df4bc8238b2dc4ad,7dc31cb56e310f4654917327ff4c6db1b315535b85b02c282aa94c7abc0bec35
44564,philippine_seed_1_nrows_2000_nclasses_10_ncols_100_stratify_True,1,active,arff,22111326,class,2022-11-17T18:33:31,2000,101,100,1,0f90033992932ea966aa0c6312c2207f,c094475115947a0829b413d1ab6185ccd41c76a4d6b285719393113cb1ccb80d
44565,philippine_seed_2_nrows_2000_nclasses_10_ncols_100_stratify_True,1,active,arff,22111327,class,2022-11-17T18:33:35,2000,101,100,1,6ea92a5bdf81576a27376fe0594a502d,05fa1a68ee591d3d6894651cd2d67b1dcfb6edc117678c56604992e905074a1c
44566,philippine_seed_3_nrows_2000_nclasses_10_ncols_100_stratify_True,1,active,arff,22111328,class,2022-11-17T18:33:40,2000,101,100,1,a8551756a3d7fb9cd874072d6739dfb6,b461c1f633b2a6607b465494b435fbaef3dde2ede9d9756b6de28b6b7ea04204
44567,philippine_seed_4_nrows_2000_nclasses_10_ncols_100_stratify_True,1,active,arff,22111329,class,2022-11-17T18:33:45,2000,101,100,1,a9f0e713a834cd38a4b7d38f7bce963a,1c7d70f7a5e16c600f8042985e4761502eb3053ebc3f57a8038b4c371cdf60ec
44568,ada_seed_0_nrows_2000_nclasses_10_ncols_100_stratify_True,1,active,arff,22111330,class,2022-11-17T18:33:49,2000,49,48,1,0ac3729434b3f8e6017e6b105e1d486b,fcbc6e5dc10405b89b2a60bc3b129fa9bfd6b670a968097edd9482e071514cf6
44569,ada_seed_1_nrows_2000_nclasses_10_ncols_100_stratify_True,1,active,arff,22111331,class,2022-11-17T18:33:53,2000,49,48,1,eab6744a55d7ba7562b84d64685f4873,804c8c156b02da729ad4b7640e0e76b10d0fec574c119d1076615f72afa4c920
44570,ada_seed_2_nrows_2000_nclasses_10_ncols_100_stratify_True,1,active,arff,22111332,class,2022-11-17T18:33:57,2000,49,48,1,8ef05cbaa19c46745b57c249ce5f5efb,de3edcd6242719eb87230349f34e6040997789366e0f0d7ae4fc7b56a45ca2f4
44571,ada_seed_3_nrows_2000_nclasses_10_ncols_100_stratify_True,1,active,arff,22111333,class,2022-11-17T18:34:02,2000,49,48,1,7e42e925a29c9953cca1d4631acb84d5,4114cccdbca097c2ed244ae5c1b45b2d1eef5b9faef747722862ab7cb70e3ce7
44572,ada_seed_4_nrows_2000_nclasses_10_ncols_100_stratify_True,1,active,arff,22111334,class,2022-11-17T18:34:06,2000,49,48,1,14899fba8c897c771ec5af0d336a5e4c,e7e25cc26bfe6c27fd153bba2f212d49c645db40342f2770eaf6bb56e609bc4b
44573,arcene_seed_0_nrows_2000_nclasses_10_ncols_100_stratify_True,1,active,arff,22111335,class,2022-11-17T18:34:12,100,101,100,1,14252e60ad027719830a8ec91d8b5e51,7b3c90c014cb7c3953ba82b1a6688b190732113c618a5ca5b3a1658909e8b87f
44574,arcene_seed_1_nrows_2000_nclasses_10_ncols_100_stratify_True,1,active,arff,22111336,class,2022-11-17T18:34:16,100,101,100,1,015d3f76271d4fce2acaa1c2b08a8822,1dc509fc90a759f65558377f1b76a839249a03b7b0b9bcce6de429352ca588e1
44575,arcene_seed_2_nrows_2000_nclasses_10_ncols_100_stratify_True,1,active,arff,22111337,class,2022-11-17T18:34:21,100,101,100,1,b1d83bbbf51ed8691515c0a083cd18b3,627f87abd753d23f1503c389abe69a760f8fb32db68c0bd7cfb41f5513f25087
44576,arcene_seed_3_nrows_2000_nclasses_10_ncols_100_stratify_True,1,active,arff,22111338,class,2022-11-17T18:34:25,100,101,100,1,51986ae38338e356b047214a85d5d654,e400d724b49085412803da4a07c78fe2a4071d6836543312b4f8e01f140167ee
44577,arcene_seed_4_nrows_2000_nclasses_10_ncols_100_stratify_True,1,active,arff,22111339,class,2022-11-17T18:34:29,100,101,100,1,2e8dedd4b71eaf9dbf8780e0276d5a90,543dfdb391474a88636b47184c408f8dd2eaf97494be57e473c0792238606367
44593,blood-transfusion-service-center_seed_0_nrows_2000_nclasses_10_ncols_100_stratify_True,1,active,arff,22111355,Class,2022-11-17T18:35:39,748,5,4,1,3fe05af45a800f8ba6fbc9c8d3f2c34f,f6690feb48305b23d71edc80727349d7809f5a2c1a6a2832bfe26ecf0e00cc48
44594,blood-transfusion-service-center_seed_1_nrows_2000_nclasses_10_ncols_100_stratify_True,1,active,arff,22111356,Class,2022-11-17T18:35:43,748,5,4,1,400a27478050acdb20449104eb3fc53d,201eafddd233cc1836ece6199a42947a262fe3ccb9dac710cbf7bfd5e8a10f2b
44595,blood-transfusion-service-center_seed_2_nrows_2000_nclasses_10_ncols_100_stratify_True,1,active,arff,22111357,Class,2022-11-17T18:35:47,748,5,4,1,d28e2ca83cca9e183977c11522a36759,ba0fd3158601c63d7adf0c2373b71721da22cc8a59ed915ba2556f5cd8589e55
44596,blood-transfusion-service-center_seed_3_nrows_2000_nclasses_10_ncols_100_stratify_True,1,active,arff,22111358,Class,2022-11-17T18:35:52,748,5,4,1,3ab6cdcd64e55ecd6f370a59bcf3379d,3a1efcf79402e6439b37bfcdca3425d07bea3b42a84dbccd1ce38652d2db067a
44597,blood-transfusion-service-center_seed_4_nrows_2000_nclasses_10_ncols_100_stratify_True,1,active,arff,22111359,Class,2022-11-17T18:35:56,748,5,4,1,98327c48ec3df2982da4b922e7dac106,525486ded54d66f50b4e22c604712549766a6fe9d0770a6d193f30910cc29a55
44598,qsar-biodeg_seed_0_nrows_2000_nclasses_10_ncols_100_stratify_True,1,active,arff,22111360,Class,2022-11-17T18:36:00,1055,42,41,1,7933a60451c14fc81b7f3755abcfe859,f63e30475c59f8e014e9b385799dd14d97c7f7721209a6e9ff1d8a1862daad2c
44599,qsar-biodeg_seed_1_nrows_2000_nclasses_10_ncols_100_stratify_True,1,active,arff,22111361,Class,2022-11-17T18:36:06,1055,42,41,1,9255abdf0c1a196ff9c1367861411e4f,706b90368db3246119c31c12eea99111c01e1da0d1984e283b002c2f9955a779
44600,qsar-biodeg_seed_2_nrows_2000_nclasses_10_ncols_100_stratify_True,1,active,arff,22111362,Class,2022-11-17T18:36:11,1055,42,41,1,3db94bb407d8ed53228b706deeeeeb52,02adbb8fc42a6e4ebda976faee226ca9d7b4a91be2b28b45fba082e26b796ec5
44601,qsar-biodeg_seed_3_nrows_2000_nclasses_10_ncols_100_stratify_True,1,active,arff,22111363,Class,2022-11-17T18:36:15,1055,42,41,1,4e3cfb32754559a9a0290d9d25bc94cd,aff2eb77e867c3d0985571ac022ad77a53d747ceb3ba1d288feb64710d7ae26b
44602,qsar-biodeg_seed_4_nrows_2000_nclasses_10_ncols_100_stratify_True,1,active,arff,22111364,Class,2022-11-17T18:36:20,1055,42,41,1,d0ebd00f1dd9821af742bad68a4da8c5,95120b0d1a229feda1cd42c7bd75f5acde054ca73e40a81a953d81635474a177
44608,pc4_seed_0_nrows_2000_nclasses_10_ncols_100_stratify_True,1,active,arff,22111370,c,2022-11-17T18:36:48,1458,38,37,1,cb6dc10f1462f47f69794f9214da6cd8,ec6d9dabe7bde97ef058af803840876b0b1e349ff9bb0cf31e7fc989cc4d3dbc
44609,pc4_seed_1_nrows_2000_nclasses_10_ncols_100_stratify_True,1,active,arff,22111371,c,2022-11-17T18:36:52,1458,38,37,1,5d81761bfb42f15cfce9925f8c1624e4,2029ced3947940a65a46d3201f13c3f252b99396cbe358466799ca1b6a597763
44610,pc4_seed_2_nrows_2000_nclasses_10_ncols_100_stratify_True,1,active,arff,22111372,c,2022-11-17T18:36:57,1458,38,37,1,91be4d016e10946891beb876289bd80d,a165917314bac2d3e5b4e617711c4fedb5d8927761dcb4e9a27941739c8957ab
44611,pc4_seed_3_nrows_2000_nclasses_10_ncols_100_stratify_True,1,active,arff,22111373,c,2022-11-17T18:37:01,1458,38,37,1,e227faf9759cdede4c790d4b85c0dc41,5eb8bd25f3d41c51a2f1bf308a34068baf1e940a114ceafc8202e08d004a0821
44612,pc4_seed_4_nrows_2000_nclasses_10_ncols_100_stratify_True,1,active,arff,22111374,c,2022-11-17T18:37:06,1458,38,37,1,825921c157dc7ced1c5243db7ae155e1,d4fe5bc9c65033ef78f38b6d77642bcb5f49eee0bbcbc4dc527737cbe2b989b5
44628,kc1_seed_0_nrows_2000_nclasses_10_ncols_100_stratify_True,1,active,arff,22111390,defects,2022-11-17T18:38:21,2000,22,21,1,cdb17c3517c909e4604d0b34f9516bcf,050ebe0a29387767a4641bab58ee9e5ca38886ab86f065b12f6729f49f32241c
44629,kc1_seed_1_nrows_2000_nclasses_10_ncols_100_stratify_True,1,active,arff,22111391,defects,2022-11-17T18:38:26,2000,22,21,1,02ad911b962cce1aba9322f021d6defe,de73cea215ab8ddd444f93296352066b83b4ece33b9845bb890739101e72bae1
44630,kc1_seed_2_nrows_2000_nclasses_10_ncols_100_stratify_True,1,active,arff,22111392,defects,2022-11-17T18:38:30,2000,22,21,1,f03eef617119fbd9c2f675b9233a4d79,fbb768d69762967ea858c8ab77aae11b417c454cb8f7b116a29af7b9b004da2c
44631,kc1_seed_3_nrows_2000_nclasses_10_ncols_100_stratify_True,1,active,arff,22111393,defects,2022-11-17T18:38:34,2000,22,21,1,0e9d994312caac8bf1508f2c7a6c934b,132a3f1d127610e12e0e7a8482f08c317c068ac378f5e1ad70a4406b8dfa5143
44632,kc1_seed_4_nrows_2000_nclasses_10_ncols_100_stratify_True,1,active,arff,22111394,defects,2022-11-17T18:38:39,2000,22,21,1,442646adb7af7edc8f09f3a2a3a8bb27,67403a557beb38168a1af0924f304847b252f7695b53e53c87197506db5d26ea
44643,kr-vs-kp_seed_0_nrows_2000_nclasses_10_ncols_100_stratify_True,1,active,arff,22111405,class,2022-11-17T18:39:31,2000,37,0,37,ad5c2f3c141078ff3078c304e7d2a5b0,770f851ac16b6dc3333eaf205cb30f24aedcd7c79a396504439024ac319e3385
44644,kr-vs-kp_seed_1_nrows_2000_nclasses_10_ncols_100_stratify_True,1,active,arff,22111406,class,2022-11-17T18:39:35,2000,37,0,37,dfbc6dd214ca4521a4a8bfdbfbc0b6b9,2f1a46184fdc780e1238d6b13a0d622f84608888fa479aa86dfd17e7a906b38e
44645,kr-vs-kp_seed_2_nrows_2000_nclasses_10_ncols_100_stratify_True,1,active,arff,22111407,class,2022-11-17T18:39:40,2000,37,0,37,81bfbbf9278339a22c6b12858f75bb1c,c3179a9c84c9ac97cc8d556f47c22c51f50a8609012bddefe4f4357b8ac8d8dc
44646,kr-vs-kp_seed_3_nrows_2000_nclasses_10_ncols_100_stratify_True,1,active,arff,22111408,class,2022-11-17T18:39:45,2000,37,0,37,c89b432ec2959046468178d78e12c5eb,b3da9207f2cd2f592f17e0f9c20023f7b85a116f1ff85092a1f66bc2d5acda36
44647,kr-vs-kp_seed_4_nrows_2000_nclasses_10_ncols_100_stratify_True,1,active,arff,22111409,class,2022-11-17T18:39:49,2000,37,0,37,a166644c7f5541eb37af34b0bc4341df,dbd1dc6cdff6f6b8e9da5c67f3379685adc1922dbaa8145bf5a4e9a44ca8d7f1
44648,Internet-Advertisements_seed_0_nrows_2000_nclasses_10_ncols_100_stratify_True,1,active,arff,22111410,class,2022-11-17T18:39:54,2000,101,0,101,05ec600d6fdbb153c586f519f1ecaeb7,4828c15a67dd94879992f2da3b9f5813b3bfcc329a753707baec7e154a8ffd3f
44649,Internet-Advertisements_seed_1_nrows_2000_nclasses_10_ncols_100_stratify_True,1,active,arff,22111411,class,2022-11-17T18:39:59,2000,101,0,101,8e007c5bc55c25dd299a814a85cafd3e,f67b1ca17672dc8c142154f596f4a224eb279e30240897890bffe105f9cb24b7
44650,Internet-Advertisements_seed_2_nrows_2000_nclasses_10_ncols_100_stratify_True,1,active,arff,22111412,class,2022-11-17T18:40:04,2000,101,0,101,0504670b58c99871782c0275ca82ec23,ac9c47f53139d87c44fbd6129fa643c7d9a218e090f8a7f41fb9998d59673963
44651,Internet-Advertisements_seed_3_nrows_2000_nclasses_10_ncols_100_stratify_True,1,active,arff,22111413,class,2022-11-17T18:40:10,2000,101,1,100,de932903cd58364b809a19c6b4dcd9e3,50dc863cdf473b153d12a75aef2f213e4d749bbffb18351ba586084ce7475f02
44652,Internet-Advertisements_seed_4_nrows_2000_nclasses_10_ncols_100_stratify_True,1,active,arff,22111414,class,2022-11-17T18:40:15,2000,101,0,101,27c27690a9b2ab144f594241ef3de81d,f19fdc93a9daead9131e20adc69e4ed1f86d7082bf1832958dda2d1187861a73
44653,Bioresponse_seed_0_nrows_2000_nclasses_10_ncols_100_stratify_True,1,active,arff,22111415,target,2022-11-17T18:40:20,2000,101,100,1,078f615890359805bb5891f53bf8b519,78f20c89f90cfbe2f3d8c73f9b4bf73921fe85fbf5c648ebd0851042b326c6d6
44654,Bioresponse_seed_1_nrows_2000_nclasses_10_ncols_100_stratify_True,1,active,arff,22111416,target,2022-11-17T18:40:25,2000,101,100,1,86a866087aff0d37507b48e119579c1d,e9b4e2dbc34a2603e4baa33bf9958bf47dd070f0e92ea6a5383003dbda77bb5e
44655,Bioresponse_seed_2_nrows_2000_nclasses_10_ncols_100_stratify_True,1,active,arff,22111417,target,2022-11-17T18:40:30,2000,101,100,1,537e1e0ec2b862598cec2eecff08bdfc,95a166229702156eb321c87d0014f0426e6392cf4485f3936b35e17cab10c04c
44656,Bioresponse_seed_3_nrows_2000_nclasses_10_ncols_100_stratify_True,1,active,arff,22111418,target,2022-11-17T18:40:34,2000,101,100,1,c3ee925bcb705455c9677cd704fa4819,b573f32bc5fecd296ca65cb12581b55147861b8f9d66f32379d7489cd4194abc
44657,Bioresponse_seed_4_nrows_2000_nclasses_10_ncols_100_stratify_True,1,active,arff,22111419,target,2022-11-17T18:40:39,2000,101,100,1,8ba81ac8bbe43a2d4a016c800e9e82c3,f729597291808ddb3de730028e7ae9e9f76af5027bb38259af6f7e8e3da7e701
44658,churn_seed_0_nrows_2000_nclasses_10_ncols_100_stratify_True,1,active,arff,22111420,class,2022-11-17T18:40:44,2000,21,16,5,f03cd2997dccdc4d07f2f19d54d9247c,57f18c7d54dbd2bdf7aa1df975212e22c2e7a66423c89b6aacac486487aad6e8
44659,churn_seed_1_nrows_2000_nclasses_10_ncols_100_stratify_True,1,active,arff,22111421,class,2022-11-17T18:40:48,2000,21,16,5,8b31f8af071846a245122896cb64c9bd,de94051a8aee0d000dde859f8cb71f911cdf3423d4b8e6b14e6822db3e595adb
44660,churn_seed_2_nrows_2000_nclasses_10_ncols_100_stratify_True,1,active,arff,22111422,class,2022-11-17T18:40:52,2000,21,16,5,af73e756327539ee71e2d32b50ec55a0,b62db99b0637333bc12508ca93949ec2d51aad4412396dc2c8a99fde80e3fd0f
44661,churn_seed_3_nrows_2000_nclasses_10_ncols_100_stratify_True,1,active,arff,22111423,class,2022-11-17T18:40:56,2000,21,16,5,a3877348a40f19f95e31af453ee1c8e8,bd340e74dbbfa1b12b7f2ae2053c52ce322a03071f19c81c2dc6c1d70353d116
44662,churn_seed_4_nrows_2000_nclasses_10_ncols_100_stratify_True,1,active,arff,22111424,class,2022-11-17T18:41:01,2000,21,16,5,2b82b2fef450e6c8f7ae31019e869e49,fc61845857d508f3d384227f8e456215642941f7650d895a88290eb2ed5ba2eb
44673,PhishingWebsites_seed_0_nrows_2000_nclasses_10_ncols_100_stratify_True,1,active,arff,22111435,Result,2022-11-17T18:41:53,2000,31,0,31,680a1d7a49a93a60ad80e67cce354b6f,026272bedc74c093d37ae20bce694d0b9ca6d41df699bc7133c7b1788e84dae4
44674,PhishingWebsites_seed_1_nrows_2000_nclasses_10_ncols_100_stratify_True,1,active,arff,22111436,Result,2022-11-17T18:41:58,2000,31,0,31,368ab55e947480d9a2867c0db5ea6d79,41eaf272353cdec166637f4bab17f42c48f8d9bd57ec0c4179ca748bb55461f9
44675,PhishingWebsites_seed_2_nrows_2000_nclasses_10_ncols_100_stratify_True,1,active,arff,22111437,Result,2022-11-17T18:42:03,2000,31,0,31,67e6ba52fe499c25dca6e8a9222384bf,fa285a3a743cd7a7966d24fc070942788e103695c902a6c2f079874d99b823e9
44676,PhishingWebsites_seed_3_nrows_2000_nclasses_10_ncols_100_stratify_True,1,active,arff,22111438,Result,2022-11-17T18:42:07,2000,31,0,31,bc41597d7843eb6d88e0bc185fe27664,8b717754c0229a6b6ee4a592529042ba950808131cbae652b7bb4d7ff7c49915
44677,PhishingWebsites_seed_4_nrows_2000_nclasses_10_ncols_100_stratify_True,1,active,arff,22111439,Result,2022-11-17T18:42:12,2000,31,0,31,97623ae465ee5996f03f2e5fc5a720e5,c786426cac4476305844ed6e55f4a45c1ebe53f3fae7512cd79e68cdeee08219
44678,sylvine_seed_0_nrows_2000_nclasses_10_ncols_100_stratify_True,1,active,arff,22111440,class,2022-11-17T18:42:17,2000,21,20,1,21fb5cfda3430583d26c4ff2a2bb4999,254ab4600be9651d26acce5b65bffeaaf83c0966d88b608383ea60ef802ea990
44679,sylvine_seed_1_nrows_2000_nclasses_10_ncols_100_stratify_True,1,active,arff,22111441,class,2022-11-17T18:42:22,2000,21,20,1,f67e9455ad08568471c63cfb4fea73c9,2294956621000a15286f61ca059b0696fb7b85eabe4abe7cf350100fe4d3e55d
44680,sylvine_seed_2_nrows_2000_nclasses_10_ncols_100_stratify_True,1,active,arff,22111442,class,2022-11-17T18:42:27,2000,21,20,1,17c3fd946c227cba3c2e41641130a9e5,f036b4dead247a31502fa686fc0dd773c942be908177c9affd194d49388ea43a
44681,sylvine_seed_3_nrows_2000_nclasses_10_ncols_100_stratify_True,1,active,arff,22111443,class,2022-11-17T18:42:31,2000,21,20,1,99c96ab92e36e4549cce0174c7b9b0be,c56c639b48e49ff08f4e4a29e92b301708c938c202d5cc01c1572b234f04be79
44682,sylvine_seed_4_nrows_2000_nclasses_10_ncols_100_stratify_True,1,active,arff,22111444,class,2022-11-17T18:42:36,2000,21,20,1,b5f858fc7ea2d3475ccc65b9f44fd77c,d772978a7355bbe009e32531fb687eaa1adb9f20925ea806f7d95a52616c1cba
44683,christine_seed_0_nrows_2000_nclasses_10_ncols_100_stratify_True,1,active,arff,22111445,class,2022-11-17T18:42:41,2000,101,96,5,29fa3ba5f963ec7440a5ae2098316ed5,89aa6f10522c33556c0b192f180d1c4d303660c8640405573c67ed45cfeb61c3
44684,christine_seed_1_nrows_2000_nclasses_10_ncols_100_stratify_True,1,active,arff,22111446,class,2022-11-17T18:42:45,2000,101,96,5,a0571080fda799c211203037e004208c,354e02dc90cdc186ce49c08fa4123f8925cd996421ea6774fa6ab3eb2e63a922
44685,christine_seed_2_nrows_2000_nclasses_10_ncols_100_stratify_True,1,active,arff,22111447,class,2022-11-17T18:42:50,2000,101,97,4,aaa8e49d7d4931b78611f346df3c48be,4baaeb0b4c398dcb909c4d250dec1483332e2c26f6d7e68ecdf7badb3ab04815
44686,christine_seed_3_nrows_2000_nclasses_10_ncols_100_stratify_True,1,active,arff,22111448,class,2022-11-17T18:42:55,2000,101,100,1,da63e7899ccf663e9049658d7e71c769,50f8ed786297d2f0220ad23290c142e520827bb46fd8d57dba76d2de362ca07d
44687,christine_seed_4_nrows_2000_nclasses_10_ncols_100_stratify_True,1,active,arff,22111449,class,2022-11-17T18:43:00,2000,101,99,2,4ff0947350d8b1a46e3cb977c2bb076d,21588e5cbf3d9d5cb482dd6ccbfa1b3e08cb9a8e2b40b4962f19868000031aa5
44693,Satellite_seed_0_nrows_2000_nclasses_10_ncols_100_stratify_True,1,active,arff,22111455,Target,2022-11-17T18:43:28,2000,37,36,1,454cc4f14df9573be07770e0b45a38f9,e26255c953db7b735ca42dca5d566e1fcd969c81b5710fdb15acf7164121ead6
44694,Satellite_seed_1_nrows_2000_nclasses_10_ncols_100_stratify_True,1,active,arff,22111456,Target,2022-11-17T18:43:33,2000,37,36,1,b04cb9ca2d8fe9d60045754e6dbe6669,a2ac9b499912a7f7d9b62d13ff3900cd2abfa242c7d8face6b8284d298fe272b
44695,Satellite_seed_2_nrows_2000_nclasses_10_ncols_100_stratify_True,1,active,arff,22111457,Target,2022-11-17T18:43:37,2000,37,36,1,81268df31e9457bc96a41a4720d72a29,29cb953e9fdc8912498a32da8d02631bd23489363af2eadbce795b0b07bb240b
44696,Satellite_seed_3_nrows_2000_nclasses_10_ncols_100_stratify_True,1,active,arff,22111458,Target,2022-11-17T18:43:42,2000,37,36,1,415a2eb4860c757ce080882f7d9e9328,333ad11faf5eaf49a54425ab7f1d5f0a83cc254be526016a333cf1a9345a2447
44697,Satellite_seed_4_nrows_2000_nclasses_10_ncols_100_stratify_True,1,active,arff,22111459,Target,2022-11-17T18:43:47,2000,37,36,1,b8ae62199a42a56d458e37bf4e5ce4b3,ce44393998d56fa9cb898e1ff33819aa4a1b4e3330ba119d2a9003b468abea50
44708,Amazon_employee_access_seed_0_nrows_2000_nclasses_10_ncols_100_stratify_True,1,active,arff,22111470,target,2022-11-17T18:44:40,2000,10,0,10,d7cce83c992c932790f99908031c2511,8e1f1a0ee5404db19deea2be7c0afe56504bd9b3437acbee0aeec068f2804a11
44709,Amazon_employee_access_seed_1_nrows_2000_nclasses_10_ncols_100_stratify_True,1,active,arff,22111471,target,2022-11-17T18:44:45,2000,10,0,10,09273434a61048015e7bdb1b603f6586,8ca8388daf2dae761f4efa3aa492d0c4a41b98cfd25e73095214df7b6900b3c7
44710,Amazon_employee_access_seed_2_nrows_2000_nclasses_10_ncols_100_stratify_True,1,active,arff,22111472,target,2022-11-17T18:44:50,2000,10,0,10,b406c6f39f4637bb1607f8ea860ce8d6,60058d40306e4dbb9dc2557dc22d8ccf335f2edd606be46120b16ddf510db185
44711,Amazon_employee_access_seed_3_nrows_2000_nclasses_10_ncols_100_stratify_True,1,active,arff,22111473,target,2022-11-17T18:44:55,2000,10,0,10,0572e0d4279af987d0e5cdb9dfbf2150,c0a380f7426053257a0b9e46fba2b03c49fec52cc2db93b148a20eeb7e81f4a5
44712,Amazon_employee_access_seed_4_nrows_2000_nclasses_10_ncols_100_stratify_True,1,active,arff,22111474,target,2022-11-17T18:45:00,2000,10,0,10,9b7e0f790d7262198a3d3ba7951c6d85,60dd3741cb6b7ec69b660641c30600c39efb43366793d16a52465f5e47583333
44713,nomao_seed_0_nrows_2000_nclasses_10_ncols_100_stratify_True,1,active,arff,22111475,Class,2022-11-17T18:45:05,2000,101,75,26,dd6f8ecca58b1fc72fdaf004061ed476,55ca71b95f9bc36b25dae9a0c878e0c9fca7a943bafdc6df5cb185d3b72da785
44714,nomao_seed_1_nrows_2000_nclasses_10_ncols_100_stratify_True,1,active,arff,22111476,Class,2022-11-17T18:45:10,2000,101,77,24,b5ecef96181ac4b4aa83df3a915e435f,94ca906bed2e9d4cd245b9ff0291925a1d171751758d4c713d7c9c500bd421f5
44715,nomao_seed_2_nrows_2000_nclasses_10_ncols_100_stratify_True,1,active,arff,22111477,Class,2022-11-17T18:45:15,2000,101,75,26,90375300d414d8cf5c9079d8ca206507,81fad23abaa573d91f3c69e5f96328a7718d3e1d83731b6ca16a3630eefd251b
44716,nomao_seed_3_nrows_2000_nclasses_10_ncols_100_stratify_True,1,active,arff,22111478,Class,2022-11-17T18:45:20,2000,101,74,27,500182de00fe377509118ba67a5b5db7,574b2bd9d7e7ba960b82218064787364a15eb2844bc5b8527943d078c10cdfc0
44717,nomao_seed_4_nrows_2000_nclasses_10_ncols_100_stratify_True,1,active,arff,22111479,Class,2022-11-17T18:45:25,2000,101,74,27,a68c361a5933556c20b309cb7118aea2,40e10ee7559439ca41fe8baede53e7dfbcc60a0d10e68e565a8bbca462376172
44723,adult_seed_0_nrows_2000_nclasses_10_ncols_100_stratify_True,1,active,arff,22111485,class,2022-11-17T18:45:51,2000,15,6,9,1d18ef77c266a73b6cf333895aa63bba,4220e74dcdba6c6bc4e3b5d533dc029183d7f66253673e1d98d52630706d6bea
44724,adult_seed_1_nrows_2000_nclasses_10_ncols_100_stratify_True,1,active,arff,22111486,class,2022-11-17T18:45:55,2000,15,6,9,e4d9612951bdb7ff5faa1066af5cb0c1,83d10bdb4b799177af8ef89d19064ca862b89ca1b122dbb1e0d5053e5f986eb9
44725,adult_seed_2_nrows_2000_nclasses_10_ncols_100_stratify_True,1,active,arff,22111487,class,2022-11-17T18:46:00,2000,15,6,9,2fe5a6363bdce220ad70a0139038efdb,8979cddfb034d3131386498585392e305e88095f1d81fb947515711591311e76
44726,adult_seed_3_nrows_2000_nclasses_10_ncols_100_stratify_True,1,active,arff,22111488,class,2022-11-17T18:46:04,2000,15,6,9,157ebaf74d50a244eff775506e7c8e09,f538636f44d239e434a64a99ad266e84ec8e26995d056757ce8fa2fa88d498dc
44727,adult_seed_4_nrows_2000_nclasses_10_ncols_100_stratify_True,1,active,arff,22111489,class,2022-11-17T18:46:09,2000,15,6,9,f25ec1703d5e374758417d9f2be4d311,0bd375dea29f92ec53117f6713991f4dbb86a3754fb4e4acad687fbb8efbdb56
44748,guillermo_seed_0_nrows_2000_nclasses_10_ncols_100_stratify_True,1,active,arff,22111510,class,2022-11-17T18:47:50,2000,101,100,1,a709a5c73642aa64d642cbfd79e37840,03775bbf60c58118ddb526c2e633ec463b86fb4ba15de6ff32a54edd55cc3cf1
44749,guillermo_seed_1_nrows_2000_nclasses_10_ncols_100_stratify_True,1,active,arff,22111511,class,2022-11-17T18:47:56,2000,101,100,1,4a7a4e30c090e1ff4079d49e26de6163,0961ddcba70c830c507a970366093da74084703e24ae76c7b9344dc5411a9c9e
44750,guillermo_seed_2_nrows_2000_nclasses_10_ncols_100_stratify_True,1,active,arff,22111512,class,2022-11-17T18:48:01,2000,101,100,1,bdd8f248af90b4ce4a1bc3be8177775d,6042a92014b6c63430fb0b8594a65cf6dbd929aeb960f6a96b69ad79313dff9b
44751,guillermo_seed_3_nrows_2000_nclasses_10_ncols_100_stratify_True,1,active,arff,22111513,class,2022-11-17T18:48:07,2000,101,100,1,4fac25da12b39ad8f1baa6462d08a990,a6ae78a9ab5e1686447332174ee3b2797b68d155a63e04d9e85b6bbb0311a9f6
44752,guillermo_seed_4_nrows_2000_nclasses_10_ncols_100_stratify_True,1,active,arff,22111514,class,2022-11-17T18:48:13,2000,101,100,1,a3054f9b98938b696ed4e43e15e5029f,df2c0e23d66e5aa3ffcdac6e475eff78a86231de54b71ec3d205487ee230c480
44753,riccardo_seed_0_nrows_2000_nclasses_10_ncols_100_stratify_True,1,active,arff,22111515,class,2022-11-17T18:48:19,2000,101,100,1,500d09e0bf42f3e16a6b6984be65c983,34bf5d01f30a06cbd9e94ff91bf8522663368a9d2161260bfbebfd9da192bf11
44754,riccardo_seed_1_nrows_2000_nclasses_10_ncols_100_stratify_True,1,active,arff,22111516,class,2022-11-17T18:48:25,2000,101,100,1,f4fb5ceb9b6ee7710036935d19ef5eb7,93da60c717474254052195eb6af1af9b769792fc7f81689b3ce26a207b4bcfbb
44755,riccardo_seed_2_nrows_2000_nclasses_10_ncols_100_stratify_True,1,active,arff,22111517,class,2022-11-17T18:48:30,2000,101,100,1,9f31eecf0e03b7b07bdba2048a4210c5,ddc6df11b240e981f3295a29de155018c8304a44f4d1692f3d85d777bf234211
44756,riccardo_seed_3_nrows_2000_nclasses_10_ncols_100_stratify_True,1,active,arff,22111518,class,2022-11-17T18:48:35,2000,101,100,1,e6fbb810634cff6555edaefb8d67bf12,09952dcba1fe7d4e91d22eea25c4df5ca5b21105db59d71317e5913d13c83b95
44757,riccardo_seed_4_nrows_2000_nclasses_10_ncols_100_stratify_True,1,active,arff,22111519,class,2022-11-17T18:48:41,2000,101,100,1,982c462c37370336d27b75581415d6db,ca217f3132ca21d89e796810c82e5352586c89168a8491f11b1f29546daf03df
44758,kick_seed_0_nrows_2000_nclasses_10_ncols_100_stratify_True,1,active,arff,22111520,IsBadBuy,2022-11-17T18:48:46,2000,33,14,19,56509f96ea205cc605bf2e4fdd1d29d1,0a9252a09c872cfe7492872d527584f349d346d3570f8879cea2475f49737b6e
44759,kick_seed_1_nrows_2000_nclasses_10_ncols_100_stratify_True,1,active,arff,22111521,IsBadBuy,2022-11-17T18:48:51,2000,33,14,19,e724c86736f740fbadcccf2c11a9e815,af033dc1c5007587a029975f7aa5d4ccdb8ebf9bddaa83918a21783f24b19c8c
44760,kick_seed_2_nrows_2000_nclasses_10_ncols_100_stratify_True,1,active,arff,22111522,IsBadBuy,2022-11-17T18:48:56,2000,33,14,19,5b68ed42385d09a75e1e9347a01f3135,79fc03e96e5e445be1796ed4312c9144f3520c3557677878ccc1e4bb74cbef10
44761,kick_seed_3_nrows_2000_nclasses_10_ncols_100_stratify_True,1,active,arff,22111523,IsBadBuy,2022-11-17T18:49:00,2000,33,14,19,7f1c989e2f8914da1839ad8a899de0ce,6fbdb8056558ab91dd3d2310291037ada1c008db2eed83b647c82a5a329ebf2d
44762,kick_seed_4_nrows_2000_nclasses_10_ncols_100_stratify_True,1,active,arff,22111524,IsBadBuy,2022-11-17T18:49:06,2000,33,14,19,3438c88c4502df1ec47061ebb0b180d0,c1f376aefae1c6fd1b53e85141a477d50ff4460c7ccbaa6e18f5f65b7d4659d7
44763,Click_prediction_small_seed_0_nrows_2000_nclasses_10_ncols_100_stratify_True,1,active,arff,22111525,click,2022-11-17T18:49:13,2000,12,5,7,1167bd29db2efa5dde387dda978ae23f,d0a2b17477ccfaea863235ab4813e9660e3f9410dac90a2bb5270da036d6aa16
44764,Click_prediction_small_seed_1_nrows_2000_nclasses_10_ncols_100_stratify_True,1,active,arff,22111526,click,2022-11-17T18:49:21,2000,12,5,7,a2f3fe2c472fe315f1f988748c53f281,da6428cd5d6e8967573437bf50169d4e1f16a7730017f63fed7a10a9378caaa6
44765,Click_prediction_small_seed_2_nrows_2000_nclasses_10_ncols_100_stratify_True,1,active,arff,22111527,click,2022-11-17T18:49:29,2000,12,5,7,626307223613c331b95f4927fc54163f,77078c913656b49e585901103b122f939149aab03aeeac5b5461bf1cafe85f7d
44766,Click_prediction_small_seed_3_nrows_2000_nclasses_10_ncols_100_stratify_True,1,active,arff,22111528,click,2022-11-17T18:49:36,2000,12,5,7,10eacdc684a83f3009aa3f52ba11e2c4,2469fe86504a2af4cf7adb6fb15dc3d678e53fe8c0498dd143dd9f8825549dab
44767,Click_prediction_small_seed_4_nrows_2000_nclasses_10_ncols_100_stratify_True,1,active,arff,22111529,click,2022-11-17T18:49:44,2000,12,5,7,617b5e794dd0d106f83be2ed00c41d6a,75afb8fc3372a7e9453ec5910b4c4e5f07581ed2ed9aa0b8f78b97ed7ff36997
44773,sf-police-incidents_seed_0_nrows_2000_nclasses_10_ncols_100_stratify_True,1,active,arff,22111535,ViolentCrime,2022-11-17T18:50:16,2000,9,3,6,b76addb6da01fac09e8d626506ae4624,dc850f84c0549f3dc56fee7c8f945274f019ac32ba06d02ea5a1516d894cc658
44774,sf-police-incidents_seed_1_nrows_2000_nclasses_10_ncols_100_stratify_True,1,active,arff,22111536,ViolentCrime,2022-11-17T18:50:23,2000,9,3,6,1b890f730181d74089368240442c5bee,46ed752012a8c60def7a668eb2d0518591bae84d134a2894df560f2ec33e57fb
44775,sf-police-incidents_seed_2_nrows_2000_nclasses_10_ncols_100_stratify_True,1,active,arff,22111537,ViolentCrime,2022-11-17T18:50:29,2000,9,3,6,8a3c324ee7a884e2917d4f68c8f7ddba,b59ebe26f8e685091a73d71e96e7a9d9e7133e8bd8b758fcb022af60f610b19c
44776,sf-police-incidents_seed_3_nrows_2000_nclasses_10_ncols_100_stratify_True,1,active,arff,22111538,ViolentCrime,2022-11-17T18:50:36,2000,9,3,6,2efaa4981ea1ce8d339cd60bfd45a71a,e7d2d845fba263474a84d88e754cc77560e68e4ceb7cfdf75cd04697b82bfd1e
44777,sf-police-incidents_seed_4_nrows_2000_nclasses_10_ncols_100_stratify_True,1,active,arff,22111539,ViolentCrime,2022-11-17T18:50:43,2000,9,3,6,5205edcdbc1fe6b8a705af3ae291b25a,bb3e320d3d859802249ac877061718777a2121315e1017029fc4343c8da14f86
44783,porto-seguro_seed_0_nrows_2000_nclasses_10_ncols_100_stratify_True,1,active,arff,22111545,target,2022-11-17T18:54:35,2000,58,26,32,7ab8480b8cd91b28ae409ec04ebee7de,b6578e73d15c18964ced2c6920adedfff059b5ea7af6c1f21656c9fd19f83779
44784,porto-seguro_seed_1_nrows_2000_nclasses_10_ncols_100_stratify_True,1,active,arff,22111546,target,2022-11-17T18:54:41,2000,58,26,32,d3a66bec0b3ab5e6f545bf5132f7bea9,3b7a733706eed15594c25120b4a200dab4e0f6d514caae880671be79289ea73e
44785,porto-seguro_seed_2_nrows_2000_nclasses_10_ncols_100_stratify_True,1,active,arff,22111547,target,2022-11-17T18:54:46,2000,58,26,32,a3a68793b46c0e658de9d3f650472965,86664aea26d0a9447cdd02042928f9c309f2f68f6ca117c396a311c51855a807
44786,porto-seguro_seed_3_nrows_2000_nclasses_10_ncols_100_stratify_True,1,active,arff,22111548,target,2022-11-17T18:54:52,2000,58,26,32,c917a2f6ec4b62fe2373092b717ce92f,42d2cb66b051b6ae4be0fda78507e13269dbfad5cb5bc72043f78dde96897f48
44787,porto-seguro_seed_4_nrows_2000_nclasses_10_ncols_100_stratify_True,1,active,arff,22111549,target,2022-11-17T18:54:57,2000,58,26,32,36f880669063be83ee3952c7ed1894e3,dc45a157d204732e2dedb5f06c8809b61cdd9f1af93645338c5c9b1de87b7879
44788,KDDCup09-Upselling_seed_0_nrows_2000_nclasses_10_ncols_100_stratify_True,1,active,arff,22111550,upselling,2022-11-17T19:05:38,2000,101,99,2,808396692f5aa6b57dc6468f3ef58551,5c34b1994226cb0ce4f26d78fe1593d369d353cb7ff66ec21d9110a0dcdc2685
44789,KDDCup09-Upselling_seed_1_nrows_2000_nclasses_10_ncols_100_stratify_True,1,active,arff,22111551,upselling,2022-11-17T19:05:44,2000,101,99,2,1cfe84eef2d815db72d488c9c9767620,79fdcda4a3b3536a392fe9c57a03bc352c7ef367c6b09bbc00818782556a0fce
44790,KDDCup09-Upselling_seed_2_nrows_2000_nclasses_10_ncols_100_stratify_True,1,active,arff,22111552,upselling,2022-11-17T19:05:50,2000,101,100,1,d5efee3ee369c8d15ec361d874926097,c40ec9d9e509d223e4346ea386d3129a3251eb6b8b436764489aac3d7e1c4f9c
44791,KDDCup09-Upselling_seed_3_nrows_2000_nclasses_10_ncols_100_stratify_True,1,active,arff,22111553,upselling,2022-11-17T19:05:55,2000,101,100,1,c3489c298ee93143b2bb0ce14c13ed0f,ad7bb120b1f7f55731805ba03008cf45a5a384c1b9a6927d507b4d7529547796
44792,KDDCup09-Upselling_seed_4_nrows_2000_nclasses_10_ncols_100_stratify_True,1,active,arff,22111554,upselling,2022-11-17T19:06:00,2000,101,98,3,9cb9fa307d30b9a51590a88529ad3243,9af4dee5ac78ab87dcf64f51b9b94921a167162146a6e6fa42b9d20a13723fc1
45019,Bioresponse,3,active,arff,22111905,target,2023-01-03T15:28:10,3434,420,419,1,58f4633d9617bcbe7d3b27f6ccfdca00,58160785c16a9681a2e20036981579b5c806b5325c0a6f22384a4650ab63c2c9
45020,default-of-credit-card-clients,3,active,arff,22111906,y,2023-01-03T15:28:16,13272,21,20,1,0f902bb15750bd38abd4af72704d527c,c45d91213d171333ba82866b1d2d00fcb9891c42342600da8ba4efb39d30029e
45021,jannis,9,active,arff,22111907,class,2023-01-03T15:28:33,57580,55,54,1,b6c8e699f2248446523fa1192ac38bbb,23ed3377ef5cae5722933df8d390e3821d9e812a84cdd94c631570fdade03535
45022,Diabetes130US,2,active,arff,22111908,readmitted,2023-01-03T15:47:28,71090,8,7,1,9f7de5ef4d6d279d0fcac3d39acbe2f2,23d7bbcfc36e112985c065ab4f0a005de98c4f852f656611e2c0a4b66d5e00b1
45023,heloc,1,active,arff,22111909,RiskPerformance,2023-01-03T16:12:52,10000,23,22,1,c77d0c9ea34bcba6574629b99355a125,5ff417752431fd46e13ec564a0c66a596352ef917b49f3be9588ad92e2301bfe
45024,credit,5,active,arff,22111910,SeriousDlqin2yrs,2023-01-03T16:12:57,16714,11,10,1,8ecf2c5fef84fbd300631769477cd76a,94b24ff9194420edef1bb217b11c8906f7ad841b7d0ffbd0af71c5abba181655
45025,california,6,active,arff,22111911,price_above_median,2023-01-03T16:13:02,20634,9,8,1,7fe645d60e214f1d9894f609d2029275,5cfd69ddff07e24c7c7cc22b4981d2fd0b703b59bde64e308696d50d0d01dd61
45026,heloc,2,active,arff,22111912,RiskPerformance,2023-01-03T16:13:45,10000,23,22,1,c77d0c9ea34bcba6574629b99355a125,9e23d68643c6001a7784cc38f7982a51f1d77fdd92b38c7db957c8f377d61782
45027,credit,6,active,arff,22111913,SeriousDlqin2yrs,2023-01-03T16:13:50,16714,11,10,1,8ecf2c5fef84fbd300631769477cd76a,390369200f770d66b24606526d087ef99cfe49d1893e5bb3700a76264da535b8
45028,california,7,active,arff,22111914,price_above_median,2023-01-03T16:13:55,20634,9,8,1,7fe645d60e214f1d9894f609d2029275,c71df203823ad169bc27cbba838e0f32e387b210cb31a75b7c5faa749102d827
45035,albert,2,active,arff,22111925,class,2023-01-07T00:33:42,58252,32,21,11,869033abbb1ebfd86db86c3872678637,5be26f51fa996c95af4d3032870dfc6ed9e23b8548d677f0843534e0a58d62c8
45036,default-of-credit-card-clients,4,active,arff,22111926,y,2023-01-07T00:33:50,13272,22,20,2,53b3029ed2ecc931acb57c79f92c5374,e5466a8ff10fe5615648ba7d2b8071f8ac9aa78c5c014a25a4cdc632bf93960a
45037,BitcoinHeist_Ransomware,2,active,arff,22111927,label,2023-01-07T00:37:24,24780,8,7,1,69c071f2b0d359524b302d25fa8cbfe4,e9f2a43401e0e1fd6b3302d72941509e791e6f87a633b14f6e39aea26d4590d8
45038,road-safety,7,active,arff,22111928,SexofDriver,2023-01-07T00:38:26,111762,33,29,4,79369322795e0ec45bff4d67ad9da128,945c608267f4546818c1cfb3b3b96a58de7687c76c345fbe7d40abb2c043cea4
45039,compas-two-years,5,active,arff,22111929,twoyearrecid,2023-01-07T00:56:26,4966,12,3,9,4a3834cc9249c48e1f0627bf533481ce,15aa8b8fcfe525402762409673b753c58f65b676d62aeb9cb4f17b2f9c618435
45051,adult-test,1,active,arff,22111969,class,2023-01-18T12:38:43,48842,15,6,0,afbd1da09a8bfb1e115395d9efabdd0c,b751169d9a67f7c988d06df17aab47d9d96cf7a8b70bf3a618a15c791ce0b683
45058,credit-g,3,active,arff,22112016,class,2023-01-27T10:59:35,1000,21,7,13,9ce9a85ca36b9a41bba4069867430d0a,84752b8e18712ce1d13629e60bce96924c04de183173852d9657dcf8dc99dbc8
45059,sick,2,active,arff,22112017,class,2023-01-27T11:01:21,3103,23,5,17,0ee1106cf950bd393204a931c19e288a,0cab79248529588069afe92390ea41aee81150abf980bf4557bb9b9852ddf7ab
45060,online_shoppers,1,active,arff,22112018,class,2023-01-27T11:04:18,12330,18,4,14,faafcef48f8334143212ece9f9b79048,82458ddc8d66698ba982ddc9be307b2b15595181ced5ec809551de7035f26dca
45063,credit-approval,2,active,arff,22112021,class,2023-01-27T11:10:50,653,16,6,9,6b312472d9a07fa4c776e5c1775e9b65,90b7a9780e081f0f600aa0b6da72e24e7084e13eaeb5b3d1ca57575ce1b985a0
45068,adult,4,active,arff,22112026,class,2023-01-27T11:26:07,48842,15,6,8,a9147588c9fd0b0ce470db525686482a,e50a46130ac55195d69ecb99d407cf551a01829f58fb53fb53840f38409c3527
45077,qsar,1,active,arff,22112035,class,2023-01-27T11:44:22,1055,41,30,10,0f0bef2ef42fe1105b0edfa75e4c2a92,4634e42fd79895e8d0cb4651554ceb3dfe029188deb5c3b802d55317e3571157
45085,Breast,3,active,arff,22112146,Class,2023-02-17T14:06:02,97,24482,24481,0,65fe9ff9a16289794d0359f95eb2600c,40b5fbf2278c6b1b64645790c9296e5f3991f243d734836d04292dac96ef3643
45086,CNS,1,active,arff,22112147,CLASS,2023-02-17T14:08:10,60,7130,7129,0,da2486a8bc00ce86e0168ba42cd91617,4c6a2d279c6751e9d85d1dac6d5a2a39baff5d90a0a876bdf80704b04c7bc0ac
45087,Colon,1,active,arff,22112148,class,2023-02-17T14:16:37,62,2001,2000,0,c976dec9f7a726c053eb0dc2301a23aa,b44441650b0a8bf669e5574df003855425edb36540cc0c9fd0ea70b55fa18b45
45088,DLBCL,1,active,arff,22112149,class,2023-02-17T14:19:27,77,5470,5469,0,5307b3123a1cb5caec2667825f9c7389,e64e4ce540a153bfb6a73d2e0e1bf256c29c60f9e43704c3dee17e88c0183499
45089,GLI,1,active,arff,22112150,class,2023-02-17T14:21:43,85,22284,22283,0,c3ffeba39883fdb40f4ed6577e8263d0,1eac8591268d1e19512cd7cb74124b403b993052b82b99d3e907041335b6f6ea
45090,Leukemia,2,active,arff,22112151,CLASS,2023-02-17T14:25:52,72,7130,7129,0,e91908ce4542eb40786864ed5eea96dd,a69aac6ab4ea904076c185d6bcb7cf1ecb72a020ff15be1ed921a278c5f19e77
45098,Ovarian,1,active,arff,22112159,Class,2023-02-17T17:03:54,253,15155,15154,0,29db4e043336281b56beaddd1966fdd1,15e99cca2b6993379769cb4c00284b611adbe158c08b5fcf19af8b48eb4d0c96
45099,Prostate,1,active,arff,22112160,class,2023-02-17T17:06:21,102,12601,12600,0,d182bd88e39c4a21f870aae03d3baed6,965ec616e4b851fb79f4c91d967978bdae199fc6b1330c81206fd32abdd35380
45100,SMK,1,active,arff,22112161,att1,2023-02-17T17:08:15,187,19994,19993,0,d38e5e46fd987d122152f67277228732,03b6336ba3e7a2761346469bd7507aa41bdadcdce6a57f0199ccc52ab653cf85
45545,Tour-and-Travels-Customer-Churn-Prediction,1,active,arff,22116513,Target,2023-06-02T22:26:47,954,7,2,5,5e9480fd560041295d28dcb10386566b,485a30e7ccc9a6f202b473bd60439bceb7123e2c0d64455554106efd67607d4f
45547,Cardiovascular-Disease-dataset,1,active,arff,22116515,cardio,2023-06-02T22:28:00,70000,12,5,7,b6b56c8069c390882b66dec870daffa3,562f8fb00d088b73531de8dcfc4c04d494e60e6ba0bc69e6030f61149c6e76da
45549,ATLAS-Higgs-Boson-Machine-Learning-Challenge-2014,1,active,arff,22116517,Label,2023-06-04T14:08:28,818238,31,30,1,64c37b1340d20e37e86c6ac606f4aafb,725aa267858d77e1f5cec4176254ddfa50141cba377cb5051a086df19291e646
45550,ATLAS-Higgs-Boson-Machine-Learning-Challenge-2014,2,active,arff,22116518,Label,2023-06-04T16:47:14,818238,31,30,1,87dc2a7e32264a27536780191b83f616,eb254b0465b10c4d422ebe84945677c4df60be6d8bc65d62aa1023b31ad13972
45551,ATLAS-Higgs-Boson-Machine-Learning-Challenge-2014,3,active,arff,22116519,Label,2023-06-04T17:12:47,800000,31,30,1,556caeaf2d13242c16c683901204e7bb,987f3f298e25b8ccfffd4ba1aaed6298246ae6157faa92d4880e7fe78d9da673
45553,FICO-HELOC-cleaned,1,active,arff,22116521,RiskPerformance,2023-06-04T17:23:16,9871,24,21,3,f0c121f506d7d7df0295d4ad9c260fe1,61647115067c57867f866ee33d34677c930f15c51322f9e4c57ffaee3700019d
45554,FICO-HELOC-cleaned,2,active,arff,22116522,RiskPerformance,2023-06-04T17:24:23,9871,24,21,3,2c675bd4d9cfc63d97771af7a65fd417,8952095f2d415ed89635e98ff34532091544ce2be18a3b8a93c612e9bce2c810
45556,Click,1,active,arff,22116524,target,2023-06-04T21:20:24,1000000,12,11,1,7a9f78656025934e91439250f8bc608c,5ece5427a0352ed25502b19b0acd381c510a74733198935313b00b56ac106b5c
45557,Mammographic-Mass-Data-Set,2,active,arff,22116525,Severity,2023-06-05T09:08:26,961,5,2,3,16eda295e59d814dde5cadbb97330117,24eed7b8004437942cb0b6ffb23f76df4fd0bdf743bccb63fceb0cdc7c7bd290
45558,Pulsar-Dataset-HTRU2,2,active,arff,22116526,class,2023-06-05T09:37:32,17898,9,8,1,b17ea256fc57b0faba070b60b8ef2e34,3070c60cfea63d5ff8daa1ab93891c5a8d160df306d4f0e4a7f15f228fc550ec
45560,online-shoppers-intention,2,active,arff,22116528,Revenue,2023-06-05T10:12:46,12330,18,10,8,fb10ecfb09eedc125b6ac92e4499c763,c86ccebfd41f3141f3e06846e2e3ba4ce2fe8b7fa84362e76715d6bc704c9ba4
45562,seismic-bumps,3,active,arff,22116530,class,2023-06-05T10:40:55,2584,19,14,5,0197432c4fa13c7d55f91b9f9abaffc7,a2962ba7336a0dca82dbb43298ab35b6e30907e3362c423a1a84838c14849d12
45563,Dota2-Games-Results-Data-Set,1,active,arff,22116531,Team_won,2023-06-05T11:25:29,102944,117,0,117,6a34ea4961e41345da5f50239f1896cc,ea61fe2a0e9a840645b105cf03395b8545b947d7b7c8f84ec8b4dc33493960c6
45566,SantanderCustomerSatisfaction,3,active,arff,22116544,target,2023-06-06T17:25:27,200000,201,200,1,1f0ee8e64c82381ad44ed7cdda897cb6,91b6eca60130f9114cd93bf13bd3c6c893435f7b2c51ac6a20528dae0b12b87d
45567,hcdr_main,1,active,arff,22116545,TARGET,2023-06-06T18:24:15,307511,121,72,49,f3add9a2adb52f1806c3ac612d65991e,59920ca2f95098720ecb66ed81aab505163d805c02e5ce5c6b811ec788e22735
45568,telco-customer-churn,2,active,arff,22116546,Churn,2023-06-06T18:47:42,7043,20,3,17,d86c439ead5f8a09ff1891083a8d5053,e0256919c0e9e5a9f052a8d7b20a33f1b9e3e91b78fcb1ab3840f66efa092e8f
45570,Higgs,8,active,arff,22116554,Target,2023-06-14T12:01:46,11000000,29,28,1,3e1a963d1c8dd4aa370cef6dbe4d8fbc,808c9cd8f9f5cb42140b6cab3f9a3cf06b56c12800bc13e82e1e026a6fe2726f
45575,Epsilon,1,active,arff,22116559,class,2023-06-15T16:09:53,500000,2001,2000,1,c349aecc83ec966e52509fd7e4e39d80,e533c3b7d21c5f5b6569420630761b7b9edcbca6c33ea68a3936308e12e4232b
45577,Give-Me-Some-Credit,1,active,arff,22116561,SeriousDlqin2yrs,2023-06-20T21:38:46,150000,11,10,1,53fbc48b682ecfac16697dfea4cb3c39,53ae5fb468b16a36ba005d35ee11f0a9ca9e2c12255ff8e192258bfa5bd9e67f
45578,California-Housing-Classification,1,active,arff,22116562,medianHouseValue,2023-06-20T22:06:01,20640,9,8,1,bf0db33eabd0038bc50d805000ee0735,d7b6fe28de64dfbbde7d9c32d8883d973aec67338b5a31b9973f24b185cc6c6f
45583,click,1,active,arff,22116934,target,2023-07-19T12:23:00,1000000,12,3,9,8a7b794e1ee5f6e6cc0e78d2df7f58b2,8389fe8fbfe7abad2a33622ea4c5c0a1f3a5d4bc0b9fd536f1b662fd5499b3dc
45584,Weather,20,active,arff,22116991,play,2023-08-06T14:15:18,14,5,2,3,f13dbfb7166622595044726ed79cabb3,7c242838817c9528298517f7c98afc1b626b2fa8f8bf23c37332dff8ff64a8c1
45585,Weather,21,active,arff,22116996,play,2023-08-07T09:51:53,14,5,2,3,f13dbfb7166622595044726ed79cabb3,e3b1fda302a58a38c44582498572631b1959b9d7bfe00d40c2b323b6f74fbc4a
45587,Weather,22,active,arff,22117002,play,2023-08-07T10:35:44,14,5,2,3,f13dbfb7166622595044726ed79cabb3,76d4ea32be4522e41d74bc0ab48a99e96f310aae6988a928fb214b1e32ceb0dc
45590,Weather,23,active,arff,22117009,play,2023-08-07T10:55:21,14,5,2,3,f13dbfb7166622595044726ed79cabb3,d5685a2c7ba007399a03099fd4f2f1332d948eaf1776d7494a5bcc354f0e5e5f
45593,Weather,24,active,arff,22117012,play,2023-08-07T10:58:08,14,5,2,3,f13dbfb7166622595044726ed79cabb3,82e50ec51a1342fcb17deca12bb9cadf0d211f314e9153bab463316a853a1080
45594,Weather,25,active,arff,22117013,play,2023-08-07T10:58:59,14,5,2,3,f13dbfb7166622595044726ed79cabb3,42088704868165d141f91a8401edffde4fcc9f6862daeea59ae55b26801e4192
45595,Weather,26,active,arff,22117014,play,2023-08-07T11:00:45,14,5,2,3,f13dbfb7166622595044726ed79cabb3,3e1192399dbba3252dc3d83a62c87671d20e0187d33eabd9c18952fe6a2db246
45596,Weather,27,active,arff,22117015,play,2023-08-07T11:01:02,14,5,2,3,f13dbfb7166622595044726ed79cabb3,1e5db73b9d5c5e3834f131d87bf645f2f9dde4c6a73d09b2f4458c019eac9b39
45597,Weather,28,active,arff,22117016,play,2023-08-07T11:02:12,14,5,2,3,f13dbfb7166622595044726ed79cabb3,06049f28a9532805cea5a44fac79e9497f259b2a83a9d2fa973d915189a31919
45598,Weather,29,active,arff,22117017,play,2023-08-07T11:03:23,14,5,2,3,f13dbfb7166622595044726ed79cabb3,60a202371a9ad2647c88c1f45e996fa2691cd3651d7e229244542e7e481c17f6
45599,Weather,30,active,arff,22117018,play,2023-08-07T11:03:24,14,5,2,3,f13dbfb7166622595044726ed79cabb3,8688336afd4f7ef8280eb812b3c5011cb0330dae817e433e163dfeba06a74b13
45600,Weather,31,active,arff,22117019,play,2023-08-07T11:03:57,14,5,2,3,f13dbfb7166622595044726ed79cabb3,7c5e98e30a46bbe1ad08a31e71ffd5cefc958d2cd0f075a29895c3a005849bd3
45601,Weather,32,active,arff,22117020,play,2023-08-07T11:04:27,14,5,2,3,f13dbfb7166622595044726ed79cabb3,cb7253604743d89cc03819c3694bf5682f8b2f6b89b79d4c8ac01d17e4a8bf77
45602,Weather,33,active,arff,22117021,play,2023-08-07T11:04:39,14,5,2,3,f13dbfb7166622595044726ed79cabb3,99614b6581aaf431c3111dd749adcb672a07c8fe4325b53e4e66bf72738635f2
45604,dummy,1,active,arff,22117023,y,2023-08-07T11:06:42,1000,7,6,1,7f5226bc68cc69b36fc619d263825898,020d116d2d29f48436f6b6a296b3660f3ea7606abb6f5d2147ac97532186c376
45605,Weather,34,active,arff,22117026,play,2023-08-07T11:07:20,14,5,2,3,f13dbfb7166622595044726ed79cabb3,10025b7338c98c026abaef8d1324350c346cf0eee2e08cd0d9d394881da3fbf7
45606,Weather,35,active,arff,22117027,play,2023-08-07T11:07:39,14,5,2,3,f13dbfb7166622595044726ed79cabb3,cf81085b0ce0ca760043d54b8777ecbd5b1381feef9ec42de51e7bb3b09395f3
45607,Weather,36,active,arff,22117028,play,2023-08-07T11:07:51,14,5,2,3,f13dbfb7166622595044726ed79cabb3,c9af6e3bb323256f7e9fb79ecad32a1cb4717909d99a63fbd6a805a6bb630360
45608,Weather,37,active,arff,22117029,play,2023-08-07T11:09:02,14,5,2,3,f13dbfb7166622595044726ed79cabb3,9ab6818b3f390495cc6bade870086d40a8a93bdb70d9650f8a7c85394195a4c4
45609,Weather,38,active,arff,22117030,play,2023-08-07T11:09:16,14,5,2,3,f13dbfb7166622595044726ed79cabb3,6587dcaba6b199f7abc8cb3baf7c12b285eb6e05f1bf0cfe56999100031af05c
45610,Weather-Test,1,active,arff,22117033,play,2023-08-07T11:10:38,14,5,2,3,017773e1d88aafefaa793b8f17abfb0b,f550ee2dfd8f520c2958a2eaad7e2d02ac15e3d6f42d8056c2b5d292693241c2
45611,Weather-Test,2,active,arff,22117034,play,2023-08-07T11:11:43,14,5,2,3,017773e1d88aafefaa793b8f17abfb0b,8a94fa412da609f1a1e352905a38d73e91975c25f10bf96984d6f1b4d89e50b6
45612,Weather,39,active,arff,22117041,play,2023-08-07T11:18:11,14,5,2,3,f13dbfb7166622595044726ed79cabb3,c75e92c70d31b759cf72c07ef1d7844de8ac8abde26b06ab4457f2de1816dd77
45613,appendicitis_test_edsa,2,active,arff,22117046,class,2023-08-07T11:19:32,106,8,7,0,9f10da45c1b5f48ad68c163da01315e2,1b76778e6bc41e4937fac106acdecbfe7d95f70f24764ceee9586f8a7d740aba
45614,Weather,40,active,arff,22117049,play,2023-08-07T11:23:39,14,5,2,3,f13dbfb7166622595044726ed79cabb3,c3bf721744e52627ecb7c9d2f0efcc60e45dfdfc81187174e692bf6d2186ea57
45615,appendicitis_test_edsa,3,active,arff,22117052,class,2023-08-07T11:24:01,106,8,7,1,1faca7aa23d0efa506527532486b73e3,f67b8a46041ea0ec78d8e60e38f4b9344a98c3ec2ac9554979911c1c860dc79f
45616,Weather,41,active,arff,22117053,play,2023-08-07T11:26:32,14,5,2,3,f13dbfb7166622595044726ed79cabb3,ba2c1f88ac3d5582d33b5ea05736d94ddd9f3700afc4f0518e140dc425de8409
45618,Weather,42,active,arff,22117055,play,2023-08-07T11:27:59,14,5,2,3,f13dbfb7166622595044726ed79cabb3,1cbdfce03b1c64fd0712485c9f0742253579c65d9975706155dff01827c4ace4
45619,Weather,43,active,arff,22117058,play,2023-08-07T11:28:57,14,5,2,3,f13dbfb7166622595044726ed79cabb3,012550d1204f1e2e923c2c09c83aa1375d6ffc36633dccf50741bf3c33a393c1
45620,Weather,44,active,arff,22117059,play,2023-08-07T11:29:02,14,5,2,3,f13dbfb7166622595044726ed79cabb3,aa4f83e92ebf26b2b4be3c5597595a77fe76b7f9e0f1da2a697204e21f22c400
45621,Weather,45,active,arff,22117062,play,2023-08-08T11:11:17,14,5,2,3,f13dbfb7166622595044726ed79cabb3,89012285c29a1651d208293c2c57107123d5d33bd708689e82d1af590b4abaa6
45622,Weather,46,active,arff,22117063,play,2023-08-08T11:13:23,14,5,2,3,f13dbfb7166622595044726ed79cabb3,b9194a5d07d7d20fc5400018d1907ec8fb909b45d64f819c07cfcee6cb088634
45623,Weather,47,active,arff,22117064,play,2023-08-08T11:15:29,14,5,2,3,f13dbfb7166622595044726ed79cabb3,3fcad819f37b8739f1cc7d478d81cf7f6b82d95fba29af2642e8b80ca9ad29d8
45624,Weather,48,active,arff,22117067,play,2023-08-08T11:16:45,14,5,2,3,f13dbfb7166622595044726ed79cabb3,8007149e36a51199348101618931c282f5d919ed792134f624d8649779cd929b
45625,Weather,49,active,arff,22117072,play,2023-08-08T11:22:16,14,5,2,3,f13dbfb7166622595044726ed79cabb3,876f2658098571a03c69ab33f24aa9634a2ce1d65b4653da6dd7bc1a0e3f5a3d
45626,Weather,50,active,arff,22117075,play,2023-08-08T11:25:03,14,5,2,3,f13dbfb7166622595044726ed79cabb3,327a1cd033c321a979c1b6d9f2ae601f059985afc7e139ab24018285bed63583
45627,Weather,51,active,arff,22117084,play,2023-08-08T11:38:16,14,5,2,3,f13dbfb7166622595044726ed79cabb3,424cf0102aafad522420d6448b2941389c269ff97c5245379209583341ec5b2f
45648,MIC,1,active,arff,22117131,LET_IS,2023-08-29T10:20:36,1649,105,9,96,fd2760a57dc148d3820cb50cd3e43ea1,0e488338f43d1ff1cbd9740b54b96e93fcadbbbd6400796955fcc808989598d5
45654,bates_classif_20,1,active,arff,22117139,y,2023-08-30T08:51:14,5100000,21,20,1,5ef21a5435aa7f348a21b99250202206,1719ba29601f90fa76f68f57109f54c9aa551d4982e4a18807682e4a4387f343
45656,simulated_adult,1,active,arff,22117141,class,2023-08-30T09:56:28,5100000,15,6,9,ed3e2e4491640b5fc3d95a1cf337f63a,24210b2f3d156613a02bf542b5c04c74bdb69550d703eeca845954c501d445fa
45660,simulated_electricity,2,active,arff,22117145,class,2023-08-30T10:03:21,5100000,9,8,1,0dc5ea57007d40c590684c66191791e9,903958f1ffb8c48730cd1599a80076cefb10585330364834e7a0487b51377745
45665,colon,2,active,arff,22117150,y,2023-08-30T10:34:53,5100000,63,62,1,49dac9d857b78a9a0819e4abffa19950,c6aaef44dc77bb459af8b4a7ca91e1b422438039ca198bdcecb61486656cb845
45668,bates_classif_100,1,active,arff,22117157,y,2023-09-11T11:03:02,5100000,101,100,1,7b54b7d39b5d438e78eccae8605ff11b,44392e1fc1687960c20aee197120b25e3fe1e0d1e4c496ce3ab114ca20abf2eb
45669,breast,4,active,arff,22117158,y,2023-09-11T11:20:37,5100000,78,77,1,02a58f1fea7d5d9e77224cdd0a7e6693,cb559597c9d5cf89174a72abc58110c7ca1bb60cc3f4d56ae2e2bc5b9276eec9
45672,prostate,2,active,arff,22117161,y,2023-09-11T12:27:01,5100000,103,102,1,cfc9035ab55ea84993bdbd120a3026ba,f403cf157db8a2f66a21bf32219bf7ed76c32b254ed544f071b37ad7ae2781c2
45686,cylinder-bands,3,active,ARFF,1854224,band_type,2016-03-30T22:09:17,540,38,18,20,59ec3d17d1fb9fa79c3108a7a5a9bc5e,80cc30f174c2406be494e2a2114dfb64412e70e89c854750a198bba1af679c1d
45687,schizo,2,active,ARFF,52578,class,2014-09-28T23:51:19,340,15,12,3,e8076934dffbd218b10568d82e55032f,a9bc01aa671ea123e907595f8b9c52e5bb96c5758556b1013602c509901ea20e
45689,simulated_adult,2,active,arff,22117181,class,2023-11-10T09:29:21,5100000,15,6,9,4861c279a72e5704e0cd5d2565724f6d,2f048d01c8d7231639525866be997907c3928131e84e14e60b5eb630ff0bb571
45693,simulated_electricity,3,active,arff,22117185,class,2023-11-10T09:36:50,5100000,9,8,1,0dc5ea57007d40c590684c66191791e9,ff83287530e9bb4d3f3632ed8e78b083d57a2cc52c276835e31f5750b2acb660
45703,simulated_bank_marketing,5,active,arff,22117195,Class,2023-11-13T19:38:16,5100000,17,7,10,87a8ee3b552d0e5440294bcf59a929dd,63d178ab8fe21eeba96d7a66dba4e3a62867b4b72afe31f57d8575c421738fe6
45704,simulated_covertype,6,active,arff,22117196,Y,2023-11-13T19:40:51,5100000,11,10,1,2fd1a1dca2be2ea4d478c58847d735ce,58997787518c0ca39bcd438c39d9f18f1f4eb0e95f76ad3159e1422b920b08d6
45705,cylinder-bands,4,active,ARFF,1854224,band_type,2016-03-30T22:09:17,540,38,18,20,59ec3d17d1fb9fa79c3108a7a5a9bc5e,2a0a5a454283032192b24400a8c6c193cb46acd5ab74d28670414597c6f7cdda
45706,cylinder-bands,5,active,ARFF,1854224,band_type,2016-03-30T22:09:17,540,38,18,20,59ec3d17d1fb9fa79c3108a7a5a9bc5e,9af095af84d5df8f61eac27e6f7e1978af4cbd7dbc244e332713a9a338731b30
45707,cylinder-bands,6,active,ARFF,1854224,band_type,2016-03-30T22:09:17,540,38,18,20,59ec3d17d1fb9fa79c3108a7a5a9bc5e,36eb96bcbc64752da576320d9a17e75c3d494892d3ab17c0998a1c8365d41938
45711,doa_bwin,3,active,arff,22117212,DV,2023-12-18T22:22:22,530,14,11,3,be4d59c795dfad9a8ba6f8fe46335499,5ab1a9d6a4c177b1a748895c8c6815fde553160dc665caa0bea3984c3a14eb7e
45712,doa_bwin_balanced,1,active,arff,22117213,DV,2023-12-18T22:29:44,708,14,11,3,cf052e7be0db2a72ce199da26ac1178a,b4504361caa865ab255eeeb71338aef6ddd5ad33349f5c607dd94cfa362d3053
45717,bwin_amlb,1,active,arff,22117246,DV,2024-01-11T22:59:07,530,14,11,3,71fab97f77078f8837ad898f3f62d26d,83740814b7bf1098f7fae040ff4e54c286860ba112cd937555ffa33878cd4dab
45739,covertype,14,active,arff,22117362,Place,2024-02-11T22:08:31,73503,4,2,0,fcdeb6e537243f608c3746a616699fec,b7af4e07719b3c2ff003def134b066773af6d109f0de52ef9d30cd8407388f76
45745,TestDatasetOfLocations,1,active,arff,22117368,Place,2024-02-12T15:39:31,73503,4,2,0,a353ad90a6c2cc649b0b4666f0a223bf,5a0d215553d3eb142f335869eb6e79ff59ce0d42e38af313cf8006d6db810fb0
45748,StudentsPerformance,2,active,arff,22117371,gender,2024-02-16T12:59:51,1000,8,3,0,a8313164516de1eacb4a86dc896a42ea,090b24f8815923af4078468c342f999ed3ef431440aa57e1acde153057b99a74
45922,Test_Dataset,8,active,arff,22117557,Place,2024-02-29T21:55:46,73503,3,0,0,eb55b26c096940d547d1c511ecfb0519,5d45b2e6a0a98253782e9692a8f7b234abdee7116ca1385348e4a92dfaf16731
45939,132,1,active,arff,22118291,V1,2024-04-04T20:36:38,902,4,0,0,05cc6652b8781244a7a3ceb84ecc2af7,7847cc3b4ca721704f5199ede76659fb2958bfa9145ace3ba7113d0b6485e701
46116,German-Credit-Risk-with-Target,1,active,arff,22120560,Risk,2024-06-02T12:57:58,1000,10,4,5,62b7ca7d2ce2f2ecaa4effe0ef748937,0cf4d74a9a883e6c6265391ba748e5f1ae8082079f80cd57fdc38cd1ee4fc1c3
46279,algerian_forest_fires,1,active,arff,22120790,Classes,2024-07-23T15:59:10,243,14,13,1,e0376402e835b60b5b732cb1280c9885,56869479f103bca8c3217c3c1446aeb7e323e628712961d97835cb68d97ede69
46280,blastchar,1,active,arff,22120791,Churn,2024-07-23T16:03:25,7043,20,3,17,925060d6cd3c7814c3b7e724a71b0ae2,ac8d8135054089e815ed0b9c2de62acc24d9b6c07f1d097e63bb501ff180263a
46281,insurance_company,1,active,arff,22120792,target,2024-07-23T16:45:53,9822,86,23,63,135c06b8ab2fcad42a478c91c829aed1,0a67d510fff30b15f8e3e7410a333a2b2f57aa688f386a145808ce737ea15db0
46282,internet_usage,2,active,arff,22120793,target,2024-07-23T17:00:13,10108,69,1,68,d4bd6d621200092d272675578f361cb3,fb9d658851655f70bf2a29c6d5cea78c2124dfaca6a1223141404939e7176d93
46298,electrical_grid_stability_simulated_classification,1,active,arff,22120809,stabf,2024-07-23T19:57:34,10000,13,12,1,393acc79057539897e0695aaed2107ed,ac5da4aaac93ee3d83bf226922fb12a8c96ea19a0992504220ca09ca73816058
46358,Fraud-Detection-Updated),1,active,arff,22120947,bad_flag,2024-11-13T16:02:44,4156,29,28,0,4d9d914036d34942945c1f905461dad0,1aa713fbf0ea4b1fc9ab407fd1a23520325b539fd5c155ac712b3782eccacd77
46359,Fraud-Detection-Updated,1,active,arff,22120948,bad_flag,2024-11-13T16:27:30,4156,29,28,1,6880cd5630eeb5f307de24b549ed84ec,019f20734cf3e9576e13abd656e415826022790e9d56272c296fc2c585007791
46362,Customer_Churn_Classification,1,active,arff,22120972,exited,2024-11-19T17:04:05,175028,25,24,1,d25428ab6d079e2ea90e5a56d5b8471d,a93f99abf971ee9876608fa49c344075b9f84614d3640beacf30d72faf02cb83
46363,Customer_Churn_Classification,2,active,arff,22120973,exited,2024-11-19T17:06:06,175028,25,24,1,d25428ab6d079e2ea90e5a56d5b8471d,1702f2902a502db4b1fdbaba2e5f307ec83b1ed5b37ba3f85fcb4130ed2aaeca
46365,Credit_Approval_Classification,1,active,arff,22120975,class,2024-11-19T17:13:28,1000,21,7,1,3fada8da4445b94b0f653ffad64fbbca,9b52ead5e3f74a5140620dee20a82660569db63a90dbcc2c21332546960d6f9c
46369,Is_fraud,1,active,arff,22120979,is_fraud,2024-11-20T08:57:19,5227,22,9,1,ec9c9d90609835bd45a67e85a9606f63,434cf1306cb685423c0b5c86bbae201a28fd72bbbd7a20f2c0f2d1a245cb74e7
46371,Customer_Churn_Classification_Nominal,1,active,arff,22120981,exited,2024-11-20T09:32:56,35000,25,24,1,c6ce82518d10d2d253b10f040448d340,09cadd125303fd981053231e3bff320a288768c7f75ea8521967e848852e4467
46373,default-of-credit-card-clients,5,active,arff,22120983,y,2024-11-20T23:36:13,30000,24,13,1,e980f7bbde33f7ec2e310b730d4bfba8,6e27b3da1ab3be567aaf2c14dbca6d0458f60323f0a3d975775f570226ebb948
46374,default-of-credit-card-clients,6,active,arff,22120984,y,2024-11-20T23:37:20,30000,24,13,1,e980f7bbde33f7ec2e310b730d4bfba8,13a4a265e4416a6178f5fd956ead29a3a33bec1a289a5a5a0625024034f6a96b
46375,default-of-credit-card-clients,7,active,arff,22120985,y,2024-11-20T23:44:42,30000,24,13,1,e980f7bbde33f7ec2e310b730d4bfba8,496646c731b97790a0717aa093c3470cea2bc6b3c7fc2f72d3a303799df60b4c
46376,credit,7,active,arff,22120986,seriousdlqin2yrs,2024-11-20T23:46:11,16714,11,10,1,58ed52daf20a4b33cd894f3109ffbf48,58811c4e33abeaaf279f1961f064481f206eb346a33d5877549a34d1d8144b2d
46377,credit-approval,3,active,arff,22120987,class,2024-11-20T23:47:59,690,16,6,6,4ccc303ffaf07ae26b56d22dded4e055,67ff69658357a674bebe181eaa39607392667aa884c7f0c695b6c5c18ea9be1c
46378,credit-g,4,active,arff,22120988,class,2024-11-20T23:48:40,1000,21,6,12,2ca31956086322dcd3a96f48942dc57a,d4082bb110a0b6f05c176abc79131defff361dc11dbe85e3af371f0f16a52c29
46379,analcatdata_creditscore,2,active,arff,22120989,application.accepted,2024-11-20T23:49:05,100,7,3,2,f0c735a238b95f4a59c18e062133790c,444c78daa4dd9f2e6f34a2ba2ae522bd49a11a92192ecc02228f0191155f41c0
46416,Creditability-German-Credit-Data,1,active,arff,22121026,creditability,2024-11-22T01:16:14,1000,21,20,0,7f9b76ccffcabdc831367b1ab1e8c13a,ee0821ef1fbbfbe63cf1ae5550f70a702fc93605196b384de4b0580ce9d22440
46421,German-Credit-Data-Creditability,1,active,arff,22121031,creditability,2024-11-22T13:28:04,1000,72,3,1,2a569ab1b442e1ec6ef9ac71536e0e25,a5e487ea81115c8a37ce45b572cac4b4cea66f76f2a0b7fcefe2927a0413856c
46422,Credit-Risk-Classification-Dataset,1,active,arff,22121032,label,2024-11-22T14:36:34,1125,43,6,1,ef6b6593751060c90b141a9fc17b5962,806ebeb82520051140d10ed15ccb5d9ecd9fbc97ad11daab4cefbc2efbc1da49
46430,LT-Vehicle-Loan-Default-Prediction,1,active,arff,22121040,loan_default,2024-11-22T17:54:53,233154,41,34,1,27d7e95baef9204d72f3d21906397a9a,8ed083eb0a37f9e2724ee641479b3f81dad679bd332ab961a56a376fc2b0943c
46431,HMEQ_Data,3,active,arff,22121041,bad,2024-11-22T18:51:12,5960,21,10,1,f3e05d34e08234519a347954a424d1b0,95b231970679f90f7b90a79f56f9f91885c94848faad6a1d0b8dfd51ed91742a
46455,Credit_Card_Fraud_Classification,5,active,arff,22121069,class,2024-11-27T21:16:31,28480,31,30,1,496bb53f16ed0378a09b4b37e0c95d29,9432e688ac93db57348a03625a8d78787cc6d07201c51810b6d3c23ea85d7117
46468,Give-Me-Some-Credit-Sampled,1,active,arff,22121128,SeriousDlqin2yrs,2024-12-04T10:15:49,45000,11,10,1,dbdd485a1bd594a118915fce5884117f,feec52804db0335de602f9aed17f39ff2d8bf2d472273f4c870233202c4e5182
46482,German-Credit-Data-Creditability-2,1,active,arff,22121142,creditability,2024-12-05T15:27:55,1000,21,20,1,f90bc5d180f8a85b6cffce31441ae251,caffcd78c648ca1bc7d115ec9e72192140204084041a2c76e29571aff9420534
46483,HMEQ_Data_New,1,active,arff,22121143,bad,2024-12-05T16:30:10,5960,13,10,1,ffdde320c35ee1fbefea434f0b092647,e377f3107f3d1550c4323df526d54e233efc68c0ba3211570d48a639bb3bdd53
46502,Credit_Approval_Classification,3,active,arff,22121162,class,2024-12-06T10:53:49,1000,51,50,0,1aa6419d7c5592541e93b5f12d3894ae,ec2fb1d0881e149918681edb8628ba067bd31318f1b4328c21afd61906099cf2
46503,Credit_Approval_Classification,4,active,arff,22121163,class,2024-12-06T10:56:24,1000,51,50,1,d6c5cbf76dae4ace217a0b2383986240,b2156f171a0bd394bcca973ff8a2be3ac25bd5e138a45e7a28e62d30d8113f03
46504,Is_fraud,2,active,arff,22121164,is_fraud,2024-12-06T11:09:49,5227,21,20,1,f02172e4b206126eb0e9c690e46d0f6f,73d94e811b78f9e7af9dce7014e30f240e4ea3e1969ac645764cc3765f57ee1e
46517,HMEQ_Data_Preprocessed,1,active,arff,22121177,bad,2024-12-06T14:28:50,5960,21,20,1,8b59c6e77b46655217218b3da49cc020,cdd549b3b054d20c2fa44fc886439792e05d48e1f562566f7eefe9ff259e8f20
46518,Give-Me-Some-Credit-Sampled-Preprocessed,1,active,arff,22121178,seriousdlqin2yrs,2024-12-06T14:43:58,45000,11,10,1,a703b007ede1964c511275dc5bf8a9d3,1784abf548e6ac0f9c601ba23914668f9e21938f998113d4c2068517326a7a90
46526,Loan_Approval_Status_Classification,1,active,arff,22121186,loan_status,2024-12-12T11:51:35,45000,24,23,1,6a022c4f2f4cc47b7f5747f776c915db,4c2ff68342c532527e80cf10ff96a40ae3f9df44af15f6160bd18bd2a4d978a4
46527,US_Stocks_Financial_Indicators,1,active,arff,22121187,class,2024-12-12T11:57:54,4392,231,230,1,d65ff86973346fd0e317fa7bbbd66568,6dd5d12f1b21ec278fdd4cc3d789ffa0bfa2a50ecc1be8a60138156a1f41bcbf
46532,dataset_credit-g,1,active,arff,22121192,class,2024-12-13T13:07:48,1000,21,20,0,678fc86c3c53d7fb8576ab5d245193a9,d61cc1ec9ae6cda05103ef00efc50f9117a5390666fd4a72b9c15f2d43dd69ae
46535,dataset_credit-approval,1,active,arff,22121195,class,2024-12-13T13:08:05,690,16,15,0,ace670875ffba3a51b2dcab06e1a9d61,4d011d8231e1baaeacf2866f166feda8969ceb5ec1b430876b9200101b741416
46540,dataset_credit-g,2,active,arff,22121200,class,2024-12-13T13:21:38,1000,21,20,1,d2cab1b53b3fbecabdc5b136feb51037,5db9a241ad241c80aca5241c690067f8149d54df92b977e36768f2518dcaf36b
46542,dataset_credit-g,3,active,arff,22121202,class,2024-12-13T13:25:19,1000,21,20,1,d2cab1b53b3fbecabdc5b136feb51037,94570617730819727b6038f262fbabed4de232148142ba524c725031aa24bd8a
46543,dataset_credit,2,active,arff,22121203,seriousdlqin2yrs,2024-12-13T13:25:30,16714,11,10,1,077d05e02b074d45cd341147269217f3,a4fb9b1e8ba92f82e505d4e7a076ed981c08a86b85aa564b45164de49b4c7acb
46544,dataset_analcatdata_creditscore,2,active,arff,22121204,application_accepted,2024-12-13T13:25:35,100,7,6,1,c5cf5e7fac299a377570dd2859fde772,1c6ca426450692014c3febe30cd97cef42237cbdadf7120362f5db9cac6a9b32
46545,dataset_credit-approval,2,active,arff,22121205,class,2024-12-13T13:25:39,690,16,15,1,b6536671d894b39c49fbf3b8d8ce0dfb,26a6b6ce63faf04417e4fc4f694db3f9cce0c2c24705bbc6c1084aaf5698a368
46548,dataset_default_of_credit_card_clients,2,active,arff,22121208,y,2024-12-13T13:26:36,30000,24,23,1,e3074a45f3f2130a398651a2df566e6d,752269f232ef1322ad924c643dbf1406deadb6b46d519a9080fc84e9a8588e57
46553,Loan_Status,1,active,arff,22121213,loan_status,2024-12-15T10:27:13,45000,14,8,5,e8ec474eadada4e7404aa360e241f4c5,b57e39be3f1c315832a5d915ebba9845a9021c2c4941bb801699a42292b4f355
46554,Loan_Status,2,active,arff,22121214,loan_status,2024-12-15T10:30:19,45000,14,8,6,aa3f6d1bd495110214939c40eb25ecc8,cd302e59bf28ef1723a79d125624e920047a5dcb760b872fde01b39ee461a2e8
46562,German-Credit-Data-Creditability-Preprocessed-Dataset,1,active,arff,22121243,creditability,2024-12-25T16:16:57,1000,34,33,1,65976e029fc05ee9789e79905a7f3036,c80785071b4fc86602793a2f10460f0d5a53662067d09fdd32025ecfb7fcc567
46563,Loan_Approval_Status_Classification,2,active,arff,22121244,loan_status,2024-12-25T16:31:28,45000,14,13,1,8d7832d344d82dbde1976cd45f25ae30,437da666801ef4c246f2ef9e27659ee2aca71983ad251e717e66c04182fed5ed
46565,Loan_Approval_Status,1,active,arff,22121246,loan_status,2024-12-25T16:51:32,45000,14,13,1,0dc4f70c9953ec57707873633c0e7134,66850535e2cb97d492af71f34bc7db696cb52602e9a3513b8a705ff98b4c0110
46567,Financial_Indicators_US_Stocks,1,active,arff,22121248,class,2024-12-25T17:08:25,4392,231,230,1,4a6a988f858f9c447835bcac678f026c,408c014632006730572b9f4b6e49ef7bc8be1bf44e67fff3c85cf032028d0b9d
46568,Credit_Card_Fraud,1,active,arff,22121249,class,2024-12-25T17:15:47,28480,31,30,1,f6179a49c892da56951713cd1481e0a4,145a06ffeff8d9f39b271478b0a23b43f3dc5073aec9f278019ddbea0a0755bd
46590,heart-statlog-uci,1,active,arff,22121283,class,2025-02-17T15:03:47,270,14,13,0,9e031b083383b6bad7c80775bb1506ce,f37d89dddc75cccb3726cb0393d038eb7a83e04898b0b2e177df3c89dfa980df
46595,Thoracic_Surgery_Data,1,active,arff,22121288,Risk1Yr,2025-02-17T15:46:56,470,17,3,0,5406584f1a72d2f187f9514ef4619dae,accbeb3de4ec5c41f69c07afa3a47305fe25c375f569c27323b3072b291609d5
46602,Predicting_Risk_Factors_of_Chronic_Kidney_Disease,1,active,arff,22121295,class,2025-02-17T16:02:33,200,29,13,0,01938060e4abfd816b6fa41845381356,84c78d7eff4a11a7cb00f4abb76809528fbb83ef467867febaa8921ddc0caaf6
46605,differentiated_thyroid_cancer_recurrence,1,active,arff,22121298,Recurred,2025-02-17T16:21:58,383,17,1,0,c07f07c281263f4b2408e4e356018107,eab8a3abb2774480b67ed1cd78b9ddac6846bc4193e36dc7edc84f7fa4ecbbae
46606,darwin,1,active,arff,22121299,class,2025-02-17T16:24:18,174,452,450,0,477f6870bcb859c249a64d68196f3045,bf42739f709b062e7ec5c37a6bed8dc72f91d560c4b03195820a8f8fecdf3d32
46611,toxicity,1,active,arff,22121304,Class,2025-02-17T16:48:04,171,1204,1203,0,1f77a0f559ec00a3780bb3fcd9aa755d,257712bdf275a09a5cde10d11520f52a9f0c1adfb006a24031a618949430fe13
46630,Skin_Cancer_PAD-UFES-20,1,active,arff,22121323,biopsed,2025-02-17T20:46:53,2298,26,5,8,cc8d71d93f9fb5d340b500420af87e40,bb42a436ec61e833be24baae99e9c87a7e563432a27d4091436dd8327941ff93
46654,jigsaw_unintended_bias100K,1,active,arff,22121347,target,2025-02-19T21:37:56,100000,45,41,1,58ffd56d9c7047f4ef498e2315d20b67,213145cb853542f9e2ce58e8d83908b2e18959684ed7b1513d25e8ee1dafaa90
46667,imdb_genre_prediction,1,active,arff,22121360,Genre_is_Drama,2025-02-20T15:48:25,800,12,7,1,b71ad28b267ef4efd116bd6574298526,6dfe3e11b1cf55b177bce909f58addc01179de9d845a7c9e5296a8a2bb4a9d85
46682,CodeXGLUE,1,active,arff,22121375,target,2025-02-23T16:52:55,27318,6,1,1,64624cdb73715436cacee00db7e5e0c9,cb21b9eb3164df16e8a6e31f713245c08b766b61853833eaee5413753fc73d71
46683,Dynamically-Generated-Hate-Speech-Dataset,1,active,arff,22121376,label,2025-02-23T17:50:19,41144,13,3,0,5a9869201038255f23c9ca8532274d79,f01c8830dbbbf8ec4b9fe186c889f9e74677f007a9f30095f414334ab12bf9db
46719,mental-health-in-tech-survey,3,active,arff,22121419,tech_company,2025-03-08T17:01:51,1259,27,1,0,db055d3b8252f5c88d8963417b476381,6bc4f71ec61d0a38c05cb328c9537d1103c5d248dd0457504e08e339bec998fd
46733,diabetes_risk_prediction_dataset,1,active,arff,22121433,class,2025-03-10T16:12:09,520,17,1,0,88b39d1768c0922dd1a611a6b4665e65,e7836219c52800c56fae1c78b4b6086878b8600b973fbbe20175787860a453c5
46758,PostPartum_Depression,1,active,arff,22121472,Feeling_anxious,2025-03-12T16:41:50,1503,11,0,0,687cf97ecb4110f14f2afb7618c62a7e,1587b936393b0fa537e8f624e2467e37aec228c2f2032014de778ba4fe4f6c39
46775,armstrong-2002-v1,1,active,arff,22121626,target,2025-03-25T13:25:38,72,1082,1081,0,51e286effffb8aa5786e646125f37296,d4c0580850a9bca861987cdfde7c971cbd7db94f0f8b245c089b6b0de0d667c4
46776,bittner-2000,1,active,arff,22121627,target,2025-03-25T13:28:57,38,2202,2201,0,6e711850a857f67c60cab4b48325c46a,1b0506bb585a54b67358413de4dca789a19645a35e42cbb1e356e385a6048a7f
46778,chowdary-2006,1,active,arff,22121629,target,2025-03-25T13:37:42,104,183,182,0,e8bffd90a5089f061b711a69771b9c4d,c62e49b2a9fa44793f6033104e7b01a1a8ab182d49cd7932571c9261766020c6
46792,LICD,3,active,arff,22123170,NonCompliance,2025-04-05T14:42:55,63634,581,572,1,47aa6644a8b7981b5cb6b67566ea281d,54b7393e04f1bbe34eb036ea6116ba83e7fca6f423d6b4cbc989e000e986f163
46793,BAF_base,2,active,arff,22123216,fraud_bool,2025-04-05T15:10:47,1000000,32,26,1,4b04abb30ad2d6797e0cc04c7ba3ee88,42e2b396a81866f9ae64efa8d5ba286cd84b872750ccfb4eea120a4903ef0225
46794,BAF_variant_I,2,active,arff,22123217,fraud_bool,2025-04-05T15:21:22,1000000,32,26,1,12b99312b225086ceb12006a51128574,812d9b68a154b85ae30339026714c8346a3416e629933c2f2cd713b36d426485
46795,BAF_variant_II,2,active,arff,22123269,fraud_bool,2025-04-05T19:09:19,1000000,32,26,1,8bba3368008bbf8415948a94499e6c9b,60f7b8b8e658f425fc01981b6ab5cfd6b7b40010f54f55c6fb091670d21bdd49
46796,BAF_variant_III,2,active,arff,22123297,fraud_bool,2025-04-05T20:19:12,1000000,34,28,1,286ae26f2c3232d685953c7b44505178,4a531ac4813dd1ad41e43397de711d89ad0710d560373a9afc445a04cf3360a8
46797,BAF_variant_III,3,active,arff,22123298,fraud_bool,2025-04-05T20:27:43,1000000,34,28,1,286ae26f2c3232d685953c7b44505178,512ab4e103b2cad1a269e72fb8fe4eef4cf15d9d1b95b1ef983cb9961b58bcc7
46798,BAF_variant_V,2,active,arff,22123308,fraud_bool,2025-04-05T20:38:01,1000000,34,28,1,80615ebf57bc4d3fde21459a88c8642b,f19cbbf42252df033432f889cd4041525704378d494e2678e7987185a1e3b5da
46799,AVIDa-hIL6,2,active,arff,22123390,label,2025-04-05T22:16:27,573891,4,0,1,f7a0aeee092d62f195b7fc78f83bb130,f8bc84a567244d2cc935ac290415705ae4855e2212ccb72c078977ce8763d104
46800,AVIDa-SARS-CoV-2,2,active,arff,22123400,label,2025-04-05T22:30:43,3733,6,0,1,95a3d7ab7f55bfa6b1a06e65a6f8e034,8fea810acf512bb510dbb61e743bc079e8b2cac29a87b080b19629bdc6856021
46801,ACSIncome,4,active,arff,22123901,SEX,2025-04-06T15:51:41,1664500,12,11,1,ff4ce9349560f0470c352509fe47de33,27f8ccb6fcdf9b742488e7ddcd7820675aec5bdd7aca5f8f4b95ffde915ebdf8
46802,ACSPublicCoverage,3,active,arff,22123935,DREM,2025-04-06T16:30:40,1138289,19,18,1,ff97cd86bc72e20019e945417f680fc6,cc2bd7ab70e033212b6da017f2a10ce64c6da72222192425bc9bdc850a2ab84e
46805,college_scorecard,2,active,arff,22124359,Completion_rate_for_first_time_full_time_target,2025-04-08T22:33:03,124699,119,117,1,2e4b90c6646e8f0b4dd2b12df8193166,0225ab23b3a17f3e56c2235dbea5d1fec63430fb81297c75cdc2b0eeea08ac75
46809,fake_job_postings2,2,active,arff,22124372,fraudulent,2025-04-10T15:09:40,12725,6,0,1,c3898b18ea5489c018940575bc9d8d41,2de13e71758f31d758a7f98d7bf6bc22574b87c3b61133f86ddf3eac12f5b616
46810,kick_starter_funding,2,active,arff,22124373,final_status,2025-04-10T15:21:07,86502,10,3,2,6c50a6aee1efd75855e1d24ae8e16766,1cb4298fc29cb7dcd213d01a1cd30a09bcfcc9fd8b186a589ecdf7304d9de5b7
46817,physionet_sepsis,2,active,arff,22124380,SepsisLabel,2025-04-11T12:03:40,1552210,44,43,1,863f95fe16d728dc893625bf4ea8e162,65ca6de7c1e047db3215246d03709fab4b2b94701cdabbf847c95f49d5aa2fb7
46820,REASONER,2,active,arff,22124383,like,2025-04-11T14:34:17,58497,35,26,1,aaefd3e9aaa63a55385374c25080df01,947b3ab341db1b032aa3b993de828b88856ab27e33b7a5a614fd2abbb26e505a
46822,Dynamically-Generated-Hate-Speech-Dataset,2,active,arff,22124385,label,2025-04-11T14:58:37,41144,9,2,1,7064316f30e90b2a1a566710115f8cb3,65e48c188575b9917527009b3a3dd097d1f55e209658cd0b20a15ec29bb89333
46841,cdc_diabetes,2,active,arff,22124404,Diabetes_binary,2025-04-13T19:13:42,253680,22,21,1,cf5cca758dd780794493e4844d9d93e0,6a40b02c56c902dd183ff1a9c28a0c49d8be554ef1700547e2d833a0ccf5f62e
46844,Predicting_Risk_Factors_of_Chronic_Kidney_Disease,2,active,arff,22124407,class,2025-04-13T19:31:41,200,29,13,1,e8dfbabe2314f6f2222f5becd7df42b9,6858f945634a99d2fbc78d32ec1e0958c556014f84277195ab7301b8ca8589c9
46846,glioma_grading_clinical_and_mutation_features,2,active,arff,22124409,Grade,2025-04-13T19:40:57,839,24,22,1,bf4bf5d7e95f4055944cb51a78b29cbb,0f343b2a51bee0c11556a4d46f8eb8066469155b8805b75b84cb017b62bc2ead
46847,differentiated_thyroid_cancer_recurrence,2,active,arff,22124410,Recurred,2025-04-13T19:42:42,383,17,1,1,ce8266e8c175bf5e6b680645a5a89939,5eb2ba8b7e943901944c8ae6aab0573f0d2b48ba3023fece3cac29a2c7d99600
46848,differentiated_thyroid_cancer_recurrence,3,active,arff,22124411,Recurred,2025-04-13T19:42:58,383,17,1,1,ce8266e8c175bf5e6b680645a5a89939,1e2f42659aa73233b2268d933e5190e8baa35557e9b494158119347508226a27
46849,darwin,2,active,arff,22124412,class,2025-04-13T19:45:50,174,451,450,1,83e3bd9a41795e8e6916b0e511416c2c,76a5ec687acf1000f364f83af437992b366a2f3328c4d83bbe01959c6f884e8c
46853,sepsis_survival_minimal_clinical_records,2,active,arff,22124416,hospital_outcome_1alive_0dead,2025-04-13T19:53:48,110341,4,3,1,ffdb072415ca9e71d1bc9e10e0d79c91,497d7b700348976335a1999f57ea8e96da897ff2ba01d487081e27d2c65dd175
46854,bone_marrow_transplant_children,2,active,arff,22124417,survival_status,2025-04-13T19:56:09,187,37,35,1,722dd46b67ce192e545cc4fba539426d,16415e665ab6e871c5000c7222e69bf99f946feaae09907a591d123a29181faf
46855,toxicity,2,active,arff,22124418,Class,2025-04-13T19:58:54,171,1204,1203,1,08f73bf2d01a731f75ae4fef00a8bd9d,3ae5cb7a704c570cb903061d9832d1dace858f8be14da06405da9232ad2e2816
46856,BNP_Paribas_Cardif_Claims_Management,3,active,arff,22124419,target,2025-04-13T20:29:33,114321,133,113,1,b8c8a21b832ce9c1602bbd6f08788b8b,768957b81040cea350c833687093223d6c8a25c84b5c369ffea3a2489b6f0eb8
46857,Homesite_Quote_Conversion,2,active,arff,22124420,QuoteConversion_Flag,2025-04-13T20:41:06,260753,299,270,1,c8b7a57947a6c57d541213fccb74d023,f9430abbbd6816cd5a7bda722a5c771dcd1cc86be0ea27c9bcf5ae219c4a3227
46858,IEEE-CIS_Fraud_Detection,2,active,arff,22124421,isFraud,2025-04-13T21:01:23,590540,456,424,1,c61486155714ac7b9975dcdb96a060b9,b9537b7cb014fc9b03c05524d14220a92f3cb837e57738f39a3ae4daf9fb2c59
46859,Santander_Customer_Satisfaction,2,active,arff,22124422,TARGET,2025-04-14T10:22:47,76020,370,369,1,df161c98fdaa421891d81d58397259f7,590bd7aeba043fea72ee28302035953a7a10755067ea4c9b20e5453920741ff6
46860,Support2,2,active,arff,22124423,death,2025-04-14T10:37:36,9105,47,38,1,6f1256494e9e7cede972bd564c2b7fcb,80dfe23767a1949a6d92d93f1844e4429d5c7c80c7d02e9fbc9f0cd4d196e672
46864,Skin_Cancer_PAD-UFES-20,2,active,arff,22124427,biopsed,2025-04-14T10:56:09,2298,24,4,8,8dcfc8b107eefc01a471b0c8ab706ce8,75679d20bb0a47a41257e7b1d99b2eea7251ccebd5a10f85e9dddaf750b8c3a2
46865,mental-health-in-tech-survey,4,active,arff,22124428,tech_company,2025-04-14T11:08:04,1259,26,1,1,47717dba2698efe3a1388c89e7f8f093,84092481727ea6f7fcfb1dccff2ddfbf08a0f8643a4c53bad4a3db1997972734
46868,Phishing_Legitimate_full,2,active,arff,22124431,CLASS_LABEL,2025-04-14T11:21:26,10000,49,48,1,a6a3583b30c12291943bf20fbaf7d634,3fddbee6151b6a70060dfa808d768a114e7ad2b47a186ff6b87c5e34a157dd7a
46869,diabetes_risk_prediction_dataset,2,active,arff,22124432,class,2025-04-14T11:27:37,520,17,1,1,7e597a7611e7f62862f20cf1a417057e,c3be7304fcd8b639bab7c29b077a4359c29d18f1b5fc5735b047b6cbd04d30d9
46874,student_depression_dataset,2,active,arff,22124437,Depression,2025-04-14T11:59:08,27901,17,8,1,6cbb89085e06a97684c546d04ed132e8,ff1c516a53639dc0bf375665f103412d0746ea5c3c5ad3fe2cd4cc5fa608d611
46875,divorce_prediction,2,active,arff,22124438,Divorce,2025-04-14T12:08:48,170,55,54,1,1c6cc306a20a8d4f769d6650ab8c5bfc,eff488c6d8497164b22f607fdfe9c0a6c7653ca0fd2afae63aaf54d15b455b7b
46876,depression_2020,2,active,arff,22124439,depressed,2025-04-14T12:12:48,1429,21,20,1,7bc95f8a26c61e11de1111d59cae7e39,809802d0e0a9523c034ebc62efd215754ececd9c88ca8c8f523776f3c20afffb
46877,PostPartum_Depression,2,active,arff,22124440,Feeling_anxious,2025-04-14T12:15:42,1503,10,0,1,bd6c4691c3bcd481ca159102e77dcf26,0eb1c589e0e4940f1c1177cf97a4f7b61d2b26f4ea4a9a57140d674f8c127779
46882,jigsaw_unintended_bias100K,2,active,arff,22124446,target,2025-04-14T17:01:10,100000,44,40,1,8f1e41874c60f5477fcd26251bca2225,57da38db23acd88b3a4f6c0d400647211e0019d5ece4c853ef08d4edd7e8c848
46888,physionet_sepsis,3,active,arff,22124452,SepsisLabel,2025-04-15T11:33:46,1552210,42,41,1,eb7a4167656c21b53466828b73d3b323,f928b473c6463f8bb83998a77da3817117c7ef00930e74133ad22628fcc75dd7
46905,Amazon_employee_access,3,active,arff,22125216,ResourceApproved,2025-04-30T19:53:54,32769,10,0,10,608cd52013f708e4d565451425be6e24,3f50a630b579d8336d3c10aca2b803d963991edcc5d9a1ec5eb35c71eaad4212
46908,APSFailure,2,active,arff,22125219,AirPressureSystemFailure,2025-04-30T19:54:32,76000,171,170,1,3896ad0c77f3c96cc9eafad55b268863,d18d6442b145f374672126ad807473b38700655c66b7a4e905d507c597fed4a1
46910,bank-marketing,10,active,arff,22125221,SubscribeTermDeposit,2025-04-30T19:54:48,45211,14,5,8,75c124340aed0a1ce542c51c68489418,c458b4215621a086f8f1a07a7b8929ef9733dba8b3118de455130f538f8bc2d2
46911,Bank_Customer_Churn,1,active,arff,22125222,churn,2025-04-30T19:55:01,10000,11,6,5,6ddf75fffeef527a8a3f38179c4353c5,32e2ce0ca0a71ad63da92b137f0bab54fb84cee944b810e5c425f45bd439ede2
46912,Bioresponse,4,active,arff,22125223,MoleculeElicitsResponse,2025-04-30T19:55:15,3751,1777,1776,1,3cb639b0f5434e0a9ad236ae0cbab2da,35f60fa87cd879202b9bf4ca970733001088d567df28ef2f83dc41a46cd893bb
46913,blood-transfusion-service-center,2,active,arff,22125224,DonatedBloodInMarch2007,2025-04-30T19:55:21,748,5,4,1,22bfec0eb6cceb5715439912fdcb2275,4b922b3596aac64603c20a8c579b2139e3258c5fcec819037c9bda55f4652113
46915,churn,4,active,arff,22125226,CustomerChurned,2025-04-30T20:15:23,5000,20,15,5,86dd09210baaa4dfaa502a23703a9436,8edb52ca04014f28e4f975be488df259ce42b4e3cb8a8edec9bc0c280b37f881
46916,coil2000_insurance_policies,1,active,arff,22125227,MobileHomePolicy,2025-04-30T20:15:30,9822,86,80,4,e4fd3362bf8126f724475ea2f318c123,277b0c91aa34902c7844918ab05e97c92e6210ea3665d7245f546a4a36d859ae
46918,credit-g,5,active,arff,22125229,good_or_bad_customer,2025-04-30T20:15:41,1000,21,7,14,4a6d9d5ac9ef10ced7b8c5b499499c26,6c9ead02448e1aa0a8d6142fdbfd128a23bd02a8897850f5e534ca3e83d9a974
46919,credit_card_clients_default,1,active,arff,22125230,DefaultOnPaymentNextMonth,2025-04-30T20:15:48,30000,24,20,4,14af3e5dd1fa9af94c8d0f34c0068711,cd16e248707366f06c79b9e0c1ea12f276917ae3713f96bb8598fa054c0cd8d9
46920,customer_satisfaction_in_airline,1,active,arff,22125231,satisfaction,2025-04-30T20:16:00,129880,22,5,17,e14d70c49aa285f50dde1889d75cf4bb,9b66b61e47eaf8d4aa2c19fde77eee1b330e7315bbbac78083bab6989838cb56
46921,diabetes,7,active,arff,22125232,TestedPositiveForDiabetes,2025-04-30T20:16:05,768,9,8,1,ddedbab6af35854821113175f6d37863,fb44f16d3c6f2223292759e8c2de9eb08b1f4bee03fdf582f6f069032a038e67
46922,Diabetes130US,4,active,arff,22125233,EarlyReadmission,2025-04-30T20:16:21,71518,48,8,40,44b1975f531a75709635016145544fec,69a1e1f8068e353561ad584f2afed0ad69199c142d4c04c32af694ca02f1e8f7
46924,E-CommereShippingData,1,active,arff,22125235,ArrivedLate,2025-04-30T20:16:35,10999,11,6,5,a55d48a03307e6ef6a63c15bb80d18ac,e8dfbc1c1b22d1cde5a3ca07f4590d251c1c18445cf002cd8946e5b883b71303
46925,Employee,2,active,arff,22125236,LeaveOrNot,2025-04-30T20:16:40,4653,9,3,6,5fcb0ea8860de4838f1dce0fe7a2ba69,bd49582140e4400fd13cc6c8252daec85fc2845ea5167911d3bcac6cc0762176
46927,Fitness_Club,1,active,arff,22125238,attended,2025-04-30T20:16:53,1500,7,3,4,8e13e2646ca3c13c07f975551fc1c26b,9d1e7c98ee4aa40332be2b5158722cd02f064c6d12363de1e4b49ff9633c5c90
46929,GiveMeSomeCredit,1,active,arff,22125240,FinancialDistressNextTwoYears,2025-04-30T20:17:08,150000,11,10,1,6d013a631b97b13d5372f097697e25a1,7b03d2cc5e674264aa28de9dc084174e5355c4e3211adad9e79231453b4eb1fc
46930,hazelnut-spread-contaminant-detection,1,active,arff,22125241,Contaminated,2025-04-30T20:17:13,2400,31,30,1,ee22c35dc7f819618eab65c6360157ed,2f01d456beb7e08a34257c096411694618107885f2adafcbe7d9296746c86a89
46932,heloc,3,active,arff,22125243,RiskPerformance,2025-04-30T20:17:32,10459,24,23,1,68e008a9677230f547d9cc75b141a501,f9bbcc8ba6c6b95533f0996a28a5340d17ec372052b5f0132929705dae5d41ab
46935,HR_Analytics_Job_Change_of_Data_Scientists,1,active,arff,22125246,LookingForJobChange,2025-04-30T20:18:03,19158,13,2,10,d8beae0a8dc31dbc6a7370b682d9d9c9,c4216b7619f3687d1be2cf7791e92844fda490f830874804a5878fdc270282fa
46937,in_vehicle_coupon_recommendation,1,active,arff,22125248,AcceptCoupon,2025-04-30T20:18:19,12684,25,2,22,598027997d18534e3843587ce4b54edc,d32ccd8234bf688d19cb03499cf8af23138595d8a2429fb161b0b59124bdb6d9
46938,Is-this-a-good-customer,2,active,arff,22125249,bad_client_target,2025-04-30T20:18:25,1723,14,5,9,239616ad0cb51a7873a91bb7254339dc,0c4a2007a49d3c2f966d7e97c480790a69d3708721e51a52680acd7d18c35e57
46939,kddcup09_appetency,2,active,arff,22125250,appetency,2025-04-30T20:18:41,50000,213,174,39,d8c4ff84954f0ed2fc5ab283eade19b1,e7b794cc4b46a7d9c8f5cb6b90d7cb5caabfbb4217c45de3852a9ddde739ea26
46940,Marketing_Campaign,1,active,arff,22125251,Response,2025-04-30T20:18:46,2240,26,16,9,07b40facb21d922723bf016501fd99e9,c3b7f129c3a4805fc0b95fda0691eb421ed8bb81f38aaf29af0965160ba171be
46947,online_shoppers_intention,1,active,arff,22125258,Revenue,2025-04-30T20:19:31,12330,18,10,8,793c609105b8eacb5ed5acdcce64c00d,54b4acbe395b85dbaee7db0b3c7be38c3648257c2033fdd380ddd29b3840d9c8
46948,PhishingWebsites,2,active,arff,22125259,PhishingWebsite,2025-04-30T20:19:38,11055,31,0,31,230adce0c527b57d765e3e8109482764,a6cc0a26b885ae8ed99d302850a1a6e8f3b354baaecb17e579fca62c7e80c6fc
46950,polish_companies_bankruptcy,1,active,arff,22125261,company_bankrupt,2025-04-30T20:19:51,5910,65,64,1,7bb8841d3c0426943845f6a7e1997e83,69c8399ab8d9eb626263a5ba76f99d0a18562341058646d5ae8997b507066fc1
46951,Pumpkin_Seeds,1,active,arff,22125262,SeedType,2025-04-30T20:19:56,2500,13,12,1,0c6647bf94de335caa5b1d532050ecad,2f9cf12d07ff0a76fe9f7e94485c1eac24835f614b5eb924766e365f4ede3e98
46952,qsar-biodeg,2,active,arff,22125263,Biodegradable,2025-04-30T20:20:04,1054,42,36,6,48f4696362b73acc569fc13a1510b8c8,c7863cb6de0d2d33bc72248304bc36991ec572fe6ebb4ca4c299140108dc8852
46956,seismic-bumps,4,active,arff,22125267,HighEnergySeismicBump,2025-04-30T20:20:44,2584,16,11,4,4eb73b1e0e9b5233d1b0b3f457af662b,2a7845eb3012d65e19edbe4bfec65d6cab1d4cc2d897d8f460d74deb0fb7c1bd
46962,taiwanese_bankruptcy_prediction,1,active,arff,22125273,Bankrupt,2025-04-30T20:21:31,6819,95,94,1,30a27e4516c9d069c4945857e7138f6c,7d36a4ec6bd13cd3ad9c24680b2e19b94bcb44a41289c7cea8f803ab8e44b1b7
46969,NATICUSdroid,3,active,arff,22125386,Malware,2025-04-30T22:28:30,7491,87,0,87,7d290894bf8f7454baf61d6998aa2d56,7c8f782c13d83489aa01888f634e6ccc78c5308587b584755dec670e486fbf3d
46979,jm1,3,active,arff,22125396,defects,2025-05-06T10:46:18,10885,22,21,1,879ec0e136c85f164775651f2eec099f,58669069b652c012bd1c791ae245f337ce6a6f9e89a21687458498cc4198235d
47005,jigsaw_unintended_bias100K,3,active,arff,22125449,target,2025-05-14T13:06:31,100000,41,37,1,8887600cdfc3323d5a63b8e6a9dfd850,6b8460ca6b3259f136c87eaa164f395696b02e08ed7239ce3f5294a8ec32203b
47044,Accidents_Prediction_Dataset,1,active,arff,22125527,Accident,2025-10-04T12:24:45,500,7,2,5,93ffcaf3573f9297bf59ad5a9d762e4d,528c033de07dc6037e932e3d456d3c811c1ae45e1168463fe46f96bd7086a1c9
47045,Accidents_Prediction_Dataset,2,active,arff,22125528,Accident,2025-10-04T12:27:18,500,7,2,5,93ffcaf3573f9297bf59ad5a9d762e4d,4cd24336c92a5c6cae7b2c965050b6dbbacc1d09a375f3cf394c776a36e53de9
47046,Accidents_Prediction_Dataset,3,active,arff,22125529,Accident,2025-10-04T12:35:51,500,7,2,5,93ffcaf3573f9297bf59ad5a9d762e4d,8fa16c1403231ba8a8d5be1796e622d3de8bb8f008dcafe067d484a2fb458b4f
47047,Accidents_Prediction_Dataset,4,active,arff,22125530,Accident,2025-10-04T12:37:28,500,7,2,5,93ffcaf3573f9297bf59ad5a9d762e4d,c7c8ef5776a95007330ef3c3320142ea03a09fa3753091a339f288ac4268ed3f
47048,Accidents_Prediction_Dataset,5,active,arff,22125531,Accident,2025-10-04T12:39:08,500,7,2,5,93ffcaf3573f9297bf59ad5a9d762e4d,bbea330cfb36089316ab71db82669577e0c44c38a68344b18b17ab74fd64aef2
47049,Accidents_Prediction_Dataset,6,active,arff,22125532,Accident,2025-10-04T12:42:37,500,7,2,5,93ffcaf3573f9297bf59ad5a9d762e4d,33184d437f3190c5aeabdf32193e2047cffceba5ff5a2fd2951dd84ea9189013
47050,Accidents_Prediction_Dataset_Pipeline,1,active,arff,22125533,Accident,2025-10-04T12:45:08,500,7,2,5,12cf52b5ca00c3e0af734f26d00b16ea,d138ed0a505c958b0329a6a4c6ae147235c766557f7fe2c72cbf999b29c4cbce
47051,Accidents_Prediction_Dataset_Pipeline,2,active,arff,22125536,Accident,2025-10-04T12:52:16,500,7,2,5,12cf52b5ca00c3e0af734f26d00b16ea,b401adf026037eeb7def2d7a3ffdde5eed7df1e8eb732d6400663e30ce3e1a2a
47052,Accidents_Prediction_Balanced_v3,1,active,arff,22125539,Accident,2025-10-04T13:01:16,500,7,2,5,a1c9edb9936433f909c852237a59cdb2,465dfb7080c9e92e6b2642d6777f2853da0b6326c462d19c98f4d8f7e45710f1
47138,Pancreas-diabetes-1.0,1,active,arff,22125730,class,2025-11-17T02:22:23,90,1,0,0,6ca5b596508444a6000e1c0737d427b9,d78c6338c4365b759f342fd5398135f9ca7cba16c5ab6d193b41bce6822f7c0c
47139,Pancreas-diabetes-1.1,1,active,arff,22125731,class,2025-11-17T03:24:40,90,1,0,0,cf1a0d4fa7a18eac06e94f6b6f190923,0a29d1d04206259dcae1054a95b36e6874865ed0b9b26df310ef8ebf11c5825e
47150,CanadaFiresD,1,active,arff,22125748,y,2026-01-16T20:13:19,1491,47,46,1,360f2c2b7f00dfaae8ef81810830d149,905afbf92f1ca43e34ee21ff45c30832acb53c18a154d7c2f3bb881cd1342656
47151,aztrees3,1,active,arff,22125749,y,2026-01-16T20:30:47,5956,22,21,1,0b3a436c9638c7057e2beb2ea5b4c5b7,0787618121af9bdc3e997c625bbc3b752d9df22c72d30d663f5f3e060ef3c231
47152,aztrees4,1,active,arff,22125750,y,2026-01-16T20:30:54,5956,22,21,1,bd2d1d37eb0857274b3d81ea82ed2a3e,8cab9491901cd03f11b209fc4f162dd5783e70ca9d0cb998ab993aa7b418e048
47153,spam,1,active,arff,22125751,y,2026-01-16T20:31:01,4601,58,57,1,d617839b2fcfc262b93900382c86932f,75a5437e1ffcb89f83316d23c8aadb79185ba385ece68cb185bb4b35fadb95a8
47228,test_injection_data2,1,active,ARFF,22126629,class,2026-04-20T17:05:22,2,2,1,1,34bcc639b0efe47a40129e43f55aab4f,725bc248343cf1fe2191d28f5baae2e9da43a0e6d062ec96e42a04ebcfb879d2
47229,test_cmdi,1,active,ARFF,22126630,class,2026-04-20T17:07:02,2,2,1,1,aff709542bbb0d1b5dac651a777504f2,d446b0163e9bdfa87822b392dfbcd0ea386b593f50e81c7cd92b0e6a3c6f6e2a
47230,arff_cmdi_test,1,active,ARFF,22126631,class,2026-04-20T17:09:24,2,2,1,1,bf88ed90d8ed27ec1316540c0414c89a,2bb31ccc2f27baffb079afb6fbe40fb421d4f511b92350842725b29c14429800
47231,arff_inject_test2,1,active,ARFF,22126632,class,2026-04-20T17:09:49,2,2,1,1,0471bada501464020bde101addce945d,f0dcde2399b65b2749cc795e2950e9b9a645e8ca55fc1708c9700cf06302c133
47235,test_filename_injection,1,active,ARFF,22126636,class,2026-04-20T18:12:38,2,2,1,1,927f187f8aa0c2b2ee96f36ca0765fb6,7dd30b5a19479c146879e0ce8cc3251d9b897e35ff366bb80d7dd33c0bde1a3d
47236,test_desc_inject,1,active,ARFF,22126637,class,2026-04-20T18:13:26,2,2,1,1,2f5872bd805cc5f58a3f40af83a20973,ed2ca6ee4eb590c0a265270d6ec06df9b21b390a394e58c6c6cc5fed778ba15b
47237,test_arff_relation,1,active,ARFF,22126638,class,2026-04-20T18:15:24,2,2,1,1,8ee8467950be97cb23833f6722f68db7,f62c6b998a2135d1ad4e81afdd7858ff45b55a50c2cdbb3677edb6461359a2de
47238,test_double_desc,1,active,ARFF,22126639,class,2026-04-20T18:18:32,2,2,1,1,476080c7aa468de06ac855c01bc53622,f699ab0d149632d028cd5bf71fdcee6626a065b879847a6d192fe8f463ce6809
47239,test_desc_payload,1,active,ARFF,22126640,class,2026-04-20T18:19:16,2,2,1,1,39140e2e008373ed0b3ccac01455d3a7,7f4aa07a7410fa4431bf75b97fe74ec1bce78a4a20eb899a401a9d7134d5dab2
47240,test_clean_check,1,active,ARFF,22126641,class,2026-04-20T18:20:37,2,2,1,1,653ec0496ee30315697076d19dcb6b1a,a907d890e3873d0e9d73de6721b11426df1d6cbd7bfb47ffd8912be297e2916f
