seed,depth,knn,local_gap,boundary
0,5.348253502889259,0.0522940910791744,0.020505771728541337,0.024436860784074768
0,5.0017363602797635,0.0522940910791744,0.0474526507028554,0.05168984390766736
0,6.273467095123154,0.04664278277250211,0.036931883312705575,0.11934216218978556
0,6.522252402482976,0.04415820343518494,0.01444831250327263,0.1255536105330785
0,6.443711446602006,0.04415820343518494,0.019671499528304368,0.14823878719633082
0,6.301951136513878,0.047778303044514775,0.028001224912053604,0.16489660958968724
0,5.825870261568486,0.0613449257503471,0.04899580947097813,0.20424123702043803
0,6.629106315925746,0.04559950707104594,0.037021466749156254,0.2628882285316435
0,7.200183916591721,0.03627363699548686,0.015368080647469307,0.27828417051875054
0,7.152994519061245,0.030137549272354226,0.021219838152283732,0.2936243898265821
0,7.654072308428306,0.029598177496009126,0.017323330487682725,0.320723846823318
0,7.997384401903848,0.029598177496009126,0.007882895395081857,0.3282710508019476
0,7.517060743803445,0.03189812643926996,0.023795777715659716,0.3364896376134817
0,7.383050759902744,0.029907516938269253,0.026634019093983524,0.375862606233267
0,7.987521919512534,0.02211902622605767,0.013266350140178546,0.38975767580144877
0,8.728270969316377,0.017063973941187537,0.008572617456904463,0.4023953065136241
0,8.905658417148992,0.017063973941187537,0.00608192073033717,0.4069029107152577
0,8.403940185218078,0.017354367482610277,0.012485244424731867,0.41455914797429844
0,8.345554364814866,0.01986325938236644,0.012418017465031822,0.4318733995647214
0,8.422572353802988,0.02189617122554145,0.01001584004060374,0.4393951829043621
0,7.967108503808438,0.02680108034646318,0.016060434463665868,0.4519050796459289
0,7.579450879728388,0.029007799014143652,0.022253460526073104,0.4715160518316938
0,8.270732568749496,0.022202020835409265,0.015385540063429431,0.4964120006980751
0,8.679616085295827,0.019851968331218238,0.00637208804900008,0.4977128680414473
0,8.339728384037194,0.019851968331218238,0.012415499332346702,0.4908438232039247
0,8.226738149468382,0.021512539893843986,0.012022270964508086,0.4728818693767539
0,8.135112213422621,0.02394557513458213,0.01399051447516969,0.46679928127490855
0,7.542445011764855,0.030004307349616212,0.019633046146964317,0.44490084042641453
0,7.428504470151978,0.029365426716879493,0.020155640184450818,0.4275331889809799
0,8.018894576893274,0.029365426716879493,0.012547741844738391,0.4045895600575129
0,8.022722347857322,0.030226168623283402,0.0096053241543117,0.40243770529150313
0,6.760043079143114,0.04047807184046259,0.04075175249203705,0.3853789117488895
0,6.402140336844092,0.05279597274976737,0.045078661887427374,0.32093420030742903
0,7.197530045058653,0.03697561475306734,0.018536336941127995,0.29522158797403475
0,7.302654805696101,0.03243159013352266,0.017073977445226873,0.28386152642517304
0,7.177425858205534,0.031797764775050294,0.019908312492811053,0.261073633083581
0,7.399009142360878,0.03130767561870178,0.014166401783844706,0.24404490143955093
0,7.171322890958116,0.03130767561870178,0.019831354393728073,0.2327408295158916
0,7.0437012040996105,0.03155475087333144,0.018711084414540946,0.20438219265209479
0,7.093894001209891,0.03518016365944547,0.011998718159316468,0.1953186606868097
0,6.248916464553556,0.04606520655254569,0.045156189077788345,0.18038475633346185
0,6.013244809148995,0.03939670387893124,0.04195575985844663,0.10500628253123301
0,6.247518237026576,0.035983485513065475,0.015448411634128578,0.09647323661656859
0,6.729260208483114,0.028440034704436103,0.012387622836253331,0.07410945926297585
0,6.742102454968384,0.028440034704436103,0.008985030777038772,0.07169799094406193
0,5.511135434476734,0.03466347199850155,0.03307328735421261,0.05613939770889831
1,5.612896292180663,0.033140804997747145,0.022553860782615075,0.02953480073945145
1,6.267472890221256,0.03268781866712596,0.018097046600776875,0.05233555692342606
1,6.527046748722082,0.03268781866712595,0.016033326649262866,0.0657288939410052
1,6.563947997114962,0.03368504455094033,0.01833864412637049,0.0844022102219518
1,6.520477978374911,0.03573340957129532,0.02240693586046731,0.10240618219374618
1,6.64635521109405,0.03454183935584219,0.023552631306240433,0.12921608194288642
1,7.19186034716915,0.029261215788261352,0.015732321244457267,0.14951144480622705
1,7.332704843873283,0.024793503938031793,0.014515028546770128,0.16068072443180095
1,7.481937045891789,0.020362106603311763,0.01441783479560281,0.1785415018997673
1,7.9785071065269175,0.020004326204273736,0.008388186524266095,0.18951639402300657
1,7.9493046211699445,0.020004326204273736,0.008096770580020743,0.1953178749482995
1,7.241341236370526,0.024161150298173163,0.016207283148148233,0.20570993518304806
1,6.2013424687928485,0.041779155147411484,0.051525523385741026,0.22773244124459596
1,6.7504141027686995,0.0412685160546022,0.04579283555740363,0.3087609819545301
1,7.379002879690987,0.03426203039817456,0.01134138783774638,0.3193181123594032
1,7.395364147364116,0.029411772289926696,0.01469136810784255,0.3314437576300229
1,7.377833560611595,0.029411772289926696,0.014725745593330009,0.3487008485750883
1,7.083908144981812,0.03428953238656453,0.02414238371336508,0.3608952488166829
1,6.338343834736098,0.051558396555680855,0.04381016846905378,0.3969856160018185
1,7.476040582899506,0.03681669537375387,0.028172510020885472,0.44851558575479045
1,7.81482109962253,0.034890675258234284,0.007329871104207103,0.4533306360435894
1,7.310772380336626,0.03387909513223504,0.02183293310488041,0.46317532796320465
1,7.215241315624457,0.030074898116944172,0.024969027955805106,0.49699650225335024
1,7.742424897698321,0.025152162595945028,0.013655318520622184,0.48688661612518513
1,8.414702403959978,0.023698831149264722,0.0066715249003204136,0.4756928607054054
1,8.306198595247322,0.023698831149264722,0.011987657403224994,0.4735435663245443
1,7.048617079859717,0.030750758760959052,0.025857929858563666,0.4517175458989554
1,6.9947405656627675,0.04270669447757443,0.021446774527494106,0.421827706607417
1,6.73013658620793,0.05081108428067571,0.03978671950318752,0.4088239968439672
1,7.599273888287675,0.034001086639980915,0.034330012635641116,0.34225426760104194
1,7.796799270037768,0.032328849817295335,0.006222540652337016,0.34016397157268496
1,7.303171943183124,0.02818693570676851,0.01595280804940019,0.3298091862963679
1,7.133792804839182,0.02818693570676851,0.021849930766965564,0.3082583554738846
1,7.7196463483113416,0.021598054679886312,0.015666644386976847,0.2861093247624368
1,8.25491663000826,0.01792435145488396,0.008191752200099767,0.2769250666999309
1,8.529846913805747,0.01774805135748212,0.005798513209437639,0.26972582036223725
1,8.216966548369903,0.01774805135748212,0.01155434567184882,0.2653280402810556
1,7.44311331875838,0.023449313157653306,0.016626627271728256,0.2466171290185396
1,7.422767022155403,0.023844237305346593,0.015288341109860548,0.2320747857375991
1,7.780104969308438,0.021849695764338196,0.010547333420682259,0.2160404467988185
1,7.762479804343405,0.021849695764338196,0.009131121991705127,0.21098011889623458
1,6.938645323744778,0.022541137467248683,0.01712727893730559,0.19777820281540825
1,6.626764671636644,0.030962194184762627,0.012946151278015572,0.1767255610216234
1,6.339886099354857,0.03483392279455966,0.060706178873160876,0.1718859002593771
1,4.542931851129152,0.07332301117633391,0.0730012406006989,0.05531320327530165
1,5.068653130969533,0.07332301117633391,0.021943506829324166,0.025883419057979307
2,6.337274659925363,0.026860676634349222,0.014395447804185819,0.036822100604869804
2,6.419598531899349,0.026860676634349222,0.014306700260288928,0.04124978154819853
2,6.433035489590553,0.028892643891339442,0.017824652747299052,0.06543550112544766
2,6.656278957426772,0.030838701819862903,0.013611949127950232,0.07689908704279663
2,6.313501242642963,0.0333201961577282,0.025621659455444548,0.09265939938134812
2,7.035542827393364,0.029342863697581677,0.020496632823664,0.12814240595368573
2,7.4906958498108915,0.029342863697581677,0.00582874570109293,0.13365266502867612
2,7.049724921975543,0.03172885330178117,0.018654991726257522,0.1397998973558716
2,6.237899900481821,0.044193953751909,0.03126814683984075,0.17096264848119117
2,6.100871024340109,0.05547765915235161,0.0397023952155751,0.2023361910355531
2,6.565903249923239,0.04625513187542861,0.03338184282202468,0.25036743891234137
2,7.076328997508238,0.04179037090127426,0.017696964631446654,0.26909987667960245
2,7.218684039984619,0.0402420470542019,0.015490408135894557,0.2857613681752347
2,6.872068882735285,0.0402420470542019,0.029575965916003644,0.30008069295139156
2,6.8548304463501815,0.04133879343061271,0.030682116564081457,0.34491330000724196
2,7.324637879269504,0.035415670937137475,0.015495196769756248,0.3614449260795545
2,7.243606343381232,0.029632163950257483,0.019327891290534166,0.37590369354675446
2,7.351669735923212,0.029632163950257483,0.017521002002009956,0.4001007086606228
2,7.5979999576938475,0.031542536464342075,0.009637812256409167,0.41094569755077437
2,7.1207940921309,0.034914790713408785,0.026947141166826116,0.41937633317344114
2,6.234776374829163,0.05348417626590894,0.029925520717208276,0.4648399798844266
2,5.9492996351063745,0.06499409204465381,0.07734152848168607,0.4792273746078577
2,5.976859207720684,0.044677702180367575,0.08075716596599797,0.38047696315220125
2,6.903357858221101,0.027702766426723667,0.019069083761819483,0.35925829346014637
2,8.00443262966369,0.02042647961138764,0.010566578262525828,0.3423387956285623
2,8.233208806706559,0.01874101613400061,0.006437962992230539,0.3381251369350947
2,7.741133554320581,0.01874101613400061,0.014156963871915451,0.3294628696441012
2,8.192614266219978,0.019561407147982334,0.011359901562832952,0.3098112091912638
2,8.269295540643514,0.019561407147982334,0.008292682274885554,0.3067430665184353
2,7.722037912317848,0.022439419783821912,0.013559898823907623,0.2932258446414927
2,7.5246267358993455,0.025776567863766718,0.01612745585945735,0.27962326887062006
2,7.247450503254964,0.0316461015210175,0.019660094815729945,0.260970932922578
2,7.127972581063066,0.033099333910311904,0.020441636329427804,0.24030307923916017
2,7.217042395765333,0.03637712302183127,0.016185220929455735,0.2200876602637224
2,6.9536788876703515,0.03637712302183127,0.025124313509893192,0.2079326373802487
2,7.099535957490822,0.030799383933821912,0.023114125344064596,0.169839033243936
2,7.424273529692184,0.027545525313095308,0.010389291719291815,0.1617043866921195
2,7.177236852158245,0.023133148954323723,0.014820487356946577,0.14906044980535238
2,7.088602662534818,0.023133148954323723,0.014217940419051722,0.13206341197822635
2,7.116969921754295,0.02770868615871469,0.00990663397695618,0.12062456896724894
2,6.56295986863946,0.03398879848918501,0.0319330880215844,0.11225014402431399
2,5.721091808531206,0.029086148226320586,0.03607747390806981,0.05675839292408014
2,6.721989765912648,0.015755590853595968,0.011209648763071511,0.040095196208174366
2,7.280736658513071,0.013453150529501069,0.00500189774174703,0.034339095397937114
2,7.198516045676347,0.013453150529501069,0.0055753670153882995,0.030091400724680306
2,6.559149860824271,0.014138032234557164,0.009722115466917425,0.023188361367160515
3,5.6958540634766335,0.04563925540734317,0.02462086961291081,0.056380556851917216
3,5.810843882368582,0.04563925540734317,0.028263514096736185,0.0751277441529709
3,6.28350394977681,0.042661079090258514,0.02364988273222548,0.11290758504538959
3,6.293947354621266,0.042661079090258514,0.026842585431264374,0.12242750961742185
3,6.868181284839945,0.042876695851172174,0.023136753179404113,0.16659275590791833
3,6.903354407366617,0.042876695851172174,0.015308050317350982,0.16870101597623008
3,6.046110817953728,0.04871772466319093,0.040850220665755096,0.1972088565426203
3,7.1322861139573765,0.04199829842850139,0.029469464139641924,0.25040145730774027
3,7.4429651466220905,0.03970650367970417,0.009570276152669338,0.25614778482190415
3,7.001044681327333,0.03970650367970417,0.02223262135610518,0.26954200961307895
3,6.7130385994621555,0.0401713678001562,0.03129678515525658,0.3006130275341145
3,7.3230750971565435,0.037728268935214984,0.02179322787584162,0.3321355799235921
3,7.604691429506084,0.03304384074070378,0.014178311926738574,0.34419948328579775
3,7.375734144767497,0.029819146744074376,0.02102039569909786,0.36049220377706925
3,7.731344951192314,0.02454264712768116,0.01747130610444564,0.38624027468399347
3,8.1223547999661,0.02454264712768116,0.009003817676441761,0.39543481598596053
3,8.003447924342803,0.028067884748047743,0.00926382768823411,0.404247910036877
3,7.323893514224268,0.03316429474855039,0.03305067705124448,0.41396247136242875
3,7.409097009975445,0.03190724185467088,0.032131318973029815,0.47034926413936595
3,7.884949634700725,0.02772593008539235,0.009893813757429815,0.4782251093084884
3,8.24562659576514,0.02296121714709747,0.007825850883646734,0.4901368916542256
3,8.076096459314456,0.02296121714709747,0.016085384680579795,0.49387681107578185
3,7.476555132867068,0.028364406481713834,0.02172803383530919,0.47769233898461483
3,8.03129304611419,0.02853165065153458,0.011056321834947203,0.46266712125359977
3,7.9099081383510494,0.028746033537491788,0.014946777412492729,0.4555796953147204
3,7.323258786008034,0.035388336081914405,0.020590237791540678,0.4327735664286143
3,6.995566352153997,0.0427380747607045,0.03047443872275235,0.41439921973163907
3,6.737968987991889,0.04060341048603529,0.03534622106265389,0.3718246889831096
3,7.7036958809523055,0.027932757282325228,0.017829619386995232,0.3437067776063313
3,8.177213200860194,0.02491622632344037,0.007691160617295467,0.33616545020911914
3,8.060919354680687,0.02491622632344037,0.008752950072759225,0.32832445637174035
3,7.416618282193802,0.027960731312562583,0.024096338812861606,0.3186595500636007
3,7.062910695017694,0.037440020635669244,0.024528925624420328,0.28013177874601713
3,7.085350533066241,0.03365232861261245,0.02168562705368643,0.26960169881476004
3,7.8743680658869595,0.02066942918658756,0.018024120132576205,0.23676052463864428
3,8.391397231097983,0.019386602750972905,0.0034715616327902765,0.23355345854960763
3,8.042819157276476,0.019386602750972905,0.00779255750848562,0.22981740137306372
3,7.10337005339996,0.02412622588714384,0.017310239015308204,0.2179683435326364
3,6.146020591337358,0.04078920796138781,0.04470271263648268,0.19519692334244731
3,6.292792484795107,0.04179921950231465,0.03615792082639191,0.12856291825967103
3,6.377671213280042,0.03952648487431163,0.0196253627232148,0.1228810816896635
3,6.608105972727244,0.027891188800941102,0.019988036823205324,0.08931219281324143
3,7.0258008513867605,0.027891188800941102,0.006260447374756006,0.08290500804325285
3,6.549925724416791,0.030336672792750475,0.020650532696182333,0.07679129806372942
3,5.678143312684955,0.03197344334861061,0.026047403578860373,0.04160394265088818
3,6.026436938741026,0.03197344334861061,0.012433700771039724,0.024696490906008672
4,5.268991254269616,0.0713542763775332,0.03819245320432389,0.03032372514324726
4,5.1580036902781075,0.06644819137964827,0.054554320272779934,0.10326531217108079
4,5.844223687501862,0.05080397450596804,0.034006261381188785,0.13943236568880713
4,6.781680111215049,0.03782292279331226,0.021283916831964955,0.17127783493345836
4,7.1881562140016335,0.033533977025600785,0.01102678699680558,0.18200019935273704
4,6.855375241917185,0.033533977025600785,0.023486319600670214,0.19333140892706951
4,7.002350659209019,0.03396938440106022,0.022372314347394978,0.22897283855407746
4,7.121524340618184,0.03131992248146437,0.017539784332468833,0.23807603762185947
4,7.356613860096632,0.028690209067886396,0.016973443188225523,0.26405240721901513
4,7.638319618142261,0.028690209067886396,0.008426079536993758,0.2720229239983105
4,7.104909279747654,0.032242865985763244,0.024800957222380182,0.28090456629300264
4,6.525180055740958,0.04878742184612812,0.026606981370306537,0.3216248384430709
4,6.339911846520648,0.05627221453519536,0.04799269154272898,0.3341185290336157
4,6.7120443323258145,0.028655190057059354,0.04816831814092892,0.41761022152852884
4,8.036506829348937,0.01837923502750357,0.008440454545334236,0.43045516531547356
4,8.319523266838182,0.016764848906014075,0.005627164594567802,0.4344911306191973
4,8.112454712636424,0.016764848906014075,0.0071032875951812235,0.44170949450460917
4,7.612408527595942,0.019560133427994307,0.017132033587245993,0.44869770580955975
4,6.864638408333114,0.026802677333595447,0.024654547284934936,0.47597356167910115
4,7.904192269870743,0.026802677333595447,0.011836164161072638,0.4980068003794296
4,8.18081457413658,0.02745831318232217,0.0023673289505708184,0.49964589000124643
4,7.428092081323182,0.029934767805782036,0.03230233862476398,0.49725854171942874
4,6.413821353845988,0.034984236141800705,0.0402011958167921,0.4357494327492256
4,7.532691638935711,0.027426923076448274,0.011879398384465889,0.41685615008584453
4,8.042929551330952,0.027426923076448274,0.004152172417786426,0.41199063598029384
4,7.6843132899462265,0.028802455368457137,0.009901784019300919,0.4085518052502717
4,6.190074732551052,0.04189424521532088,0.06525546231085338,0.392187067941692
4,6.996915809658628,0.031042192554985394,0.05850766242491223,0.2780408806285649
4,7.679778046335888,0.028746882525627494,0.0025511498499216634,0.27517174309186754
4,7.358389404431241,0.02785361766036911,0.012170068691029767,0.2729385809287216
4,6.647502090338348,0.02785361766036911,0.02276157948580515,0.250831605709808
4,6.9401234266694924,0.02922038446110553,0.021097758514709408,0.22741542195711129
4,7.820042515974567,0.019821680166722856,0.012101907273229184,0.2086360886803892
4,8.063446006069828,0.017651887658828348,0.007700049240659035,0.20321160741065292
4,7.827035815280314,0.01595742276034373,0.010842964765739871,0.19323599019907112
4,8.047786799008012,0.01595742276034373,0.008496989261651877,0.18152567787917318
4,8.034512861453777,0.018070889241706058,0.006998397472859574,0.17624201167576736
4,7.233541743680311,0.02366785217759071,0.021476317099709208,0.16752888293345403
4,6.772090897237186,0.03140705034023017,0.022965574359699814,0.13328937747634895
4,7.1863079634365485,0.030113986447273543,0.009957584189754287,0.1215977342140544
4,6.864078760923444,0.027688909392499884,0.019508795926645117,0.11337420909684037
4,6.806519199578167,0.021475057479678393,0.01874124908347763,0.08258014236076416
4,7.400563259025187,0.021475057479678393,0.00561761091333457,0.07589171092988511
4,7.255146936887213,0.023293773637994432,0.006475772060299145,0.07134492053409502
4,6.286912104439537,0.027221559714348854,0.026541118306057543,0.06294016680928682
4,5.126932864907841,0.037363601649567736,0.028922030352919237,0.01826268392197994
5,6.530347298772081,0.01826513669861646,0.009575672491276731,0.021567823709912084
5,6.652946801928108,0.01826513669861646,0.011488164563388881,0.03073728444933731
5,7.159013922743638,0.01867181952350367,0.009230362467206885,0.044544152836689846
5,7.1952597486121785,0.01922422147212876,0.009481915093210419,0.04919800938375108
5,6.758772938592655,0.02070832584895315,0.015533183282985103,0.06350798302311068
5,7.306143693086192,0.022370258232704106,0.010370366959300666,0.08026437594972129
5,7.265426358827189,0.02237025823270411,0.01337271191943614,0.08424871694171202
5,7.17091707025531,0.024193060362639005,0.014657212924042998,0.10700979978859357
5,7.245131532468937,0.024193060362639005,0.01245852138271862,0.11356314278979801
5,6.880668544703665,0.031538540268332124,0.01671753317979753,0.1319268425540308
5,6.582183770208301,0.03546411847152191,0.027570284736388825,0.14699820914939307
5,7.058039455853274,0.02766037412875146,0.024378273582218654,0.18706741202680846
5,7.773265424027835,0.02418543641394269,0.0072362489297690125,0.19575475631383038
5,7.678523818241395,0.02418543641394269,0.009909889652086445,0.20153990988634649
5,7.072772876403282,0.026695901321611214,0.01604660208452456,0.21557453561800327
5,6.502214609761921,0.03391933269656815,0.026529699771819626,0.2336331140553956
5,5.579087152940852,0.06191998958156568,0.07395564054672618,0.2686339351616425
5,5.732903888832768,0.08043138702128039,0.07137274157821191,0.38154439514884797
5,6.212568128250522,0.05866358660695804,0.03459239341456943,0.41137941831806635
5,7.017928912048147,0.04292368114298985,0.023446886891843738,0.45072918197798684
5,7.066376499615249,0.04292368114298985,0.022156540669397262,0.4582731921017538
5,7.0981860347734775,0.04083198314580353,0.023341376819780685,0.49504226331678136
5,7.111421783513306,0.04083198314580353,0.02432287836076813,0.4950440542586848
5,7.139279557252658,0.03497780766330807,0.027302320802295832,0.4563119799616824
5,7.744338563729282,0.03299737492616246,0.012908093270413368,0.44043941265409314
5,7.705681258825949,0.03213822722324069,0.014974943070998226,0.43049579342085564
5,7.275052281430202,0.03137139269314167,0.022336270555079973,0.4104895265120967
5,7.3051563130550985,0.03137139269314167,0.02012312770723068,0.3858232523106957
5,7.978073873431559,0.030291777684245604,0.008661003298844783,0.37024327109763533
5,7.895828561144286,0.030291777684245604,0.019995121325386667,0.36850124571300613
5,7.162991595606695,0.025246210038979443,0.026079179186837276,0.330253028446862
5,8.109472671734151,0.017794386827176666,0.00940877229654119,0.3163428873393316
5,8.353015690263343,0.015831425432955883,0.006089925544695729,0.3114354838537796
5,8.345753756476524,0.015831425432955883,0.005173805219068017,0.3041630362499401
5,7.9891234839200065,0.017061490566674498,0.01526983672016502,0.3010878734156436
5,6.1981836564891175,0.0390330990515013,0.0476472394349311,0.2736233628096101
5,6.150293870404791,0.06235945287686941,0.040348049190015056,0.20579339454578138
5,6.18956033880111,0.05721300083038885,0.032084946298556904,0.19292726442957997
5,6.427670871065619,0.040627681939025016,0.031185424354636004,0.14162350194866757
5,6.761314854253155,0.03620084744768117,0.01376220099230796,0.13055641572030796
5,6.4732324516688395,0.034829191244931404,0.020721914725926383,0.11409909996405165
5,6.520212396564713,0.034829191244931404,0.01660392066820443,0.0891125862684552
5,6.341575160134745,0.0349117999591577,0.0234916848780915,0.08089125862764279
5,6.293890451772167,0.02503697124514661,0.022407981324314596,0.042129216512272194
5,6.843398872856015,0.022615403031843173,0.005394891969598414,0.0360752959790136
5,6.52981842032679,0.022615403031843173,0.010697986296188122,0.031339432573075365
6,6.9475767601349805,0.0158681284070539,0.004580577271526047,0.020698803172534162
6,6.691791112170494,0.0158681284070539,0.009281225905100454,0.02584899613964941
6,6.378909339049722,0.02108821803839476,0.012884019771183544,0.03926125498273507
6,6.173638107125741,0.026030530318107325,0.019268592726634018,0.0516170356820165
6,5.877136539097,0.039778480397400104,0.025653067486954912,0.0777984404360031
6,5.631522495625145,0.0535886949787233,0.0430307611921926,0.10292317065592632
6,6.470223375485535,0.04761571670941324,0.03345695093106513,0.1638599628203883
6,6.586687701252228,0.04522487283034593,0.02155113826706606,0.16983707251805658
6,6.774595913049914,0.034802164822738776,0.026072287523555573,0.20696223935452043
6,7.323152479630091,0.034802164822738776,0.013419221935946135,0.22198164756516772
6,7.2285539664845455,0.035277062399226414,0.018453060224955534,0.2338006832264127
6,6.981389690559611,0.035892423187413806,0.02433856848298631,0.2588877680150788
6,7.216259253402345,0.03134852303991712,0.0209766649303135,0.2824778201923853
6,7.500183171325465,0.02362149916338897,0.017274501680443366,0.3008410978757058
6,8.618391166866946,0.017147208892362466,0.00901800296044536,0.31702682355327205
6,8.74800656296743,0.017147208892362466,0.004645997506486976,0.3188771037965965
6,8.00707581887725,0.020123894800222263,0.011004379961868233,0.326318818566246
6,7.223861124923361,0.027489311468664446,0.02576699570394883,0.34088586372033297
6,7.941759434183072,0.020095261015359477,0.0206022232515711,0.37785280997414367
6,8.487163306607378,0.016915300968307546,0.004869647138789013,0.38209031022347517
6,8.4433456967433,0.014714583357008936,0.005899651154529589,0.3875921042517217
6,7.980236341860094,0.014714583357008936,0.011878233730054227,0.39388961253253435
6,7.755442214183079,0.01990090925665211,0.010990172228743184,0.41134857171183015
6,7.62558147153111,0.02170946336792834,0.012254736438655378,0.4158699569900207
6,6.229225716125411,0.037699933447224485,0.06738798184375927,0.4358580445891409
6,6.643092514737935,0.048995498876871005,0.06014008994016312,0.44935407932246074
6,6.870073065546704,0.04460165584332869,0.015196361274772974,0.44386177553053285
6,6.9175587586107365,0.03464148834028147,0.0200783446877964,0.4189613567729148
6,7.293040958968845,0.03464148834028147,0.01194006317462043,0.40370508615494005
6,6.97207700087101,0.03809103063278792,0.03176081640452649,0.39508123042367393
6,7.528413039521141,0.03134392381295623,0.029058760248428517,0.34018345334588707
6,7.760599108421956,0.030056026445328166,0.007953668736702224,0.3369637099268169
6,7.484548327744238,0.030056026445328166,0.013032535067608764,0.3242761158724826
6,7.238394595191555,0.030233756510907116,0.018751305033413768,0.3108986397915994
6,6.759440863615248,0.039096240206499065,0.029158144399101416,0.2867735058056551
6,6.940952282821563,0.041611698601765904,0.024736049023151574,0.25258235099339654
6,7.094194884568635,0.037481028508233184,0.018525443030094457,0.23730140775935193
6,6.866003495782319,0.034439073135160994,0.023969138435045,0.21553146493320763
6,7.403595586401355,0.03024100842310129,0.015586969369219772,0.18936313088926193
6,7.409278227060894,0.02947554876731522,0.0149319649815704,0.18435752619476808
6,7.088036131006518,0.0264252015395408,0.018611645924671127,0.15949920092612113
6,7.34223684983036,0.026349502233376444,0.01212912900850327,0.14713423434542583
6,7.177224863770524,0.025835949684215587,0.014207780643759549,0.1352409429091146
6,6.931553206392256,0.025032435397830555,0.014978554288351542,0.11871867305790673
6,6.707483530918722,0.025032435397830555,0.015013275344320676,0.10528383433241151
6,6.479742929912939,0.031669120183089004,0.011664058855397008,0.08869212236926538
7,6.219448055162055,0.02994946485446871,0.011908404011883797,0.032707608892468196
7,6.157914420886513,0.02994946485446871,0.020369763838809986,0.0390793201280424
7,6.293029745253924,0.03438145777075604,0.0230558342214568,0.07344713657008817
7,6.645673007183048,0.034883722943597886,0.013435734133716626,0.085190988570956
7,6.349515911067694,0.04093476945022405,0.02447604916457738,0.10031860483752142
7,6.0503422851398465,0.05053536347061133,0.03417549289166065,0.13414308690011076
7,6.14411846781613,0.045696321030757506,0.037338891455278994,0.16866959062084272
7,7.606999592369753,0.01932017178004374,0.02282055146015176,0.20882086981066875
7,8.328158124656307,0.014928312795661747,0.005469155926817654,0.21431069354114624
7,8.47399725497436,0.01274891754639862,0.005716012679580579,0.21975918166430405
7,8.193782610726158,0.01274891754639862,0.009146795077665526,0.2257427189003074
7,8.083613383161563,0.017672938714129706,0.00854856156393112,0.2380527718196351
7,7.850524012978436,0.0200684054442477,0.01581754762124364,0.24283984202816963
7,6.876778653175044,0.03603576111521427,0.028814113142293055,0.2696878670621224
7,7.167224931823064,0.03918220600739797,0.023485167943591484,0.30046806831275574
7,7.513245656127496,0.035801673833481915,0.014448585686050064,0.31665820294930536
7,7.2606745958979655,0.035801673833481915,0.023792627820442558,0.32936523968485587
7,7.326410057643147,0.03978919883546015,0.02142428476584543,0.36424345859019047
7,7.312284818642524,0.04012247556137324,0.02236838936364502,0.37221380921654673
7,6.986276934477473,0.043978947359362974,0.02873571164032196,0.4089802373174805
7,7.269362075226027,0.044137907917362454,0.019035768578128137,0.42968523249719065
7,7.027579277771004,0.04308808268106455,0.029852402621455942,0.4470517744737368
7,7.379192781571686,0.03308774224383941,0.02661768617422089,0.48939003774010253
7,7.880835515293404,0.031291066441655815,0.011045217695673543,0.49971285317782144
7,7.971658993298915,0.031291066441655815,0.009755494577210144,0.4885195268685504
7,7.544282233588388,0.031808745571940564,0.025212604502399427,0.48020186402340115
7,7.184902302494352,0.032804218399254646,0.029349715731993686,0.4380943178637515
7,8.110466499109407,0.024813483646562506,0.01101214876547757,0.4215024325594138
7,8.167344778382141,0.02264051875591555,0.010865830463571369,0.4160700203327964
7,8.05550992508843,0.022156344275002703,0.01147475961944755,0.39977077163227104
7,7.919057755229447,0.022156344275002703,0.015098933691029714,0.3931205010939013
7,7.776349944313119,0.026990710587653056,0.014626201644273251,0.3695729042502116
7,7.7294479211658125,0.02781052547240199,0.014503083092537283,0.3638680978053548
7,6.923593404777897,0.03713106936848909,0.02244569203073632,0.34056673806513704
7,6.3406762594044075,0.0529442446548515,0.047544930678218134,0.31897671374388215
7,5.817671690333772,0.06249674294566878,0.054637701881073475,0.24547687670870078
7,6.8006830536136125,0.05131648151193382,0.021210743014798084,0.2097013099817352
7,6.8750493887269855,0.048658113790881585,0.014960698426599472,0.2030553906791046
7,6.013133179303642,0.048658113790881585,0.041405824624778764,0.17977991312853625
7,6.787785792821865,0.02623621491988144,0.032430279635743464,0.12024374142954708
7,7.385413570310249,0.021976704861883235,0.0054256465325361325,0.11491935385704932
7,7.122669009638429,0.01976594266485343,0.011799576282138347,0.10939244836447481
7,7.104681564026622,0.01976594266485343,0.011204678154230596,0.09132020129277263
7,7.04647751840824,0.021500786359557034,0.01194883215737741,0.08698309205601362
7,6.116879656195915,0.028305559922762645,0.021842385146710885,0.06742253697801781
7,6.054683139196315,0.03339608504107481,0.01598772680958982,0.04329832176259185
8,5.661432741497813,0.04012223970767694,0.022798573707871,0.039187166016586575
8,5.92658579143669,0.04012223970767694,0.019592314543386384,0.053689595260106346
8,5.76544112426712,0.043027594976175795,0.031069913387881794,0.07837179510335934
8,6.533564285365321,0.03937596055453293,0.02176708587967382,0.11582942203586993
8,6.593250627973067,0.03937596055453293,0.018996628704294666,0.12190596686270698
8,6.31823367878158,0.0486506217561184,0.023568001001063522,0.15382267944445926
8,6.143421534970277,0.051667417387911384,0.04133648251438786,0.16904196886483402
8,7.023922219399324,0.033587203921023004,0.03765778653984503,0.23649564447323498
8,7.707763039263579,0.027297685943991727,0.008063630359921067,0.24435754194452408
8,7.67182230306721,0.023991540644570514,0.011689190089356344,0.2526229051930771
8,7.398474820838334,0.023991540644570514,0.018294457451805995,0.26773592212323677
8,7.961740640222787,0.022218781082387017,0.014375065245263052,0.2892118200966891
8,8.441082993119224,0.021277084681499782,0.006587542644804295,0.2964860526137629
8,8.166826543796603,0.021277084681499782,0.01265277110555732,0.3023869053862977
8,7.720000831205322,0.02494365930794542,0.01662690632185737,0.3217915948248775
8,7.7305966512136735,0.02733114556607873,0.016789583478354658,0.33564071803001244
8,7.905727432823155,0.02567219898124523,0.01533404140686001,0.35537076178158683
8,8.030707040721936,0.022846717234904057,0.013414428004071777,0.36630880084373246
8,8.155774371389583,0.01794607523377979,0.013173425032753816,0.3821996177897304
8,8.781808312187326,0.016730653938924055,0.007249490170575579,0.3926556509092401
8,8.840872908369965,0.016730653938924055,0.005799828317293448,0.39669859813088154
8,8.119806340321656,0.019753337704102238,0.013582417715866574,0.404255307543827
8,7.128030445837987,0.031928790837435106,0.02980376016459174,0.4238634335626147
8,7.250996682787287,0.03799505409065458,0.026628468692475954,0.4638628278730105
8,7.607207980740956,0.03443144847563449,0.014497185816428199,0.4771203709475666
8,7.514550649065888,0.029520779453253175,0.01742944901586249,0.49285719950586687
8,7.39138144436626,0.027161489106827454,0.01965510338516943,0.4880207310207084
8,7.994138259590601,0.021488133099091998,0.012659175678960466,0.46783259372379427
8,8.142703535353132,0.021488133099091998,0.008065926038619164,0.4627023796627875
8,7.7059589449226245,0.023871312339335815,0.010775020614477548,0.45170074164655594
8,7.092126868679252,0.028090673624425234,0.022677339508166583,0.4411523384338324
8,5.629810015278084,0.05593569426731293,0.08697521521914547,0.40634606263022277
8,6.180613478965951,0.04663924867648559,0.07349379303730152,0.26720190799554144
8,6.5497052294998195,0.04036450352454821,0.01418119851849553,0.2593584765556197
8,6.604131988063173,0.032156917285720475,0.01839223193765388,0.23883951095855038
8,6.821814925444215,0.032156917285720475,0.013687121538435376,0.22257401268031196
8,6.47941488060235,0.03660041520517341,0.025998992080597194,0.21146526788167963
8,5.41863843713675,0.06292648441742947,0.05492726846104473,0.17057602851911757
8,5.8166992837163285,0.04173688880787798,0.04225820928221535,0.10161073095959017
8,6.557407049116284,0.02929599200395534,0.012106670919618145,0.08605960995468687
8,6.475084782145647,0.025831103670222143,0.016656672448017995,0.07739738912035388
8,6.5218521843285195,0.019346199269705266,0.016884405858826557,0.052746265058650876
8,7.269732797950429,0.01569912420732522,0.006604447918241163,0.04362857740270076
8,7.321983664755228,0.014544121715351844,0.006047408815303468,0.03953736922216855
8,6.901827096106269,0.014544121715351844,0.007665943835675759,0.03153375977209383
8,6.38705436714398,0.016608372612459198,0.012040698994121857,0.024205481550817032
9,4.484333564661335,0.0717471137146902,0.04926497436059315,0.007544750771881653
9,5.187957567679857,0.053036497996963264,0.058933134982395996,0.10064826305729556
9,6.138894787450544,0.03694584622533962,0.02084554341508859,0.12541102073667365
9,7.02075103727962,0.03017451456501998,0.011189559099431118,0.14233934988747274
9,7.124495983341887,0.03017451456501998,0.008396085240714807,0.1477901389355359
9,6.347586715271613,0.034711067138366566,0.032279704133283876,0.15913152036890235
9,6.550854683247059,0.03578661340420809,0.031006249043647835,0.21234954720210364
9,6.9798542914794535,0.03578661340420809,0.010507578853705624,0.22114401845619802
9,6.875173745024756,0.04067488798553484,0.011275765852835712,0.2333647049095149
9,6.295647940010298,0.04893956418741849,0.05366899345560894,0.24369555016186945
9,6.711100489848993,0.0547056908247359,0.05013667964193855,0.34070269182073276
9,6.848398884392179,0.05339920377473038,0.013244368074989632,0.34396890944574654
9,6.340682849589575,0.04994842388500914,0.03203612989398405,0.367191427970712
9,6.737549422946186,0.04994842388500914,0.026469572563430993,0.40804116923371464
9,6.711157922984704,0.05195486103401237,0.03269611854861687,0.420130573097574
9,7.1263329991023125,0.03156436733736014,0.03264062964706932,0.4734334063309484
9,7.720895376726139,0.02198162648874873,0.012503311106919407,0.48541183239171265
9,7.963428616647656,0.01677034802751891,0.012124293926609436,0.4984400285447872
9,8.359131023558405,0.01677034802751891,0.008287103125541206,0.4903395797550685
9,8.84880508613852,0.01737346582557279,0.003400966059655064,0.4849857652041304
9,8.606899683937351,0.017952712852921604,0.016944394176657218,0.48353764763575835
9,7.336297205575004,0.030885890373137027,0.024616250400322726,0.45109697685081596
9,7.689565435524941,0.03132129979783902,0.01603277990373636,0.4343051468351129
9,7.930288063123849,0.029887763962232073,0.012313910006029716,0.41903141704334324
9,7.704104005935829,0.029887763962232073,0.01910505657116801,0.40967732682305347
9,7.335343754232021,0.03572162137446337,0.02259061831450121,0.3808213039010072
9,7.358149809902281,0.036697151111725466,0.020866457083436374,0.36449609019405105
9,7.328595731104786,0.03315201400373617,0.021018138956729993,0.33908838973413447
9,7.349635028508258,0.03315201400373617,0.01903977900667897,0.32245981228059106
9,7.550060669753044,0.03632281645869571,0.013641371235723398,0.3010088317207765
9,7.368458668113963,0.03741321876972874,0.026382261667699636,0.29517706980914427
9,6.828138723833021,0.042681143707172506,0.031553754058403716,0.24824430838537725
9,7.094833608221359,0.036491811199447444,0.019854668777790185,0.23206956169233683
9,7.193383461163927,0.027077974854431464,0.020824801417517524,0.20853497082979688
9,8.21204887644762,0.020372025826458983,0.010408000715695087,0.19041995885730179
9,8.298262590928916,0.019291630042900954,0.007549960238828313,0.1877189693984067
9,7.770843466721258,0.019291630042900954,0.01263600472709897,0.17532003837964516
9,7.817589416734217,0.020107386958236596,0.011435643916249238,0.16244695994420877
9,7.712954603794394,0.020939989170069406,0.01221031929569677,0.15244875054714668
9,7.621746718603959,0.023430856823710912,0.011068900287597494,0.13802632135281523
9,7.343823521545071,0.025551166609981156,0.016651063962568047,0.1303109499719517
9,6.702372282297128,0.03324204111038163,0.020089947288658816,0.10472419342767914
9,6.489479413688514,0.035303028587653995,0.02250181296499343,0.09013105539463406
9,6.262979083043855,0.03411730247159692,0.02171817823639216,0.05972056749769228
9,6.2987999662679535,0.03185034335480099,0.015216325171874268,0.04669469892184974
9,5.813022167123764,0.03185034335480099,0.01934400551781118,0.029287917153943743
10,6.968522779236439,0.022121336237273866,0.006678813913604215,0.05801472561273574
10,7.118427218466753,0.018219076991216367,0.008799786924865695,0.06777037372787949
10,7.114671320380392,0.018219076991216367,0.011596263063213492,0.07561429946246713
10,7.075240538348613,0.020571557008049073,0.014550865709063686,0.09096289985430647
10,7.757838789639285,0.020434146841001696,0.008978875470442176,0.1047160308805945
10,7.77069789718224,0.020434146841001696,0.009426322764259316,0.10892065079519082
10,7.220153828356603,0.02391546083902865,0.016026993201440902,0.12356867640911313
10,7.195118607372425,0.023916190945386447,0.01803244785446808,0.14097463719807263
10,8.194709363345009,0.017800711229527456,0.010855361527149304,0.1596335721180493
10,8.412812802196706,0.017800711229527456,0.005546207320419494,0.16268536025237124
10,8.021769458312557,0.0193010960372751,0.008541867304620795,0.17072598675888828
10,7.503015548357205,0.022918339278364917,0.019288990687739635,0.17976909486161283
10,7.380747805034449,0.02678063001008136,0.02121858134931512,0.20930396813436755
10,8.063060666625905,0.022741405659179675,0.010092789681894448,0.22220625756024306
10,8.143285966062333,0.022211356444837592,0.009900068593316436,0.22948954749815645
10,7.917560053177506,0.022211356444837592,0.012000429554466494,0.24200639474687594
10,7.622323161989552,0.025578506073572975,0.017276679658056862,0.25349040660708944
10,7.405660249484772,0.029142687214584084,0.0190270814479859,0.27655975406298966
10,7.575269930091129,0.03402384492293001,0.013017853648000843,0.29154456950306123
10,7.184405217363174,0.03776186797091513,0.028245589833245627,0.30259546135899135
10,7.0377018229822506,0.04348792246561665,0.0285886990700904,0.3480357491695525
10,7.237195355878509,0.04348792246561665,0.01660798646487835,0.35977285949917215
10,6.764656942686114,0.05207946750567146,0.02940897563101741,0.3812517220993092
10,6.219260179769516,0.059774891207142376,0.048994834051599795,0.41859081076120697
10,6.825537003823701,0.047485079695406586,0.0357558875394115,0.4792413902025088
10,6.985788645193375,0.0425318195752632,0.02368255968791816,0.49010258584002997
10,7.760444291991888,0.025943876845736468,0.020530933233077808,0.4733934904216549
10,7.979447674281332,0.024120699754600274,0.009630161271430238,0.4688355476938144
10,7.779307056686051,0.02229126064134761,0.013702999643496416,0.45413316787879443
10,8.08342389930112,0.02229126064134761,0.009086465330986226,0.4414295484068216
10,7.841465317948638,0.024478985117347453,0.01695671562146972,0.435960237216822
10,6.830899995867531,0.039716361083581606,0.02836594646506202,0.40751611716388214
10,6.479121745784884,0.053777574438296824,0.03752497577456998,0.37922834428669794
10,6.26392284991624,0.06488820728472164,0.03906261541448275,0.3324661656147422
10,6.23622887768998,0.07234010566458997,0.033885891221711484,0.30110311345773244
10,5.784745585732676,0.07041173728675632,0.054695255672205845,0.2646943831713192
10,6.386906095143949,0.052231822984729545,0.04082208607494714,0.19171260211332075
10,6.791279171386828,0.04876686654797122,0.010135219719027089,0.18305021102142494
10,6.298450092350388,0.045832921491494004,0.0324825503024867,0.17144216267526657
10,6.271779122612131,0.03781901948776578,0.032673286100387944,0.11808511041645153
10,6.736601034263215,0.03427610515383892,0.012612721477425759,0.10609559047449069
10,6.842894565476108,0.02984691818378582,0.010784230868133626,0.09285966746160002
10,6.469685197630938,0.02984691818378582,0.023002062932204637,0.08452712873822343
10,6.055610176345659,0.029860199773654415,0.024052010820012237,0.04685554159719074
10,6.456038852306765,0.025857509120614,0.00965136465396843,0.03642310709819896
10,6.1937426330587115,0.025857509120614,0.012728843778454846,0.02755281228925388
11,6.322482427982157,0.03568544640320161,0.012211152002296801,0.04649738744836659
11,6.225716259441095,0.03568544640320161,0.019496620336617077,0.059155048649531666
11,6.073664409529372,0.034920911526138056,0.0279283193443243,0.08549062812160074
11,7.018040975105346,0.0277397707099311,0.01845389064191405,0.11501168733818026
11,7.582489173420755,0.0277397707099311,0.006662918884199953,0.12239840940542884
11,7.321903591059646,0.028474899530629504,0.012610936870765158,0.12833752510658017
11,6.438127265448476,0.03457703516167668,0.03048994457911894,0.14762028314695916
11,6.625483733074791,0.047126440337777006,0.02703740854991815,0.18931741426481805
11,6.664805961868076,0.04390583201763247,0.0277512833022298,0.20169510024679546
11,7.2545723942852085,0.026775870198907942,0.026348621422186927,0.24481998086927764
11,8.16987418348324,0.01952268990403284,0.007064826458505202,0.2543923430911693
11,8.16816788068042,0.01769977362598535,0.00871188628389613,0.25894963378628805
11,7.721072509583593,0.01769977362598535,0.012963333763230556,0.2718161156589616
11,7.869488974312347,0.022923847887500383,0.009076146622994719,0.28487630131274916
11,7.573918504746748,0.026974710596868578,0.025063209402954395,0.289968408904951
11,6.6962123578324615,0.04229214006612279,0.036486628301416885,0.33500272011865795
11,7.464598587806702,0.030035895901860066,0.0204155687901465,0.3629416655077848
11,8.133747937921743,0.0248790190253936,0.009795470976225767,0.37583385769895095
11,8.065147413443297,0.023055131899599023,0.012959073842923302,0.3825326074602363
11,7.8273717102494995,0.022111661937443006,0.015678059073545747,0.40175200538479755
11,8.187667323157388,0.022111661937443006,0.009595526894022127,0.4138887256073278
11,8.029578610016076,0.0249333953636486,0.010978134921851207,0.4209430591728418
11,7.090603601310476,0.035614957670285205,0.03435657022534852,0.4358449954510302
11,6.4894189187574955,0.05423549069440845,0.04408389098645568,0.48965619962353885
11,7.092379538005087,0.03464758244972771,0.026838894818698028,0.4759872225760584
11,7.804013613493922,0.025859304231207192,0.014367380153627707,0.4566660107390651
11,8.427392406150584,0.022093884843102353,0.0062813770583403095,0.447252462268803
11,8.23105795828718,0.022093884843102353,0.015103318021528866,0.4441032566223845
11,7.644147086450613,0.026962466470782643,0.017908034051049737,0.41704582622574526
11,7.672686907509258,0.030465921552966745,0.014584721847718085,0.408287188520285
11,6.9705367575002315,0.04111908998828122,0.030411526207700323,0.3878763825303091
11,6.694025616981799,0.048138280503250155,0.034404156828634846,0.34746413610488436
11,7.132496164534033,0.046954642481297174,0.02073917316135976,0.3190680688730394
11,7.053196564311255,0.046954642481297174,0.024321688506027173,0.30598578978216484
11,6.655608375214077,0.04830113352859857,0.03138044816178387,0.27042469186098506
11,6.7268445963779495,0.045048860456973025,0.027440066400762853,0.2432248934585971
11,6.856314423942456,0.039128185782165856,0.02401073155172856,0.21554455905945935
11,7.152371141953713,0.039128185782165856,0.015950737828588413,0.19520343035513998
11,6.966625701280915,0.040808874578806706,0.02024836432217514,0.18364308340228253
11,6.17756397094573,0.04708673758720283,0.03603217926809593,0.1547067017107897
11,6.202037405375944,0.03997123954051753,0.031017371703401186,0.11157872486609066
11,6.869985878101181,0.032408532915676205,0.012582615916510054,0.09267195830398733
11,6.7656324736317766,0.03068568728283507,0.016880998779201628,0.08641349303307055
11,6.433850818274294,0.0304325985249553,0.017411113254619248,0.05890996074558408
11,6.365401221697795,0.0304325985249553,0.016087724113013513,0.05159126652383206
11,5.564397095282638,0.032534713473690656,0.022042313054677853,0.026734512519557052
12,5.853491556113232,0.03383584235009647,0.019808696710633806,0.024675764067260443
12,6.076454073437918,0.028967009793837917,0.02441433880774332,0.06028930821222753
12,6.8599166113270496,0.028967009793837917,0.010221916250750286,0.07350444168274708
12,6.860940427895207,0.03122712005382421,0.011365005980207607,0.0807331407137281
12,6.18938307449269,0.03742764522559788,0.02845218958036879,0.0962344536431623
12,5.806497912496459,0.049792658127519984,0.04125855816657771,0.13763751987446568
12,6.915806663663169,0.04424993435618575,0.02270435847599417,0.17875156997631772
12,6.999209967122702,0.04424993435618575,0.015174121204543561,0.18304623682645402
12,6.378630448313026,0.04981184455199566,0.029340464618280798,0.20909981238540484
12,6.11811231960397,0.05766063995851576,0.04428387930169521,0.2417271660630156
12,6.596093147366245,0.045323878305728746,0.03903945793296444,0.29766757098879526
12,7.5769875338061485,0.030998892735065686,0.015107300174471872,0.3198060819289445
12,7.669823549990891,0.027768456971547884,0.015553926841167354,0.327882171337739
12,7.775487152309202,0.02256137891737381,0.0174324551711717,0.3509139356112792
12,8.342245765488284,0.021800660496151692,0.009811578105288682,0.3627470816800824
12,8.521607320044854,0.021398651530925072,0.007688914141405184,0.37053709182185657
12,8.118659349059076,0.021398651530925072,0.01567369875162658,0.3781249099628928
12,7.946070601054511,0.02591049837105256,0.01652852875847413,0.40188448932510973
12,8.070282483338413,0.026222380030378634,0.013005314595017026,0.41118196747984104
12,7.9009019861240315,0.026425920855835526,0.015699668893463192,0.4278951185151438
12,8.012715821924086,0.027136708047542944,0.012474714374983098,0.4425813052667674
12,7.723034693372265,0.031242004846879966,0.019318978879582227,0.45284454726511
12,7.032953695377721,0.04112296137916731,0.031180529964246223,0.4812192630259319
12,7.309512914173713,0.03655661355254784,0.02564582234869578,0.4847943928063976
12,7.717287820458959,0.02963449334065944,0.016465075301690446,0.46748909227667657
12,8.156270352390502,0.025687806216110953,0.011398361603321083,0.4518642422030167
12,8.093592720775037,0.025687806216110953,0.012764549061111352,0.4446923690700344
12,7.518075750262357,0.024096062026740795,0.020005593007663358,0.426335144080794
12,8.265092736657914,0.024096062026740795,0.012088519954071453,0.4046811830547077
12,8.4333987678596,0.025105293579563436,0.004554512530962673,0.4021581041726511
12,7.557643118097087,0.02863177661660583,0.02708333042792005,0.39557215799278234
12,6.599440476210416,0.042643552657194196,0.03780277806619575,0.347991443316811
12,7.680511790961155,0.03331789635762772,0.015641254474200894,0.31996660186039083
12,7.73166751682848,0.03331789635762772,0.012069097946458718,0.3167089343684092
12,7.2380652941426185,0.0334354600556813,0.01615277666122311,0.2958284059674734
12,6.937411908109705,0.0354487074205528,0.029285256856852626,0.28440338104596297
12,7.224870778164082,0.037985472484063657,0.025402124626092315,0.23725789225376814
12,7.416461386188865,0.037985472484063657,0.00753295147825328,0.23359913179377834
12,6.632280061605841,0.04186646986489706,0.03091396801896601,0.22219198929726158
12,6.172217459039857,0.04558336044903284,0.03511355929067267,0.17177119575584632
12,6.5934228049786725,0.05016020918570423,0.015187525563982507,0.15196487071591624
12,6.273996604201757,0.05313847817052249,0.03428230757067435,0.1413961446278813
12,5.46452535775933,0.05004631993672304,0.042978439956959213,0.08340025557456754
12,5.861955286108203,0.033874079183616866,0.022360712526601823,0.05543926471396288
12,6.326788691304488,0.027169905506577274,0.011513844357269876,0.038678830521363894
12,6.1592739795276366,0.027169905506577274,0.01471079162188954,0.032411575999423126
13,5.89105837631739,0.030280549820300894,0.019816577446118734,0.03534101527482444
13,6.288643888945165,0.030280549820300894,0.01047926004146912,0.044117338720909116
13,5.938258614028483,0.035153428475042325,0.023346867702709828,0.05629953535776268
13,5.442385002675381,0.05013324367223113,0.044378362033317804,0.09081107412632877
13,6.584912339121578,0.0408583405869952,0.02987285001879804,0.1450562594243983
13,6.720273580379297,0.03865813469118458,0.01882563186534497,0.15055677416392485
13,7.079723306996847,0.02749937584826994,0.021718346347451123,0.18270752315508823
13,7.709422529485156,0.02402542437658557,0.010153134000785616,0.1939934668588271
13,7.726307452121958,0.02097335782583143,0.01240835555522371,0.20301379115665946
13,7.929784662661463,0.02097335782583143,0.01127356288908729,0.21881017796927452
13,7.946714634153273,0.021474749657512365,0.010700148713174429,0.22556091693483404
13,7.467948626696286,0.027334573041828097,0.01592943750351572,0.24021047539562337
13,7.044240738811346,0.0351907421165966,0.025539610409077276,0.2574197919418655
13,6.922930805575017,0.04247244287990072,0.027250473925118646,0.2912896962137779
13,7.084097627736574,0.03733349199799106,0.023218600295904057,0.3119207397921028
13,7.406126504308066,0.03022557553866447,0.019856900780489406,0.33772689680558604
13,7.970519865015532,0.026646709208659046,0.010104676486723918,0.3516345413530816
13,7.82444172014516,0.026646709208659046,0.015429939009796029,0.3579362497790339
13,7.457065387539462,0.027654615756923927,0.01807440253166212,0.38249441937267364
13,7.526485419870679,0.03229086994479772,0.01324843656730787,0.3940850548423581
13,6.933923892958808,0.03724029180019438,0.028657403141469306,0.4089912925072894
13,6.563921072963899,0.05420371924739732,0.025667368427581022,0.45139986112529673
13,6.38436981602514,0.06134465383712108,0.05634280040804429,0.4603260293624514
13,6.03473305024302,0.05564460168899793,0.06302618832110043,0.4359145380586147
13,6.6560965942170895,0.04469860990879915,0.021568741310533324,0.4136215939953477
13,7.200383064059892,0.03636079448567928,0.014603167217541457,0.39277705543754804
13,7.481893299116239,0.03636079448567928,0.007198194031152794,0.3844152595602648
13,6.965396445635369,0.038774631359688214,0.043350985716329005,0.37838066737524245
13,7.105111707195463,0.019728346636657835,0.04431732798328508,0.2977132881276068
13,8.235256718879212,0.013354525261510241,0.005947721420548169,0.2897460114086723
13,8.41324099864904,0.011783258812645503,0.006035224649960758,0.28581784528651044
13,8.564024440745062,0.011783258812645503,0.005884264476236856,0.2776755621087508
13,8.462424541871185,0.01323375712253112,0.007519794895988141,0.27404931633403673
13,7.784405490394174,0.01786415709444513,0.01339540357943303,0.2626359723167745
13,7.808461481292957,0.022027841885417065,0.012154257775823685,0.24725850917517067
13,7.685490317425313,0.024786336182008806,0.014311416891495898,0.23832745676512712
13,7.350439843897307,0.02637999560736044,0.017639236003247627,0.21863567539217887
13,7.576453856794986,0.027789152962845322,0.011999187661359767,0.20304898475863187
13,7.340637765359312,0.03115382683851433,0.017729696534236505,0.19463730006945934
13,6.551573247125322,0.03945631104655556,0.02744054131024304,0.16758959169015886
13,6.370571026519385,0.04119379244033274,0.027947497920899345,0.13975621744897326
13,6.8323130636399725,0.036498457840588895,0.017188450603184968,0.11169459584836017
13,6.801495704132218,0.036498457840588895,0.01637718046619796,0.10537931624260333
13,5.972462006941911,0.04121810208378658,0.02657537580831154,0.07894023491596425
13,5.569483005142581,0.041398262997252376,0.029684707668452437,0.052228564625980245
13,5.553871263647332,0.041398262997252376,0.021121291703376843,0.019570819579059373
14,5.980626172352759,0.03361202612834955,0.016784972213269436,0.03674661578276662
14,6.270505846555676,0.03361202612834955,0.014416283842896987,0.052639918852703416
14,6.050201770910861,0.035601569939148134,0.02650884983835574,0.06557918346856059
14,6.449225534929969,0.037529821254801976,0.02482418664541959,0.1056576185294149
14,6.893376577861607,0.037529821254801976,0.009476625034066398,0.11522755675939977
14,6.485357461659107,0.04128314599006114,0.028229922504170765,0.12461086859754769
14,6.060302911325342,0.05146128402471052,0.036714393445641466,0.1716874017677413
14,6.273584871207493,0.04144692673213014,0.03109259072595412,0.19803965548883062
14,7.485996117360179,0.019446890651240435,0.019440176525465286,0.23387258321964954
14,7.682853331968275,0.018227920523195773,0.007629059727324694,0.2369200085397612
14,7.823672840703384,0.018227920523195773,0.00809884946070652,0.24913070267429893
14,8.00189913380679,0.019822722437945896,0.004296368527224065,0.25311770746117424
14,7.294563363322306,0.02287316601353313,0.03055940265756707,0.25772343972874706
14,5.69468610534284,0.06553564107938473,0.06206854287161642,0.3142365127763084
14,6.451560903616395,0.03260851006819106,0.04426345092009071,0.3818605254719799
14,7.764552254102364,0.015886198752583146,0.013166090757724375,0.4027634146164898
14,8.138382535907859,0.0137144818042076,0.006967609043223882,0.40819270698742866
14,8.565222149859535,0.0137144818042076,0.005419405070458627,0.41669863270293755
14,8.550290617918458,0.014647635574370942,0.004480136781357669,0.4190315171283459
14,7.453767977948141,0.01994954688421653,0.02909468211035457,0.4256589062656529
14,6.594819935779849,0.05118338049402808,0.035771289730475664,0.47722088134905505
14,6.6597413680817485,0.051178669813124446,0.032831355071181234,0.4972014857266042
14,7.394454685982473,0.02857978627744965,0.027364717645394693,0.4571164085085825
14,8.00661794195025,0.024270159968213356,0.009138259203352872,0.4480690789826064
14,8.11129991117638,0.020578484415921493,0.009479734272324403,0.43883989010187674
14,7.905025818286765,0.020578484415921493,0.011804830606211236,0.4291096104379576
14,7.434036949994631,0.02613023703532282,0.01615824712595565,0.41523022888945427
14,6.68845158096595,0.040879927198049205,0.041710231120759056,0.3967931161860463
14,7.046984547843305,0.044614052001091406,0.03610675402321434,0.33180976664793616
14,7.399761318410669,0.04172198859776399,0.010330690950240251,0.3245796081396176
14,6.953095327836387,0.038285812068484845,0.02559864240971166,0.31114838474745565
14,7.069328568379999,0.03405009940256023,0.025553272415162753,0.2733823233201943
14,7.413440022709327,0.02871390604133457,0.01534889368246678,0.26004183991713015
14,7.798758413391173,0.024194173190725164,0.012340358248971006,0.24268453595526074
14,7.875160242560439,0.024194173190725164,0.00986358877580118,0.23536112341918813
14,7.295857956815387,0.026596967801435657,0.019270886001537646,0.22295735840365838
14,7.101641248104595,0.029299954505819414,0.01881570396951443,0.19681935141611284
14,7.1824769718787564,0.03389731488641275,0.012230704023922512,0.18532595046462952
14,6.5302709027514725,0.04198879151695971,0.03593997722532133,0.17235794336826782
14,5.869695666078766,0.040110210040525486,0.041337619664727876,0.11344599601398686
14,6.566927360696535,0.021099576460385648,0.01825467644533818,0.08968270403881207
14,7.360000751463932,0.014918886626032668,0.009128834315964063,0.0769366431233105
14,7.815620047538969,0.012714243539462045,0.004926941566455456,0.07142503540688394
14,7.743419801960535,0.012714243539462045,0.004936624049491578,0.06708275999039959
14,7.079821630822522,0.014926632612461566,0.010622071208501838,0.061551787307900785
14,5.756788184397597,0.02687372130077208,0.028220010351727054,0.04583861757339591
15,6.333070069165154,0.014942943781569396,0.00896108328618749,0.012298966822882134
15,6.746811547057146,0.014942943781569396,0.0075503654384286864,0.02041719463276937
15,6.678714419601569,0.01773594500835745,0.010637313412922626,0.027399697699739507
15,6.489031967725747,0.02099928656450811,0.014734237308111223,0.04169182145861462
15,6.7197790236713555,0.025952712681864238,0.01243023837237018,0.05686817231596195
15,6.549546909510994,0.029826363036821447,0.0194918171825829,0.06655229820335498
15,6.2624990106676535,0.03301038154799531,0.027369927006136094,0.09585180668112775
15,7.287325029827054,0.019844365656329854,0.016099618313391434,0.12129215221562717
15,7.816029410422945,0.017140809219416474,0.006844418600628122,0.12805104330791062
15,7.735905259032052,0.017140809219416474,0.008727572336144698,0.1349809894168834
15,7.666745895090262,0.0200505163536011,0.0077154407438905365,0.1455061879802
15,7.315291397220873,0.022012789523386887,0.021576259921681093,0.15041187090466449
15,6.390269990514076,0.043216441214434964,0.029322151653241132,0.1886587078235622
15,6.280856165920856,0.05146724771810126,0.03791917893348276,0.20905617421114675
15,7.526442963273204,0.025856018807839977,0.02965179559305589,0.2644970656905277
15,7.944435151291388,0.02431093892514765,0.006064925782463898,0.26835976539725853
15,7.795515834310483,0.021908904649050587,0.009813118972253204,0.2766269172554555
15,7.667910049790289,0.021908904649050587,0.011113931035997643,0.28798600334176494
15,7.237481990592277,0.026256415043324932,0.02210074278875701,0.2988547793274508
15,6.597081030167867,0.04147082712964467,0.033631847160068645,0.33218748891927896
15,7.246138923111754,0.04056150358111771,0.0201641920433743,0.3661184736475881
15,7.24445332848107,0.03800254383774192,0.02180389028592386,0.37251587300602756
15,7.342568306770459,0.029080556690020166,0.02372074037345656,0.4097262542194358
15,7.820376839523612,0.023471431311876068,0.010712346284895952,0.4199573537529407
15,7.842659784110497,0.018993994097361255,0.011836393766272185,0.4311509467892277
15,7.89596249685331,0.018993994097361255,0.010604015248777326,0.44363014128548506
15,7.887606535721208,0.02248552849788018,0.008092632695329005,0.45235897728678237
15,7.278496881812305,0.027145229078969834,0.025509183597036716,0.45981540667614307
15,5.574986647545231,0.06199477932274002,0.0830278010190284,0.4966226555191442
15,6.440464602535394,0.04239386339187723,0.06540359905782861,0.3741289912858001
15,6.820311448022448,0.03574303628602671,0.014788992284037128,0.365815457403487
15,6.940508082332163,0.027237256011722267,0.018854446256942825,0.34455100671772587
15,7.23511897879507,0.02629114497027074,0.015253132233181976,0.3281065648896013
15,7.513831052504313,0.02629114497027074,0.010974348341081464,0.3140447422513619
15,7.315319836998986,0.02944589458784015,0.013615024275350884,0.3061578682074384
15,6.2665844606490015,0.043875347589448374,0.04655925259526661,0.28681469370066015
15,5.679616585759144,0.06741452401386736,0.05554561175359718,0.21303936301690518
15,6.295019489621196,0.0479053255039001,0.028985403055434733,0.1757234701934658
15,6.686298398641874,0.03964336018892807,0.018788096218650185,0.15506855690603571
15,6.719423387994322,0.03531180903546871,0.017768217826358124,0.13814727775616542
15,6.3976651434163525,0.03266781768891693,0.02510604379694198,0.11953212125331947
15,7.205667291711703,0.02313688716464739,0.017309586495298512,0.08793519016228146
15,7.456191138784467,0.02212204731065437,0.005687230558174716,0.08491294826272244
15,7.101383980752727,0.02212204731065437,0.008228236111423759,0.07656072904593203
15,6.540098541761313,0.025059543789920324,0.01990395550334373,0.06845647603987493
15,5.59482575758952,0.034855096173414,0.024777310798830054,0.03675281803924457
16,5.8064872249487705,0.020497664056466847,0.013528056546425856,0.014731590098232236
16,6.375148445408765,0.020413197416779955,0.012572700137223364,0.03240808556321136
16,6.677773679213131,0.020413197416779955,0.008939360675912215,0.039876990372678965
16,6.511161645827461,0.02164950234578254,0.01225842377765465,0.050286806915035794
16,6.276384970365838,0.02571894705997496,0.015148363002487706,0.06439383792798827
16,5.9011827478159695,0.032194825056784136,0.020897704687406586,0.0805835329200112
16,5.112150919270219,0.052679396563016324,0.07518609439239485,0.10618924730280144
16,5.793978949587785,0.057269702408766075,0.07114602131090104,0.2309557217048009
16,6.473401867968278,0.04324924783292396,0.018265857822309273,0.24848128992460353
16,7.217588212255277,0.035646788862997596,0.010772619136445075,0.26748743734941943
16,7.147456358559998,0.035646788862997596,0.022503082127691115,0.2700265281974937
16,6.377899104136153,0.0439125778537811,0.03630586764701141,0.31249360160480166
16,7.236764009361258,0.04200626205966882,0.01896633901965117,0.3426382634915165
16,7.2771131557580695,0.03889105559863382,0.019222846113256392,0.350426279644104
16,6.937172890293208,0.03324260339382799,0.028500624061020774,0.3810839557180293
16,8.122572700623921,0.02123904423581332,0.01520899176569357,0.40742752776614555
16,8.389339488448169,0.019609279642504973,0.007002260520541093,0.4115019392494164
16,8.0505921913425,0.017661629607705776,0.012085905934259927,0.42143204880722773
16,8.288981080690768,0.017661629607705776,0.009760986106862185,0.43567375111793627
16,8.27561836274673,0.019773737568912108,0.008184070302246965,0.4409540210209521
16,7.380590314154165,0.028644034130094587,0.02950202132574478,0.4520418917224302
16,7.682576869420716,0.026485328329594417,0.026577736629376597,0.49995806367244167
16,7.990928474135783,0.024389607806097724,0.009033057102831143,0.4948026350188166
16,8.451286970516154,0.02010145631942901,0.007130112787542442,0.48197582212189605
16,8.396034473277112,0.02010145631942901,0.011819706547033848,0.4805424094437317
16,7.3310523186928584,0.02898385648579036,0.021554058022082934,0.45833640902782835
16,7.1479884626307095,0.03636343388830889,0.027445818194582083,0.43743429339956585
16,8.134186548022537,0.02036823436552875,0.01963794414294212,0.4034447726386642
16,8.709852991445551,0.018072827401140357,0.005793560823545263,0.3981584051136816
16,8.700551467573007,0.015552525752297175,0.007290857787824789,0.39185765099157366
16,8.466145585037822,0.015552525752297175,0.009761478573473148,0.38357668953803203
16,8.218879445850563,0.01858657108667434,0.011894936469128925,0.37233469384462736
16,8.093121728814936,0.022424591385893745,0.011898157039556656,0.3597868165997742
16,7.771556146563478,0.026923966119597798,0.016232967760149042,0.34853837976551405
16,7.207099405480634,0.03419277379085868,0.023345577453013633,0.3273208810794761
16,7.048902837525896,0.0356721043985337,0.023396482881408387,0.3018472248594868
16,7.45546438255597,0.03410691523697207,0.013468404791768529,0.2805279153166593
16,7.313961072880977,0.03410691523697207,0.020253688487814614,0.2749104152759497
16,6.454914349147524,0.04806286601093992,0.02533996191108384,0.2400205383410301
16,6.0991161562014975,0.057280696187864646,0.050904699924286756,0.22423049145378204
16,6.105416656585693,0.052755087356322485,0.047588926011675914,0.1382111384924566
16,6.5574842079385505,0.04780320766876785,0.010378536658886273,0.12905263943043022
16,6.145561783155978,0.04316377796646938,0.025911426923255376,0.11745406517468404
16,5.573677343008388,0.04316377796646938,0.03305104260708919,0.07722978558391946
16,5.860564823801384,0.040112038579225226,0.01845629893156031,0.05135197996050567
16,5.634369320418753,0.040112038579225226,0.02309676492916074,0.04031718772079884
17,5.822263710176813,0.04033769326674532,0.05277512377153705,0.13986803423774286
17,7.227221884120146,0.02364391287938341,0.013934737433043964,0.16073525972194525
17,7.619426287302163,0.020843013126629194,0.00905091256941172,0.16773750910383078
17,7.659735281482828,0.020068793627698124,0.011010253101610093,0.17883708486076869
17,7.6647382589506154,0.020068793627698124,0.01256184183403826,0.18975801530705097
17,7.829703129865361,0.017668396305723737,0.012088511341044092,0.2039607685288452
17,8.259252943336723,0.017668396305723737,0.007880685751391503,0.21393503798913915
17,8.289332758370257,0.019926064262076236,0.006652817107688516,0.2197221400316282
17,7.632064964967901,0.02293347713123143,0.020299595433821954,0.2272406722045162
17,7.550749968851971,0.02934115122327811,0.020338081442562148,0.2603213308992721
17,7.805945482237393,0.02934115122327811,0.01098164099156318,0.2679168350896405
17,7.462292490562141,0.03237055442203297,0.017935808095063815,0.2822846128823985
17,7.187067240804451,0.033061766436916995,0.024486966629514273,0.3037884512797681
17,7.685769630851989,0.030894099476683423,0.018498081177466402,0.331258546141427
17,7.950771272584806,0.02933047553011826,0.011593528038238932,0.3407846136347009
17,7.66842184034177,0.027110221335299854,0.017893639099852005,0.3544456022179049
17,7.641510695639119,0.025393521464582857,0.01851044621813633,0.3765718918344049
17,8.427853175462534,0.023371888924515204,0.008714795173772355,0.39146649465417754
17,8.384825686211208,0.023371888924515204,0.010917621759810148,0.39400148218194964
17,7.49660343110363,0.027069836732304786,0.019019365395683135,0.41330173817379784
17,7.315652821199624,0.034565226652112015,0.019372681505572226,0.4320402129733159
17,6.802904336296248,0.04633828379313595,0.037159915210388944,0.4520471011849423
17,6.6408354652362025,0.04975033421194144,0.03803738055830358,0.4936399566059062
17,6.857708022165392,0.0358415170974419,0.027008735783246474,0.47187813769845055
17,8.092540897423985,0.02293925603382698,0.01742573080890042,0.43962248503941326
17,8.441071548809509,0.02293925603382698,0.004014343142428822,0.4370266760806497
17,8.028270355089488,0.025112406964264623,0.007601425870609968,0.4315937987545556
17,7.177510986240193,0.029214427579113834,0.031508156047672486,0.4218238243394298
17,6.8224892279998475,0.04557888296727928,0.031987669947116604,0.36857748665921064
17,6.891056824612953,0.03929196584328927,0.025105361671175275,0.35784848444519657
17,7.643613549679958,0.023499277391954676,0.021944827208923212,0.3183667633168601
17,8.251341139187556,0.02282222818031321,0.004439485812800792,0.31395883002735014
17,8.171831758973607,0.02282222818031321,0.005054552142232438,0.3094877916912585
17,7.4554652819560765,0.023833366287113834,0.02338118611878076,0.30384972574288527
17,6.827834044280955,0.03987087321822695,0.023889158669783972,0.262725419453697
17,6.771988213729793,0.04253247763837882,0.026790132970176073,0.2560714084033173
17,5.831983336241505,0.058895427551286336,0.047233678144568525,0.20914515351334484
17,6.562106729485967,0.04441434533854245,0.026210179122121702,0.16160405211418027
17,6.577206245964721,0.042462642600510914,0.023234027941767266,0.15672479526910144
17,6.593141540197233,0.03255087528536342,0.02557877256175195,0.11513599623064574
17,6.993633638497931,0.03255087528536342,0.01033922735640852,0.10556725014559754
17,6.675653682859055,0.032763956447174246,0.017440787310956718,0.0944575415178287
17,6.166377430814872,0.032763956447174246,0.023012029876393558,0.0706856755236841
17,6.141453532887375,0.029999489927195654,0.01923191357710452,0.048433481765041586
17,6.410801767388373,0.023996720971419937,0.011514513698004103,0.03222184836947506
17,6.220991469597,0.023996720971419937,0.013134450968703693,0.02540445436903338
18,5.962052889364387,0.03958760351170171,0.018799494137804892,0.0493658221664162
18,6.169699879837535,0.03927416555518811,0.019442651906645802,0.06898772230871213
18,6.103585255631518,0.03927416555518811,0.026233001580447515,0.0882511259797078
18,6.416987256229787,0.036914639629599025,0.024078564427574237,0.12145372546960716
18,6.6509770211391155,0.031186247151132128,0.0180498963344116,0.13640825483485627
18,6.794302451508857,0.031186247151132128,0.016447872048939646,0.15755351813843035
18,7.065132075956104,0.03588643946885421,0.008816653415117809,0.16930399893273557
18,6.659403130156241,0.040181829852127635,0.045382086398767035,0.17518682496866597
18,6.489649091313343,0.0336920621887223,0.04960642900348146,0.26006817173026964
18,7.455994048777674,0.022226853192434903,0.012023661459817286,0.2743996829756289
18,8.047134794078197,0.018340528522724775,0.007842064745009397,0.2841154946499042
18,8.068929962083722,0.018340528522724775,0.008026873878348467,0.2900838124656477
18,7.539179300449772,0.02002447803711812,0.01497456231576505,0.30016924240660114
18,7.3056456928646885,0.027969955913348776,0.014174979183195657,0.3200329370971778
18,6.997385485721235,0.03475896685400052,0.03450525972841126,0.32851920077299246
18,7.069860973434818,0.046781521384358704,0.03305926395968631,0.3890434565540003
18,7.1973962134560985,0.046781521384358704,0.017396217058976926,0.3946377286923651
18,6.823332307262967,0.04280801059179286,0.02919592664463988,0.42383589067195415
18,7.048894923976334,0.0399478910787545,0.026884676096867677,0.45302958198164484
18,7.5752458189266205,0.031697043444220974,0.018946361024152314,0.4776052428656895
18,7.935071466422505,0.030316797075844337,0.012554933489204056,0.49092230402994946
18,7.847320441937736,0.030316797075844337,0.014198107418198408,0.4972848901559024
18,7.392652347561501,0.03140606481750517,0.024196187850981987,0.4806814811336537
18,7.893713068079673,0.026208241394252818,0.019264228774254155,0.4488925144539384
18,8.228152013259724,0.02351244504673562,0.008997507567359286,0.4421530235851454
18,8.174498488298635,0.02351244504673562,0.009815234908342074,0.43089749931921983
18,7.859385567299668,0.026862423267039047,0.015076379233920745,0.42252255376846126
18,6.955241247930013,0.036963714265385764,0.032554878261380094,0.40074474085137834
18,7.36588959878997,0.03404414474790296,0.026131379118877418,0.3574127972457011
18,7.723096515610047,0.030471818895071934,0.011528337657817467,0.3484819826136235
18,7.668531221489798,0.026497666865733627,0.012831968594432586,0.33435612193006614
18,7.372407027940909,0.026497666865733627,0.01862493152477368,0.32281804542475834
18,7.061824956891172,0.03678238148342945,0.017489891134656432,0.2971062588805188
18,6.769198389064293,0.04381372141684745,0.03846362329106284,0.2878382631554455
18,5.8216599683822725,0.055726461197052005,0.053470833847541754,0.2201790122983931
18,7.224601195047578,0.026791177571747805,0.021649794899549768,0.18089659546036196
18,7.47892767648508,0.025184308387320442,0.007663744731782385,0.17687942249929356
18,7.022451611220351,0.025184308387320442,0.015240776195190764,0.1655691059967972
18,7.005649734851401,0.02906126998382681,0.012751296890530006,0.14639787010891203
18,6.760117463776604,0.03159381314109675,0.027411739198121288,0.14006651221573718
18,6.385331027285423,0.03337623175424494,0.028639399775125307,0.09157439171266946
18,6.607239281923427,0.02986156013537178,0.014294011804101114,0.08278771266548657
18,6.896960131151337,0.022824583899378758,0.012576119606426073,0.06298636810446723
18,6.9520547633085785,0.022824583899378758,0.009243696872267282,0.05763547345263442
18,6.202218241008736,0.024369876152365588,0.018272184139736025,0.044498974359932664
18,6.092155952794434,0.02561192336324134,0.014264440216133711,0.021091105173162372
19,6.456354121523724,0.025722298416286066,0.01401986146116044,0.04548872165819056
19,6.830095716173776,0.024642900417765005,0.010875177865293763,0.05576178442350913
19,6.872170627439519,0.02464290041776501,0.011529814502506387,0.06723907738877809
19,6.577865077561368,0.02526729065209467,0.019443750732817455,0.0788214134285219
19,7.027647459279202,0.02823628135844251,0.015528315509747162,0.106126578854413
19,7.092340156931625,0.029736867595883804,0.010436239938089724,0.10987804444801623
19,6.174785543256551,0.03972412079998602,0.03490524873993286,0.12699905873059245
19,6.680758075532289,0.044538875029670834,0.030033115490882556,0.17968854192788195
19,7.019103338503937,0.04588903545845058,0.00962784180662718,0.18706528971235756
19,6.458880000132216,0.046615139202232383,0.03646800871644605,0.1989442255411363
19,6.869503203356603,0.045507379344674574,0.03446941407723579,0.26000130714524966
19,7.155944261776179,0.04235468072453129,0.013625170397625591,0.2678830536956079
19,6.778108648756266,0.03636409613183857,0.027954311648231922,0.28725164794050084
19,7.667841062505456,0.03213482110660032,0.02015350856578843,0.32379167699207173
19,7.799618781570454,0.03213482110660032,0.010907235192165049,0.3275586650720777
19,7.322456390679236,0.03315463547305122,0.01943850332031241,0.34560614737640183
19,7.190204546483322,0.03589361748090984,0.023363600452200095,0.3664356717127025
19,7.116023713420476,0.04287296579334528,0.02560994256944671,0.392333348280802
19,7.157814492136073,0.0388761282489143,0.026070655727705144,0.41765555685159594
19,7.638752064562178,0.03168065063386839,0.019477111448614276,0.4444746597362123
19,7.957842456742139,0.03049629484542221,0.012623059434211437,0.4566097797488245
19,7.836751752813601,0.03049629484542221,0.014963239967834024,0.4697207786046352
19,7.4716575631645625,0.031339972636007504,0.02262182683499045,0.48653625968449254
19,7.715509674836405,0.027800885735890846,0.019734064813054175,0.4850355677253839
19,8.176586692674341,0.025430439481463552,0.010014036729387388,0.4739956106893991
19,8.079599243535858,0.025430439481463552,0.011612307444302694,0.46500749426660914
19,7.581426935365505,0.026562770980247397,0.01772163150551964,0.4507709958007937
19,7.1492003903321155,0.03504547679833694,0.019940702538501054,0.42956423125556986
19,6.556921863608861,0.04998518922375954,0.049318368880783336,0.4108895907237916
19,6.796560212649188,0.045377062788875586,0.04560775800967398,0.3309274934940032
19,7.461364488047391,0.03743194806129866,0.01061699714851716,0.31967407470444364
19,7.331784113206586,0.03343971785830875,0.01681037285383452,0.30969349919696887
19,6.952131785583605,0.03343971785830875,0.024163822416866376,0.2860533289967746
19,7.084961593440666,0.038808713020980365,0.02018801712645668,0.2613658543632361
19,6.960983189083478,0.042041849454812555,0.023515832838524098,0.24567729474386124
19,6.627218578348483,0.04219619744709287,0.029392671445496787,0.21433418868618792
19,7.054078594863463,0.040710748040275545,0.018419927540849923,0.18689195185286767
19,6.991568471129973,0.040710748040275545,0.020440943376201226,0.17749433360448807
19,6.455580668311006,0.03829442009174722,0.028824518613951133,0.14601006510046521
19,6.817021208016299,0.03439020776589687,0.019663772837487437,0.11984529637658581
19,7.013640967492101,0.029125096985458686,0.013724431039788543,0.10668251942549034
19,6.750133611555808,0.02713787683746578,0.018117647259773273,0.09239643429700872
19,6.902879583261329,0.02713787683746578,0.014163848762356657,0.0704472249059438
19,6.901344858474012,0.027989721314577554,0.010864160336213513,0.06406873677229541
19,6.025454098187323,0.03045114971258762,0.02363940286127625,0.04871890423351677
19,5.6985422387334275,0.03145942454659258,0.019785546052233316,0.016789931049742912
20,5.3975752966133195,0.04605793056658053,0.0347874275381603,0.05277901010221381
20,6.125585215753165,0.041850156575801004,0.021307172323117726,0.0771692682541935
20,6.386413434641472,0.03456052197809869,0.020465592428076565,0.09539335474844926
20,6.566083349578027,0.03325626211762465,0.020792913534468743,0.11810045311034663
20,7.1068055635599094,0.03325626211762465,0.012482077478635008,0.13697918181738675
20,6.983880657720109,0.03402024367727119,0.01996070749936124,0.14306460806761664
20,6.32179323216666,0.047554639176668224,0.028772197555598025,0.17690059681610923
20,6.145171994447071,0.0560968718638251,0.04127201738718762,0.2006090031788127
20,6.62708257531659,0.036525909471290155,0.038383054036064124,0.2594446315904845
20,7.69391401196998,0.022652499504676037,0.012506653306877225,0.27737511125094094
20,7.9078390848715605,0.019819368723356844,0.01028190056957054,0.2844579382042389
20,8.191878544733818,0.019819368723356844,0.008671272628608034,0.297938912390082
20,8.100576720006064,0.021363997151906032,0.011348108210414765,0.301800483461455
20,7.214034223066433,0.026822511170923935,0.02211960827966647,0.32063512881091155
20,7.641971435207106,0.029194632489308103,0.01549996613389229,0.34603970002078793
20,7.682416973665244,0.031432776912471386,0.011316612994358544,0.35163506107869613
20,6.742956543162974,0.042398143713936284,0.037812399026115995,0.368672926009505
20,6.791429910870932,0.054641982300117894,0.032847448665069445,0.4272598591309281
20,6.816833151059274,0.054641982300117894,0.02856685600581116,0.4343678233396439
20,6.625226525869701,0.05663648000575335,0.03382426994894025,0.48439357114255044
20,6.6712599267858215,0.05663648000575335,0.032058904651154185,0.4979836367624756
20,6.587439006285475,0.04799101824778111,0.038329773360990804,0.4514886195551412
20,7.359617110314771,0.028163135858434087,0.021456074039208073,0.421324090040494
20,7.756605150640977,0.022006325458466636,0.013661536728203638,0.40857647147672504
20,8.322561046725937,0.0161761435014113,0.009991822694518593,0.3940010165840867
20,8.657332543873338,0.0161761435014113,0.005263060174066803,0.38859282608768786
20,8.283922516212762,0.018223315442105203,0.008819843908539793,0.3834748962359531
20,7.17491420569361,0.028240721814381066,0.03348697802659556,0.3709531382706083
20,7.457592752472564,0.0292003217075937,0.03061122986740694,0.316500940182762
20,8.092963180703432,0.025681149296014328,0.006693184867172686,0.3097306785357944
20,7.937006196004417,0.023034706061063216,0.011170249328942061,0.3031145704484166
20,7.601804111467993,0.023034706061063216,0.014447824514806085,0.28739017987791027
20,7.389328088499114,0.028303209444705546,0.017413311156484035,0.27421892141880444
20,6.858604917712839,0.035935030674306014,0.02706257008330748,0.2525635575649422
20,7.057554477593602,0.0409197950362159,0.02008618900423631,0.22009378125218948
20,6.993196658298012,0.04400083571450386,0.021502529190135566,0.21239117955646958
20,6.108649093560192,0.04887719526882708,0.03975910040827807,0.17708872287191835
20,6.675540090034472,0.036327915791009316,0.027446452461028836,0.13287297873991344
20,7.09174114904185,0.03188959600349443,0.01137703404662277,0.12219581794986067
20,6.8283206118357,0.027058833082217328,0.018578249285819415,0.1101189106466679
20,7.019396892060074,0.021020577074375768,0.01670243924240311,0.08503931937822184
20,7.423776980012089,0.017690462187831702,0.008449564496474993,0.07671403216186168
20,7.512280067018794,0.017690462187831702,0.007720454302285462,0.06814019038527186
20,7.397858340601309,0.017770640453599506,0.007066776540120778,0.061273123557290754
20,6.732248060444434,0.020677234954503687,0.01775627238112698,0.0540066373050303
20,5.6924660841222945,0.02934839985911495,0.02154463207402446,0.025760578795036793
21,5.53388585025218,0.03737229838358913,0.019433514485665514,0.0174179465582486
21,5.481739679630424,0.03737229838358913,0.029665821790132448,0.04691956745175331
21,6.3020297675452674,0.03363318804471871,0.020871625957298204,0.0767495901385135
21,6.815370777914506,0.03363318804471871,0.010574796246617855,0.08866281936634972
21,6.603440725986994,0.03681788028086025,0.017014111503830164,0.09789918263174921
21,5.834944426737582,0.04426748521249389,0.03896598536170466,0.12269104237401005
21,6.28174522417018,0.052933969147816985,0.03171789004795163,0.17583115335515853
21,6.43792677451643,0.05705223679371889,0.01806688046548177,0.1861268224699133
21,5.720438485790683,0.06936224024070108,0.05869337627287552,0.21196491428612207
21,6.515993518518913,0.04354834841798903,0.052008407907339405,0.30351357501566434
21,7.143576083162336,0.0335738243498798,0.014258492130089284,0.3159817301008009
21,7.420137131898497,0.02715429267986299,0.01470324005761342,0.3320305592758429
21,7.59145431209352,0.02715429267986299,0.0127209101494353,0.3453882102160277
21,7.331358394878205,0.028401981190902446,0.019524263892427063,0.3574723795747135
21,7.258837263949852,0.036633960202827234,0.018014454198437446,0.38443673800088185
21,7.102022819588115,0.04025978019110985,0.027843093053684098,0.3935012879715884
21,6.7106940724013215,0.05097017766549601,0.03234514068797817,0.44012292410825005
21,6.723430859468262,0.04932526705744065,0.03227062235570832,0.45819156934754474
21,7.4451248903433065,0.039665699353426884,0.025932265446722086,0.4953358311803333
21,7.68478032123004,0.03867923015698801,0.009528839417132062,0.4899438997590111
21,7.0667138188848515,0.038621880622434525,0.028736555453343637,0.4762781523460692
21,7.526053340113101,0.033663034438349636,0.025667541368801283,0.4324707888523238
21,7.869258578643971,0.030231533518549437,0.010718083569936643,0.4249430696084666
21,7.641311024224974,0.024668154360143003,0.016562210689766543,0.41103462171245053
21,7.616464555706352,0.024668154360143003,0.01672780727550438,0.39181864822893353
21,8.223395990451035,0.026253454915127185,0.008054297623391438,0.37757900716144177
21,8.130167632032178,0.02700103658684363,0.017169501165409717,0.37571005298215066
21,6.981060513777626,0.03607808990703487,0.029606434325657516,0.34324000483062234
21,7.51929718452205,0.031168349119392546,0.01912996757736435,0.3164971843308356
21,7.7658912200574175,0.026561503257415752,0.013196528732496104,0.30498006967589364
21,7.633599189496097,0.026561503257415752,0.015572507571411265,0.2901041268658434
21,7.814901236298053,0.027365953818102983,0.011066782857242552,0.2738350545330711
21,7.585499343444843,0.029711751170788104,0.020444529217721386,0.2679705611513583
21,6.575450697894803,0.043753277609786714,0.0329812228493952,0.23294599609762834
21,6.647285307686781,0.0471855494312118,0.027378376573242658,0.20200811545256792
21,6.6533429015126515,0.041664529045588504,0.026165081562914083,0.17818924295114302
21,6.986754384725836,0.03555462850712428,0.019529756341765125,0.14967795232673975
21,7.028170793503231,0.03421241788072511,0.01683246282384776,0.13912973026761277
21,6.7082978194607055,0.02876825164059551,0.02108515950972023,0.11601302667904423
21,6.813964783790231,0.0268656277183293,0.016525314232195387,0.09695941124817231
21,7.394506727140113,0.022349427216875207,0.007950884820289439,0.08296239821465345
21,7.300819444633364,0.022349427216875207,0.014604204216858763,0.08105764160759343
21,6.809846423913516,0.021708925992330808,0.015840786469314416,0.05375398978093593
21,7.18939180935945,0.021708925992330808,0.004366839117784294,0.0493760686689646
21,6.6498214533916995,0.023384649955380876,0.017271524620883882,0.04502031154536734
21,5.700555907362093,0.025181246252009126,0.01880459611867097,0.014833019427196836
22,6.666552185979491,0.03093920042165126,0.007808113693731994,0.09091802239842546
22,6.4596922014671785,0.027168858446236364,0.018590953693187813,0.1003438773369627
22,7.090215410700816,0.02395299245981202,0.017476942786112323,0.1280999297848011
22,7.433802570038385,0.02350910899873972,0.010168109718639587,0.13529776290918735
22,7.620439344895313,0.021866641207707965,0.010047558389397193,0.14843614922208026
22,7.500370956060514,0.021866641207707965,0.014510968446253741,0.15539287968798174
22,7.412455555170897,0.024156905232604903,0.016461601232028653,0.17745808611458774
22,7.643137348194384,0.021615695895468412,0.012793132572416835,0.18831608215203904
22,7.92226197448811,0.020014650280417524,0.011197562812087378,0.2030443512594214
22,8.264302180551852,0.020014650280417524,0.00622280856844698,0.2107112077762138
22,7.905313743329785,0.021926154528458152,0.01598969348969642,0.21548996839631537
22,7.2143671060621495,0.03065231841675563,0.02059424019059776,0.24269059475560664
22,7.208145640947741,0.03501153320357119,0.02022374061350228,0.2566784487775109
22,7.026823679678724,0.03656875040425197,0.023727231704179397,0.2831380759826112
22,7.470565229844388,0.0374003801505982,0.013646849899800334,0.3041329121858697
22,7.306026424282302,0.03991992558913507,0.025405710057384234,0.31043177578221187
22,6.604968341284183,0.04566899471327723,0.036528270330867973,0.35494433230063815
22,7.178961570034213,0.04506689602069752,0.021243851571184996,0.3834883164439478
22,7.312203266118201,0.043830466498883315,0.016722662752101047,0.39743203544300815
22,6.847825673297921,0.043830466498883315,0.031200595898059624,0.4169336419481499
22,6.7672696030220525,0.04616013851733257,0.030658252773291733,0.4598332272391274
22,7.09406396956719,0.05231450560775448,0.015369042224390284,0.4782501474947334
22,6.688845412702573,0.05724297128502431,0.04434991299584157,0.49057131168790796
22,6.365328694759736,0.0669138195428314,0.04689505226978205,0.4330500265135835
22,6.523881728187095,0.06465787913948526,0.03211098800449169,0.41563858377252794
22,6.637311495407582,0.04721441758859446,0.03522287421643544,0.3688280505046001
22,7.016482975730137,0.03894685175973438,0.024010516724040032,0.34519283533965706
22,7.787360643702325,0.029192524446479573,0.014874057444047462,0.32080701705652004
22,7.832067099804384,0.02818995159683706,0.014148358945151762,0.31544472045156213
22,7.681915775573382,0.025259474721646226,0.017267229700480724,0.2925102991662165
22,7.92954979976058,0.024106574955597426,0.012718022259739892,0.2809102610506007
22,7.978619958434166,0.020103852429559744,0.013215056840935269,0.26707425464673673
22,8.264016559066011,0.020103852429559744,0.010148125385905704,0.25448014736873015
22,8.368482466464558,0.020110554824650205,0.007881372948315202,0.24677800387492532
22,7.908281802071126,0.02155369963995719,0.015180760139566929,0.23871740147209974
22,7.510178183775583,0.025961222144986574,0.016643689424692354,0.21641648359579146
22,7.485858067766013,0.030355806534217145,0.014046773911737809,0.20543002262271504
22,6.88291143898199,0.03727237715262481,0.02470940206862754,0.18832293577231585
22,6.258682522557414,0.046733288125486785,0.03492609867546698,0.15601121848545996
22,6.470102465034339,0.03925562064754242,0.026995087014456687,0.1184707384213819
22,6.857506106044536,0.03309398097899443,0.01492222278128097,0.10202104445654658
22,6.889574554067447,0.03156414443297022,0.013070796165233767,0.08862629285881996
22,6.46459510413738,0.03156414443297022,0.02104947068765134,0.07587945212607905
22,5.9117377726066,0.0335154892072582,0.023494451081889023,0.046527351483517276
22,5.79520874710568,0.02734645062041461,0.01862317392124152,0.028890549962301004
22,6.026936409245928,0.02734645062041461,0.011803226566755476,0.009281003641034236
23,5.949945808839776,0.041324791045766016,0.005834430671187322,0.016544657539059364
23,5.308988506263522,0.041324791045766016,0.042597491608265536,0.023347074810951003
23,6.224835405400405,0.03150268608947064,0.043206517929486696,0.10173964075559043
23,6.798089798120505,0.025086310158003472,0.010820419986259558,0.10976011066992439
23,7.367433201259345,0.01963816213472941,0.009217772743917496,0.12338048072810955
23,7.339118615867498,0.01963816213472941,0.012756105011577763,0.12819565615775938
23,7.483722505573692,0.01803227008297391,0.013893519880243788,0.14889269075126507
23,7.914896819175257,0.01803227008297391,0.007367081008427687,0.15598269591824696
23,7.902385756038402,0.019439702508185795,0.007518966723694592,0.16362685276812045
23,7.440420379234575,0.022397213147192074,0.01599761023316168,0.17102062936563614
23,6.660260984556672,0.03216289731361145,0.026990682495827978,0.1956220732344438
23,7.185402950971709,0.0381872812133257,0.01759926189694054,0.2250019943572921
23,7.159024772000368,0.0381872812133257,0.020590258099013423,0.2308205970283249
23,6.789662557562828,0.034670983885175324,0.02737869920601592,0.26618251055531894
23,7.274487933791583,0.02850682454415358,0.015988606824467733,0.2855779954403567
23,7.401778957301074,0.02850682454415358,0.013022153140922338,0.2981597242042544
23,7.556347626488018,0.031591172945222915,0.008586737807029121,0.3116223017222014
23,7.289258914881396,0.03307553218366741,0.03464914583166459,0.31533319981831265
23,5.8664878959403595,0.07023069448167876,0.051875856809307286,0.3809205933855306
23,5.771975020680525,0.0856255751720392,0.06190442630157697,0.4190849134369272
23,7.090755467627516,0.02788282471556418,0.04655234896185084,0.4952705540113155
23,7.594237151334465,0.021914692418008676,0.011156532569127298,0.4878103886393711
23,8.251488540910561,0.01597353251148459,0.010012885795858906,0.4729574888730609
23,8.45120362271541,0.01597353251148459,0.007909006975210076,0.4677846170476533
23,8.488871778295426,0.016656227017416668,0.008268970025811395,0.45713947492264073
23,8.370922581424843,0.0186739055589491,0.01012713368415502,0.4512466769960305
23,7.775871105993641,0.023048481733362446,0.01743325424889114,0.4368852075543307
23,8.034065189442597,0.02422969447333758,0.01461111165369866,0.4163801684982482
23,8.32080474308941,0.02422969447333758,0.008742159821647333,0.40766298424693337
23,7.9711403252397695,0.02565440781490471,0.015429118333449399,0.39889584885495355
23,7.476467499580578,0.027822053961333325,0.020970062032476477,0.37680474758003457
23,7.890215895185514,0.02903444620199642,0.013368244078300617,0.3569557247900006
23,7.80919609539646,0.02903444620199642,0.016398682422854194,0.35006825942343334
23,7.545906838978128,0.03012531413209594,0.018405394288076138,0.3241583599442922
23,7.600571910790106,0.03012531413209594,0.014901835594252566,0.31325747084728106
23,7.179582730416964,0.03768642696869353,0.020156928476551372,0.2943546887557871
23,6.670084072002897,0.04688357569976383,0.03288231498317373,0.2729436138941783
23,6.226963475475543,0.04570061887762202,0.04045910984675183,0.2285900587894396
23,7.596366167274672,0.022083429266689512,0.01994987505792445,0.19202539420067466
23,7.940795741422328,0.020749395055855935,0.005304319870593155,0.1886903086735907
23,7.5703083402218105,0.020749395055855935,0.010306035066478703,0.18141675445948835
23,7.183208364936658,0.02537855502968045,0.01267648053759235,0.1680782385406333
23,6.629708325302356,0.03018433309221231,0.028490294140109396,0.15606379338430365
23,6.1112368851842405,0.04364470875717352,0.028660911076620388,0.11109765026041452
23,6.051668663027919,0.04364470875717352,0.02459950226800023,0.09874197123106287
23,5.815051536799206,0.04952584954147201,0.021183224893527974,0.06189864572441406
24,5.472537567736819,0.049664594062476884,0.03294551708022383,0.05653518575785581
24,6.020181332007882,0.049664594062476884,0.016232734198704392,0.07369850603008458
24,5.7735376135504115,0.05260339188411991,0.03813398086222169,0.08900065415526459
24,6.471200650620202,0.0403342610932287,0.036545173506559864,0.14996646775452796
24,7.118119092380736,0.031982237401039504,0.012526832576902111,0.16209100116838432
24,7.189715758305124,0.02681058470506036,0.01555478237042987,0.17502013290833218
24,7.2256751899959255,0.02681058470506036,0.017619764995349618,0.19320056590924406
24,7.671085065783749,0.027068719726522382,0.012234865319513358,0.21025966289903142
24,7.6205763780918865,0.02944975898484372,0.013732838136119432,0.21767029654827078
24,6.9751322976492425,0.032443749682609935,0.026331612186507217,0.23772533917127028
24,7.700365294141395,0.030223078596103882,0.018782537252885076,0.2703335209212852
24,7.857797746902229,0.03000695194130169,0.011189368819423645,0.27529041367704044
24,7.536134011776701,0.028100310559747155,0.01677573185356615,0.2927122585601325
24,7.468535339610602,0.027846978407120915,0.019558819485833323,0.30884187738417274
24,8.070679932377386,0.021230378049483568,0.01466204682852465,0.33182989753179915
24,8.448213878588142,0.021101399307841086,0.007126837776064959,0.33816597104122204
24,8.281527890915001,0.021101399307841086,0.00856020427857454,0.34608357308392906
24,7.713874334060874,0.024782521913617905,0.018445608365085048,0.3552863795983711
24,7.005163189425137,0.03607050935299004,0.023753809489801492,0.38297478981409916
24,6.623216855672425,0.05042300840756323,0.041634485013708034,0.4027939985779741
24,7.61323230000481,0.03285833606815908,0.03354413765348366,0.4662437598415152
24,8.178699604789099,0.0314029304507886,0.004005463629303679,0.4698822738849414
24,7.875436473399457,0.0314029304507886,0.009023179890709693,0.4742546871001226
24,6.977774622401707,0.0337980850901128,0.02974833834588389,0.4879286336663608
24,6.7622971687934275,0.045663180531279976,0.03488125757626562,0.46624863620810963
24,7.35007787122432,0.038439207595209655,0.018939846123600168,0.44230885118110796
24,7.429619437325822,0.03302227419486705,0.018618616768949436,0.4283689439609093
24,7.579338093443557,0.029244718616320255,0.016688344909109587,0.4050716176432091
24,7.548031471434589,0.029244718616320255,0.016660214526658335,0.3949922541426901
24,7.348651433649325,0.0371749923604648,0.01610493858582379,0.3717511885898924
24,7.082878495343568,0.04076251700800475,0.03186345010317143,0.36278237697104254
24,6.3499894768905705,0.05360887374229768,0.04260728461671387,0.30802428838354956
24,6.86333740402517,0.03678940054732176,0.02465453457965433,0.2775678077376148
24,7.115449960424611,0.02773092614586108,0.01966867473323719,0.2587152192242409
24,7.957989900420485,0.01953702176462089,0.012253842665790882,0.23823045827114042
24,8.182773727341601,0.01953702176462089,0.006301480399697856,0.23420753389265914
24,7.799680117233159,0.022696034705680844,0.008607094423585648,0.2256274974717447
24,7.158766418957875,0.026149695676183592,0.025287651064670513,0.21699334504548784
24,6.653533284006086,0.029534499993715935,0.026782581724944965,0.17505219534240368
24,7.40119850129768,0.029534499993715935,0.008064252227662605,0.1634281815955979
24,7.342936987566516,0.03133629627712371,0.007889758093608867,0.15892369088707847
24,6.252153688443381,0.04011151342895891,0.044014920693222825,0.14764866540838018
24,5.675035264195083,0.0479711749815898,0.04107587610506952,0.07089384950063282
24,5.725101777063745,0.043653625939676456,0.02155477139864287,0.06549691319824114
24,5.45852699790515,0.028568583341718835,0.02426548320418309,0.027784306703347084
24,5.652134874030403,0.028568583341718835,0.011709050399797583,0.016965946789874953
25,7.167932054934502,0.01405194323188633,0.007618926675337926,0.06077765873602537
25,7.610745691148246,0.0120236201353566,0.0053502003730468185,0.0658484664773497
25,7.649271858766705,0.0120236201353566,0.005800733952915235,0.07147805948211901
25,7.366373903243411,0.014002163478755492,0.008474392834706863,0.07744993438318017
25,6.838256068141021,0.018392927786096518,0.01239414408568923,0.08842684515153273
25,6.189569862180683,0.029442029708517233,0.03489437372658889,0.10223822255455862
25,6.954487456450189,0.031989949316974034,0.030886513142709897,0.15821559260471052
25,7.495067860566611,0.02802194433613473,0.006562334933631064,0.16401124883997842
25,7.211105257893877,0.02509033888333704,0.015257699186950663,0.17134026247197265
25,7.1092477090851585,0.02509033888333704,0.017808162977878447,0.19452664721387974
25,7.377170452420196,0.03006216615864702,0.011504457738928872,0.20695658842772954
25,7.001549442847718,0.034293755864250194,0.024370124885934666,0.2175355626917375
25,6.558483094390308,0.047813348358244724,0.028574807200571387,0.2556968381995989
25,6.442155408576758,0.05183083009552445,0.03600334331624619,0.27468517709288026
25,6.764086907543815,0.056630862177252085,0.03113463038941819,0.32770352483209125
25,6.852680402639759,0.056630862177252085,0.021624092586159466,0.33695443787171664
25,6.173975445524674,0.06270275548466755,0.04818963263149367,0.3709517100044102
25,6.7531398835744785,0.05103726471414986,0.038809897038250774,0.433333703134704
25,7.078893268446455,0.043108544217017666,0.022179011812133165,0.44857150408091173
25,7.425245855661449,0.03146045514579423,0.022324066595607095,0.4776917267589703
25,7.919404064519732,0.025207008797424102,0.014482274054146593,0.4932196372721259
25,8.29030349047525,0.01983235375936907,0.01190183014602092,0.4933437251327365
25,8.706318902663853,0.017694616790252526,0.008253100757308618,0.48297670243583224
25,8.643780469409993,0.017694616790252526,0.009760168092494415,0.47683752361811926
25,8.428670541586353,0.019113423502566396,0.011251853570950876,0.4634563662508434
25,8.36104161368541,0.01891343950221569,0.012135446735254851,0.4543338164762175
25,8.631181852915667,0.01825680278973556,0.010074815470402898,0.4391854727803337
25,8.791096832971894,0.01825680278973556,0.0062473111309886975,0.4341841855354117
25,8.187183030478973,0.021254136796557722,0.014683790015231457,0.4266908505183563
25,7.468993918482495,0.029215267686428393,0.020329242133884706,0.4048166055049488
25,7.269935124863169,0.03672896338817315,0.020840703429262364,0.3860323662505869
25,6.772708594105188,0.048025088492779644,0.031919698422226805,0.3631351986464241
25,6.1697280009137945,0.06050347038891877,0.04871562052674644,0.3221929694061333
25,7.089344519735631,0.032306692021641714,0.032498418824818354,0.2657039575929312
25,7.605936425476282,0.02890356168706787,0.009880432291904273,0.2571961317564966
25,7.568186127709607,0.024583354349002717,0.012746404519752397,0.24594309300912265
25,7.588687492596987,0.024583354349002717,0.011507129207507683,0.2317033227169918
25,7.281929311881,0.027280838535554387,0.02020453470727701,0.22292883459410728
25,7.122488644089685,0.03205508692792074,0.019356783842906622,0.19129425330243777
25,7.172785873820626,0.03486244945266781,0.013251978916275775,0.18421526690829404
25,6.327263471368244,0.04263243802803094,0.030803332968138253,0.16479029546988622
25,5.469110681902924,0.061067771325303256,0.04981849782123077,0.12260860097201753
25,5.601070097813216,0.03699863354349455,0.037704771358679,0.06515329982742468
25,6.107887263838346,0.024174840021848797,0.015745736771013708,0.04719905825465953
25,6.753811037066856,0.01875994723414389,0.00878103094048388,0.03366182628539727
25,6.853290364626922,0.01875994723414389,0.005542187231163509,0.02963699637369177
26,5.885805003009059,0.04593055043410117,0.013061012361372065,0.03214651582224916
26,5.336004068161687,0.045930550434101165,0.041183516537081,0.050511523025781824
26,6.536142162020026,0.038501224600074414,0.035326085673908936,0.11451354889641116
26,6.95951565270879,0.03420621191212274,0.01008426997195061,0.1211636943735997
26,6.7644350413765,0.028798854125437662,0.01966065585578672,0.13468208884031238
26,7.2945118247107645,0.025340707916652737,0.01777270728799489,0.16048500608517313
26,7.679003737330076,0.021443708984201126,0.01157804357543156,0.17022750341630216
26,7.989638915751868,0.01716512632626143,0.011093905888501635,0.18364109323603625
26,8.532277226189402,0.015346608750280566,0.006457820798707686,0.19241531519330543
26,8.417726426960073,0.015346608750280566,0.00939593457437811,0.19655673483345162
26,8.430486021255117,0.016178251324292302,0.009348150794040888,0.21120718434206165
26,8.48700374636053,0.016302724558392163,0.007918497389299062,0.2152530364215334
26,8.028843857940188,0.018016844840859192,0.01207130259852647,0.22704417912065977
26,8.139204651589216,0.019685624030257448,0.009808589970718373,0.23939564161858634
26,7.928414875459861,0.02259191100766152,0.01323993886813643,0.24666135906209652
26,7.191151378630208,0.031051272196500956,0.022902599286462405,0.2658755193548592
26,7.063307784239219,0.04059995992418412,0.02206997221955384,0.29246655763502133
26,6.8476414766405584,0.045971023789481494,0.029991870296226575,0.3100154637939669
26,6.703975838159552,0.05302343680213473,0.03118866459198813,0.3524502982274745
26,6.729001220468888,0.05613022920752355,0.028090667680814474,0.37239279297794314
26,6.34882105653428,0.05213371953563225,0.04108312307454537,0.4086316335891034
26,7.006440395331664,0.05015724573729537,0.027440368900920387,0.4545590391270339
26,7.297982998853987,0.05015724573729537,0.010756436413835169,0.4635123713909442
26,6.685129406539849,0.05369963996225709,0.041636519821982326,0.4760719119547042
26,6.271271534680124,0.04842938116534934,0.04813600448702482,0.45321458896509115
26,7.1097919340323905,0.03820597720781134,0.017463544216038795,0.42765607907124614
26,7.861191057704575,0.03820597720781134,0.005432359056883274,0.41828750053301356
26,7.729872209589886,0.03880443303802492,0.01979874599046516,0.4167913609574796
26,6.002906713527326,0.05416086686543251,0.053858095707030706,0.37869000855208323
26,7.197228335694573,0.03461752523957793,0.037264477073417734,0.3090751695434182
26,7.592370778000857,0.032651879184309764,0.007790805321011396,0.30416105440524777
26,7.392444171470183,0.03264431720120227,0.012568149221690306,0.2934935589013954
26,7.054089529332563,0.03264431720120227,0.018672518592728782,0.27902475596186715
26,6.463901965065665,0.041794810899574,0.035344918397811065,0.2561485217159378
26,6.392097858403654,0.04029587235542402,0.036268610598514994,0.20833491916624503
26,7.106915175703728,0.02256773323208385,0.01897181120767466,0.18361130051890784
26,8.198014185527146,0.017279731724879,0.007927795112397718,0.1703912967508957
26,8.289292304583006,0.017279731724879,0.006237843438629431,0.1677557102941124
26,7.831673834956769,0.017543871019071133,0.008744086325104039,0.15791560987363684
26,7.445378966703854,0.020398107706530322,0.016029902461308865,0.15026753764390433
26,7.244393614107617,0.022630336282142637,0.01615940092641721,0.1258558049510191
26,7.40349256680699,0.022153564297020423,0.01067759067950802,0.1179487357910699
26,7.407597977175067,0.0188967810381937,0.009755412058147894,0.10450062359200307
26,7.2150334435566545,0.0188967810381937,0.012067450978944516,0.09843791167477411
26,6.687211492378167,0.02612565705445773,0.01171014292026934,0.08036572163411404
26,6.372037849312953,0.030404133694360614,0.030595153520347973,0.07501762583423544
27,5.749358867185192,0.05170677473709549,0.02573879250948061,0.06420922184400177
27,6.023883610252636,0.04225346627059325,0.031197304859898675,0.10000082436353262
27,6.704190820981539,0.030049371662854006,0.022330427291593145,0.12660383156379912
27,7.574016295960848,0.021763199522401855,0.013065637415377446,0.1446616789467189
27,7.927669779234774,0.018533828543267815,0.00931983289185391,0.152735106394554
27,8.177804408135584,0.01692863220158695,0.008312970451473181,0.16330134473042673
27,8.092104077807713,0.01692863220158695,0.010353011431528641,0.16936104729750037
27,7.929864405352302,0.020542941232163724,0.011305914445574827,0.18400736759348402
27,7.82359312499727,0.02164047429332035,0.01406229660384084,0.19197287618865003
27,7.929735960924399,0.016459741358615887,0.01439720895477356,0.2121319608011657
27,8.804034857069002,0.013005608039803307,0.005985922282124273,0.22076729409819715
27,9.004570096063432,0.013005608039803307,0.004176716612965911,0.22410380536541424
27,8.5807844000668,0.015012376823289198,0.006285916616035975,0.22912072732412897
27,7.749238895395524,0.01892388738554764,0.02079779070002835,0.2366756385974862
27,7.964933696550448,0.020827762379654457,0.018987995168224164,0.2707163087241857
27,8.266922986836326,0.01925363429575492,0.0068070883134973,0.2746516289339345
27,8.186295781482954,0.01925363429575492,0.00838020072135126,0.2843304853511803
27,8.025091869646245,0.022086252305937627,0.009119373327691693,0.29141203037663704
27,7.202696669182195,0.028419525600414386,0.03204417749584071,0.30256923200656366
27,7.024033134862055,0.03459248350622325,0.03448305072511587,0.35550038536831846
27,8.211896463566323,0.02616946308527678,0.01017445540349124,0.3715353334567954
27,8.41281158077534,0.024443877997874564,0.006503564082692537,0.37584929617530094
27,7.811602634760362,0.024443877997874564,0.017128209106528763,0.3845424616221805
27,7.422402562093848,0.027422942811564543,0.0229568836785341,0.41010571438835847
27,8.525950985637314,0.019947735608105543,0.011731586215499551,0.4304562289792487
27,8.699555546572395,0.018702672472061987,0.006565420732903837,0.43356888681935757
27,8.225008945150968,0.018702672472061987,0.011999660332411621,0.44358707044505635
27,8.205163744191116,0.02032664190341842,0.011450922086490567,0.4575682074841808
27,8.03063447181935,0.02389492475696109,0.013810033087177792,0.4664889146180375
27,7.431150586537701,0.029191518023121733,0.02181961030356458,0.4851882736585364
27,7.556817213817479,0.03509954330623166,0.016548550060321937,0.48987186477483335
27,7.41404493686162,0.03590445320837214,0.02310073403119972,0.48171462622081973
27,7.229300145358648,0.03478788852036243,0.024213619348837312,0.4436703967124339
27,7.54202924696934,0.03478788852036243,0.010746730921292247,0.4332873875231451
27,7.061567177832129,0.039232069581680705,0.023717132404932395,0.4221769348698494
27,5.871661310024514,0.0659250691823435,0.06425615179757987,0.3858531227132803
27,6.690976403163163,0.04459406976732723,0.049424974463439575,0.29366463127468967
27,7.383007013069127,0.041929486772011824,0.006072239811367952,0.28700317378640117
27,7.153475833752122,0.041929486772011824,0.012510999252607846,0.28152015165195377
27,6.218940946115662,0.04570683908666773,0.03407399233539049,0.2619811752811855
27,5.567060549497757,0.06287138997664972,0.051840378131918885,0.21337216698117278
27,6.017910694475061,0.05712175016183196,0.034448601071700724,0.1583004190173477
27,6.475574583845759,0.05701702832049984,0.011306205060547692,0.14447496483777134
27,6.073317555554747,0.05701702832049984,0.038296464050624424,0.13568800889625232
27,4.824881490883932,0.059688683283162104,0.054097822647617255,0.06788203673652249
27,5.471463362950661,0.059688683283162104,0.022886403141402334,0.02749236360101781
28,6.276391047049019,0.04325506144457899,0.02925400186022388,0.1358454884846686
28,6.627553903061248,0.03905756473363461,0.016358035355770323,0.14633923026202955
28,6.620306638565645,0.03197611876399549,0.02316353527588773,0.16856155919620924
28,7.242170091107575,0.025057521964031475,0.017757174875114745,0.192666300813805
28,7.773099781223914,0.020159359017188665,0.010609180594418052,0.20407590894643873
28,8.133601119039419,0.016235857794707716,0.008046993431567104,0.2138846620026411
28,8.038519154766256,0.016235857794707716,0.009916471348243874,0.22016989580957294
28,8.073703871522653,0.017143420868650373,0.008874382209074341,0.23371760469912886
28,7.987098100823134,0.018823843080087478,0.00924685073796265,0.23791866022772162
28,6.926388503509419,0.028394839167120912,0.026556219910892492,0.25221130617505416
28,6.649664817017351,0.04566912610952385,0.023529245567761425,0.2910311000495066
28,6.501760941702935,0.052260083918380176,0.046982672890752586,0.299269797310577
28,7.035181288279655,0.03300380770682959,0.04725198584312701,0.3849964458310118
28,7.73461106443637,0.02598194917417419,0.009481326406203222,0.39377376899683103
28,7.9047864799145815,0.021907817315539313,0.01080480218917712,0.4039590986434182
28,7.834358008948976,0.021907817315539313,0.013708366449042164,0.41538337337518527
28,7.789308112205333,0.026073838156536876,0.015062910878542252,0.43137583154150255
28,7.717537111208196,0.02762320700272366,0.017612286791422016,0.4455091951322698
28,7.933886880314571,0.025421396712795273,0.016152988092123788,0.4666004051243466
28,8.331180299562725,0.023960139160002593,0.00968422674868269,0.47781517131651735
28,8.145453113930193,0.023960139160002593,0.01449660705367431,0.48596885862171196
28,8.066746364618897,0.023830347120393912,0.015489682352928386,0.49319161457613403
28,8.336649569974332,0.023830347120393912,0.010231955754618771,0.48305177667243127
28,8.124482822062806,0.02168491864887101,0.014287703687911935,0.4727277030668965
28,8.11663639662052,0.018275689199865042,0.014444342094942886,0.4544763692966074
28,9.067692362875942,0.01552035035682533,0.006122628199559388,0.4438390188770107
28,9.080722808283358,0.01552035035682533,0.005515873807450056,0.4422311128974886
28,8.134072045231468,0.019262741271039507,0.011914078800349948,0.4328072712621106
28,7.463515867614123,0.02502446765716826,0.01989235155255037,0.4184029552967887
28,6.614644394113424,0.04455726145895957,0.041488304364608763,0.39302256815700987
28,6.920803539326286,0.05291785631940642,0.031936990273718824,0.3354263465675712
28,6.975879702018568,0.05040675273620683,0.023156841792396687,0.3291485876095722
28,6.65697294468932,0.039070882128859605,0.03293997002335847,0.2891126629827778
28,7.466512598441486,0.02759023275542811,0.017965117437645894,0.2632686475628553
28,7.861086174989701,0.02355574497328041,0.0106932683587867,0.25318242810748603
28,8.000340723990387,0.023204713823292745,0.00937612394481685,0.24188211084528188
28,7.728684962675457,0.023204713823292745,0.01520469406084951,0.23443018021785234
28,7.2184250751231005,0.029564616707894696,0.019011732880064025,0.21147272272358286
28,7.150059102460543,0.027681130644989383,0.01884026213687162,0.19640671445772429
28,7.588833848700258,0.025202532482874386,0.013808109131895063,0.17379219844983962
28,7.8100785340330265,0.025202532482874386,0.006235464459700413,0.16879049619393416
28,7.128867641033683,0.02819022314827253,0.021621644350766134,0.1613212695304388
28,6.095688572998365,0.03779103781294111,0.031121839760742287,0.1255472074924019
28,6.360892792923191,0.028242222364662516,0.019423383520399018,0.09907759000895422
28,6.8183209143186865,0.028242222364662516,0.009075918158721497,0.08670044045160386
28,6.983106989178713,0.030552097068699567,0.004795839693118309,0.08092575369151123
29,6.346204665385065,0.027237627511894475,0.009007546832618035,0.022597489726595477
29,6.130892515050646,0.027237627511894475,0.014848438744910673,0.03347962672192821
29,5.777920918138795,0.03356318302168791,0.027498269841243372,0.05229436721641682
29,6.325146750855568,0.040579265428900946,0.0231463318882034,0.08847616640441495
29,6.484343946583165,0.03980399186933524,0.018136489754290844,0.09858703099282362
29,6.238283664552411,0.0352234616312551,0.027611639794310402,0.12474914591299664
29,7.10367616305139,0.029808475375372744,0.017534460776446957,0.15381031058144443
29,7.30356634468227,0.029808475375372744,0.010245481418865651,0.15981806746589056
29,6.885146114381892,0.031072798117269484,0.01612572800658578,0.17430127341917573
29,6.392419583770519,0.03818009814122404,0.026534722114632744,0.19206952347906212
29,5.54005459810714,0.06593763298552609,0.06775283172440875,0.22737071764844122
29,5.989571416549376,0.04825073797005122,0.060942389310011016,0.3275751869278796
29,7.318978266750696,0.039349926734161045,0.01357684374387133,0.34925549626846325
29,7.604786534539649,0.03716057547529743,0.007365907861679177,0.3547288744156223
29,7.130050723977759,0.03716057547529743,0.014324705595403386,0.3639873119918216
29,6.201129258941519,0.04491696492114041,0.05300476269919002,0.38337828560642906
29,6.3362481599725875,0.06038574582287844,0.051718036464367706,0.46999683739020165
29,7.101231169271089,0.05036564422864849,0.012563908232538862,0.48681435853516447
29,6.907887426508724,0.047041526100602526,0.0299652922577944,0.4951246538552794
29,6.749675725617125,0.042147615932230195,0.03574445879747484,0.4532550569492467
29,7.633317685115078,0.029801955000380232,0.01352001136596126,0.43338642854977094
29,7.624800787714779,0.026933397267401536,0.017006067686545612,0.4262150342173242
29,8.0413780198143,0.02368384648416233,0.01564417641489463,0.3993742931766797
29,8.250240344607452,0.02368384648416233,0.0077428671807801,0.39492668138753495
29,7.7011702710541865,0.02676852033438224,0.0165926990336131,0.3838885588151195
29,7.337060310881936,0.03082811538521644,0.021422496920460055,0.36174128332030875
29,7.338841001626104,0.033632833291200856,0.020238587580782452,0.3410435649741994
29,7.472829457188693,0.0378360810381239,0.01547944052009187,0.32126410815874384
29,7.190602461261809,0.03846504966427784,0.0275599491662476,0.31008468393401567
29,7.261943988995236,0.03278588018058681,0.02729493478120859,0.26614420982624865
29,7.8837883158261235,0.02852612199872675,0.00930123035082725,0.2554948143715985
29,7.747427242438457,0.027951306441969546,0.01379165699609436,0.24754174912459415
29,7.411615209743383,0.027951306441969546,0.016950950245184504,0.22791150037940977
29,7.2560141647116065,0.028796917693185264,0.02001930414022557,0.21363984863422514
29,7.855516986126701,0.026134800573154093,0.014094556978866413,0.18787289209895863
29,7.9038852484771915,0.026134800573154093,0.009437033820771878,0.1854507346764923
29,7.0788300210599875,0.027554918786739303,0.020575027781788213,0.16899882445741488
29,7.3041503276038595,0.028719064539947083,0.016554723275883032,0.14430067911291589
29,7.355174169898797,0.026427611335415845,0.013897867413909748,0.1358893779056488
29,7.107403767955509,0.024240710309873136,0.016564392274653172,0.11650494428509639
29,7.513990536346925,0.024240710309873136,0.009359828563817452,0.10276059335634247
29,7.341961289595086,0.024453760400637514,0.013907512057925508,0.09778528715746149
29,6.529825098359062,0.0300477421013029,0.018815015005757163,0.07494556924049145
29,6.25100305166707,0.03181597896227044,0.021617140667272106,0.06015525714594716
29,6.1775967865219865,0.026857609986093968,0.017805123627449182,0.03171128790594724
29,6.185426592931316,0.026857609986093968,0.01186611671754001,0.024545009891048797
30,5.491968222607575,0.06039295105954266,0.0076558601648530475,0.01730890584022971
30,4.788538633925753,0.060392951059542656,0.06512319118289857,0.026546406219658886
30,5.461840423694345,0.07213710835445777,0.0649301231912756,0.14755528820602684
30,5.630457376066892,0.06836208999414604,0.032246625521043515,0.1564066526022101
30,6.553765668585039,0.046105335335784536,0.0307270945386605,0.21204853924811387
30,6.7228930614580715,0.046105335335784536,0.01576661991602965,0.2178608416795311
30,6.271477686629512,0.04588184578436482,0.03361684714801906,0.24358177908017317
30,6.726710166791408,0.035750113705449775,0.030996242657343617,0.2850945359755692
30,7.75335734634444,0.02525168092879354,0.013568526291821703,0.3055742643948604
30,7.9488014927352975,0.022588751263052653,0.010517064744282295,0.3122315885592126
30,8.002173612935682,0.022588751263052653,0.010485060068709529,0.326608393883425
30,7.844886795471533,0.025226077188335326,0.01471282439071192,0.3332017086966317
30,7.132296474678165,0.03098563519975689,0.024973353399714238,0.35603404266484884
30,7.671259913387182,0.03510166174299105,0.015876683156147958,0.38314841549606016
30,7.641452390648505,0.03609643332265303,0.018634106995297856,0.38778740897714475
30,7.061202139551693,0.036643400208857514,0.02843744301493023,0.42041662948665587
30,7.750627837073008,0.03263774592083426,0.016111523481680073,0.4446622950070052
30,7.791814551679135,0.029856737570476764,0.01630259427006095,0.452639676450016
30,7.891760793511509,0.02529715642141277,0.016754113313908997,0.4772674835471271
30,8.04691128098786,0.023381272388213848,0.013159709311986345,0.486147903077834
30,8.253838845687472,0.019741970301019283,0.012586264392222185,0.4964130978289002
30,8.571811727340037,0.019741970301019283,0.007233594405784194,0.4886795681377216
30,8.233673819591637,0.02243543394917521,0.0125085927969662,0.4819459090173318
30,7.413157843140434,0.030126439295301833,0.022197676698242574,0.4636623825437892
30,7.114318035162496,0.03855063754706452,0.024234471100490318,0.43755055562084666
30,6.928558358404633,0.047493483658279746,0.024379939810490914,0.4151934403428086
30,6.344330957563358,0.061522723998854854,0.050104543076634755,0.38879067599986483
30,6.978950778644339,0.036545731888818066,0.041886473838049276,0.3149843541895391
30,7.57940256300572,0.028572431196199833,0.01122923326048858,0.3050177283237663
30,7.719955882979261,0.023575694934118086,0.012567273428294112,0.2925258876685619
30,7.66964137530763,0.023484159098307544,0.015284090539835815,0.27988318146717805
30,7.957884740613364,0.01985191260269583,0.013537287005984777,0.2619577065888903
30,8.36963326717334,0.018270641784785945,0.00835900933251027,0.2528086074552085
30,8.416221217700585,0.018270641784785945,0.007874845061567826,0.24523968792386974
30,8.058486905354158,0.01834423153312743,0.012121003296232613,0.23705891733207285
30,7.735493718039042,0.022165807435583385,0.013415335846609422,0.22099768133140452
30,7.572533230891934,0.02647358171260359,0.013972716384214434,0.210228245638854
30,6.960617182848665,0.032747733601895604,0.023382171588232026,0.19305224856297565
30,6.737745700884494,0.03524316286960858,0.022511111647743942,0.16346390246238995
30,6.875210783417437,0.04141671374756946,0.0134477345035382,0.14803002526748776
30,6.367973903736022,0.044368264700633486,0.03668039499837278,0.13656843345531355
30,6.412785905791319,0.03182695830767908,0.03255062469584169,0.0746692352707422
30,6.560453284524651,0.02926531734198945,0.009959317734825501,0.07146718406363017
30,6.609246157992576,0.02257868363697386,0.010055162348387325,0.054750599801091204
30,6.499014968326835,0.02257868363697386,0.015801759370261792,0.05135685936685552
30,5.701518604177376,0.02818758032956763,0.018933599421842195,0.02314708106056762
31,6.394380286266912,0.03726068710991619,0.011761824383908057,0.049886000920200256
31,6.365817505233839,0.03726068710991619,0.017589761130077628,0.053863194493329276
31,5.671320909434624,0.041308669222666836,0.03686853501414014,0.08506552318035551
31,7.392200551586341,0.01805214866999605,0.023310094886213592,0.12760026452160955
31,8.102471469888759,0.015078767702964319,0.004235911355608718,0.1316857129527827
31,8.142602185131953,0.013324217990946602,0.005525895693836505,0.136072087232827
31,8.06337557471797,0.013324217990946602,0.005779834168136017,0.1427375043404557
31,7.661147893051783,0.015281918482403928,0.014436195205970906,0.14763175556909902
31,7.0458503969237265,0.026446374696343145,0.021361356208094248,0.17160989475239752
31,7.864064403641657,0.020876029144855375,0.012549481567007442,0.19035446798528752
31,8.121560037336915,0.01833427318440542,0.0086439364288175,0.1967088578864124
31,8.04585366831568,0.01833427318440542,0.010535194750586327,0.20764234084292252
31,8.180221470534672,0.018758620600333,0.008640328736347222,0.21777924738758506
31,7.913278237520304,0.019665672738554928,0.014008638312750177,0.22492299831561696
31,8.104618452242818,0.021059212458183547,0.012408144582687644,0.2457965240130854
31,8.219196499839992,0.021059212458183547,0.007774074975521336,0.24973928748099225
31,7.5459325937674855,0.025701367051437878,0.016485791540546288,0.2613446739641281
31,7.111586919839199,0.0306175859701009,0.022247004554957817,0.2827108705620848
31,7.173484150880302,0.033906595421091826,0.019353995555248443,0.3058386830740437
31,7.225010663990659,0.039028087817479594,0.015115790645997579,0.3214188616725817
31,6.726950218139758,0.04313521435360568,0.03306333948822615,0.3360702643660389
31,6.520502498654066,0.03952684603274727,0.03297920884781344,0.387545540649034
31,7.074923832982069,0.03952684603274727,0.011704731850673528,0.40202868206166575
31,6.901358557825323,0.04309737494823339,0.013828264188839173,0.41095500435038107
31,5.818224030788967,0.05808153981940382,0.0949481087314187,0.4296852104393441
31,5.970473480863706,0.038272479733604016,0.09309077171334587,0.3991487781867815
31,6.832633242559041,0.026260054091350127,0.014214065023302414,0.38413324613396416
31,7.726071404441317,0.02089501489383514,0.008580457378494943,0.3707206481401767
31,7.931960685911557,0.02089501489383514,0.004757797328548918,0.36697233137697427
31,7.234266686955776,0.023201926051393307,0.022811059122640365,0.36120505348307885
31,6.742282438746463,0.039158027138419094,0.02608861861968631,0.32135021313169354
31,6.800081455821591,0.041763421189998075,0.024310172599479485,0.30902781624370623
31,6.999588099588891,0.031177318947625054,0.02503750418919537,0.27272986793273457
31,7.477526077106965,0.023800375660198214,0.013855576741054698,0.2589528078653155
31,7.894913990559866,0.018226738294322087,0.01102595823585606,0.24501871445062517
31,8.213195384059249,0.018226738294322087,0.007280151428192272,0.23690089139360337
31,8.00783047518512,0.01858222901687794,0.009346247802191288,0.23045841159424063
31,7.316650992141807,0.02348223533888587,0.015581975176273855,0.2182083957892208
31,6.521797234613174,0.035814539973562945,0.03228903307721215,0.19929446124169292
31,5.967063978365117,0.05017215825807784,0.03873199260444116,0.1536303296347965
31,6.525528533657695,0.03141832321581504,0.021173528936235697,0.12183047603281061
31,6.582221577837775,0.027199441507620836,0.017335914226312643,0.11128327176232511
31,7.0956922450281965,0.02459050523954287,0.013353098422173193,0.08715864758018532
31,7.308127451865702,0.02459050523954287,0.004073750093260664,0.08457707491797872
31,6.488415228448319,0.026816876249268762,0.025422714026007376,0.079011147393664
31,5.166580843887088,0.0408298433195172,0.033072570482692965,0.03373164686596397
32,5.630670520526473,0.04271395541393573,0.019417552238641136,0.0308784378490118
32,5.411230997339117,0.04271395541393573,0.03343400526886101,0.05781088085580795
32,6.232126204584896,0.031884260287150704,0.025027890599433215,0.09774644838673383
32,6.804427675032237,0.031884260287150704,0.009340731886608666,0.10786666205467438
32,6.9541122207999395,0.03530876032926141,0.006847916129003581,0.11642791215995116
32,6.484400412152621,0.037552626614329065,0.043249820715408435,0.12156249431268154
32,7.096868974105945,0.028985341321600723,0.042135467159293186,0.20292755359076803
32,7.433742906350897,0.026660641289200815,0.005557494850064515,0.2058334286312679
32,7.038303510903619,0.023376995425349156,0.01626485226652208,0.21404254329089706
32,7.531524222364337,0.02012119902943269,0.016178608682431206,0.23836313316431207
32,8.065562412526418,0.01690654803285373,0.008281237827647586,0.24639976065575947
32,8.352585930159108,0.01369195112826005,0.007434394493024438,0.25492560881960724
32,8.494136992941474,0.01369195112826005,0.006109204997107209,0.26126854964180835
32,8.170507464284036,0.015346443239982499,0.009233570091770338,0.26714401881382166
32,7.527542611151556,0.020383111644593443,0.012651203932047606,0.279735689825349
32,6.862019312286416,0.030551701126647724,0.03513447557896257,0.29244642667791687
32,6.33177873937173,0.05760628874958272,0.04069026106144161,0.35000464098327416
32,6.536178092993033,0.06557307618270185,0.02676067414882638,0.3738269488008001
32,6.143032128433777,0.07375518721527267,0.04943612575876111,0.4035259892809269
32,6.157120367018437,0.05437880085512605,0.05265138682908918,0.4726992003183223
32,7.3615760228862435,0.031146271994990572,0.02287431549721744,0.4911712370608947
32,8.03365431640996,0.027298644645529814,0.008241398170116598,0.4815521686872428
32,7.928103733837469,0.027298644645529814,0.01124080483378298,0.4746884407206615
32,7.268496400557888,0.027481324913536543,0.022458229129416862,0.45907055901967686
32,7.302632664218761,0.03776136528494593,0.018953939300032585,0.4297719824618278
32,7.18015990166664,0.04120508610183238,0.02710115167020788,0.4211626804196117
32,6.952569551481028,0.037737603843058506,0.03116006176623992,0.37556967912141204
32,7.71651286845728,0.03279570512851886,0.01156492732259401,0.35884255688713185
32,7.630172317047762,0.03279570512851886,0.016154307731464368,0.352439824476224
32,7.1499082320170775,0.0364714170753702,0.019908599795544935,0.3265339414242031
32,6.9125213818770765,0.039812781266125905,0.030597766312811747,0.31262262488513415
32,7.669341234607629,0.023957223039163433,0.025915621055959237,0.2653384087985796
32,8.215624481372007,0.02031960221887228,0.005150216246049832,0.2607913827732157
32,7.975556949696077,0.01801823963217799,0.010163908101676278,0.25503797630647995
32,7.74276972348034,0.01801823963217799,0.012420234541900388,0.24046356656986312
32,7.8051352488842,0.022124663371051567,0.010024035322510061,0.23019750722267918
32,7.351856232565144,0.026010952499109518,0.020036298628215155,0.220415495924843
32,7.54342228268891,0.02240750655192576,0.017655807106230104,0.19012490996624887
32,7.808041181287274,0.0210343026546002,0.007799386533246244,0.1851038817123828
32,7.7500901165059775,0.01822838717263999,0.008016759985189859,0.17452613689975638
32,7.459871507549284,0.01822838717263999,0.01382493060552109,0.16907036174200307
32,7.130361558478151,0.02009926582796937,0.013202003228766135,0.1468762756887142
32,7.412377663424666,0.02178323398966673,0.004107427723801904,0.1426663552844708
32,6.767912508764026,0.02498718202435506,0.043384748084058566,0.1386614202411104
32,5.428263478552546,0.05440566649352372,0.044842923796579004,0.05589685911635367
32,5.501648273730406,0.05440566649352372,0.019838064794994892,0.04897557264795238
33,6.2475995951350285,0.0360475600215426,0.006328307296464324,0.018919821846086208
33,5.597082895568654,0.0360475600215426,0.028768875412331904,0.02741692073844055
33,5.418523761050487,0.049443240303329014,0.04131325697584,0.07645757267075001
33,6.3042278040496615,0.03683656128154624,0.025232281752236768,0.11004343469012055
33,7.149231375578496,0.03008508068750505,0.0115007556082286,0.12692213617522355
33,7.114559030735476,0.03008508068750505,0.015173945509098466,0.13304494590657776
33,6.7094913424928775,0.034859920926929064,0.02024431398352168,0.15727002719342048
33,6.538422522467632,0.04042384855743974,0.02811824657305255,0.17353357387362112
33,6.443937161088982,0.05388517515131498,0.029391341987826336,0.21350652033952558
33,6.378596474241503,0.055194231398163,0.03697256210093465,0.2323162578492738
33,6.896112053715642,0.03593938768305134,0.03475573664609008,0.2874516445413949
33,8.011369745474948,0.027077079454604792,0.009298244414495893,0.30182773114145395
33,8.054358458707323,0.025388918563031704,0.009926115376865219,0.30604813337038667
33,7.459600237754967,0.025388918563031704,0.019382085055651727,0.3216799618951844
33,7.789276862034525,0.02322303427975263,0.01704993729816756,0.3448123034816901
33,8.302696141366011,0.020294109896595736,0.009658830263767626,0.3557798364915195
33,8.629736760131257,0.01917489839664861,0.006482966576879967,0.36412996400922537
33,8.347862842942826,0.01917489839664861,0.013368476843821253,0.36874576964527944
33,7.911351153557714,0.020649439270124702,0.016119069489125643,0.3908669176968679
33,8.356581303680265,0.020649439270124702,0.008521110515678831,0.4009839086235307
33,8.278102405968308,0.02341953131200263,0.008556445863354606,0.40790913872822554
33,7.540545483322723,0.026614289967132256,0.023667843496771285,0.41809680035023994
33,7.362968849300384,0.03703197258049583,0.020696494231018714,0.4552448257217681
33,7.334999298484443,0.03703197258049583,0.022500899011842462,0.45948978881227737
33,7.207688919053959,0.040375104787298166,0.023592213166352488,0.49975337625454697
33,7.295407333704016,0.04294614134710989,0.013769738092443917,0.49332578485501766
33,6.382537460654946,0.05297942356629037,0.048260028159963886,0.47221390006965913
33,6.8249477945636166,0.05029223329145438,0.03991350516001291,0.3968057285350899
33,6.933158288499554,0.05029223329145438,0.01696181649078743,0.3923868897496333
33,6.863761461203774,0.04795975235903351,0.018385814025143443,0.362882095553515
33,6.72312755292214,0.04795975235903351,0.03632439709152141,0.35561526169934643
33,6.2516674074482985,0.05294629954526975,0.044593936363047204,0.2902333013704722
33,6.6704169607070884,0.04420212788274338,0.024242000710082534,0.266427388973252
33,7.243930619107657,0.03433089227356543,0.01530245849991313,0.24174929995030714
33,7.168618412281049,0.03433089227356543,0.02145968538693549,0.23582247197342576
33,7.259413276741077,0.02652890305111526,0.021859672098541727,0.19882992917643616
33,7.562455150436609,0.02652890305111526,0.009632354211485616,0.1921031277763423
33,7.491181434787526,0.028244451490617783,0.010007145230778391,0.17956522075346493
33,7.122171265305117,0.02898608460267711,0.022843003674300033,0.17208883731478553
33,6.598206579389187,0.03332232965209667,0.02624451667078903,0.13387921340486486
33,6.8681984622244405,0.03265448023266389,0.015416205575580544,0.11959980397320746
33,7.0520112797460115,0.028519302671194513,0.011662393493743373,0.10304680225370377
33,6.813155115252027,0.028519302671194513,0.02003658398179492,0.09627501698572072
33,6.393893578670831,0.03190330054055475,0.02079718099287592,0.06297363429011393
33,6.496645055245754,0.03190330054055475,0.011924503179217283,0.05468065499996888
33,5.7857043634797,0.03316620208980155,0.02285349355242622,0.03912462793167937
34,6.2603577630230145,0.029796658356484367,0.017229004667143125,0.0439511794870897
34,6.7293378903529355,0.02650022632081933,0.0118727835303554,0.05665272469690054
34,6.64060763682933,0.02650022632081933,0.01706349534526213,0.0676967465478005
34,6.9435721506096355,0.02903581946940658,0.014563271333837682,0.0907797153874248
34,6.9135497876019665,0.03145324900062701,0.01754851404424909,0.09682328921547587
34,6.389872187701844,0.03983684508893674,0.02859956260047107,0.12587674347592298
34,6.727415598216921,0.04067538124112084,0.02435403761356046,0.154022414416418
34,7.0614519420587705,0.03315487153217113,0.01977321425972739,0.1745848187030439
34,7.294734050284827,0.025484183592788933,0.01868043648573023,0.1935688429358728
34,8.343793913837843,0.017733852721672032,0.010587478354995294,0.21194569167450436
34,8.484672145616017,0.016614609533128426,0.006757430439190304,0.21474379964586338
34,8.336091898938587,0.016614609533128426,0.007909210977745426,0.22546055255288497
34,8.164568385352718,0.01865527715251613,0.010924027607379247,0.23056222160135423
34,7.305352320159145,0.026813029184349885,0.02214468324603587,0.24730860776764346
34,7.439777018951884,0.033328659726320195,0.018442901232341852,0.27485158809342597
34,7.404930492946633,0.032681579148738746,0.020117415157897445,0.28419441023232717
34,7.7096152910469025,0.032400241593010415,0.017945238610074715,0.31508641840922086
34,7.8422298519472795,0.032400241593010415,0.009752388783086013,0.3200848874524766
34,7.057677170221043,0.03629668847027155,0.030686326909839995,0.3345911959753929
34,7.668085650450205,0.03417145111449389,0.025104612611220017,0.3814575412721566
34,7.801782415920411,0.03283429914422335,0.011012484684539553,0.3848004211978329
34,7.344386179096553,0.0295758845668745,0.020709838289573235,0.4034825106412357
34,7.719625665148724,0.0295758845668745,0.015917767553524198,0.4262200977769794
34,7.729695448866328,0.03278925625745686,0.014930827321677415,0.4353180457482841
34,7.135215562040029,0.040151384421513614,0.025865733493214943,0.4560817524203342
34,6.76525496109199,0.051172830456554054,0.033282279349342414,0.487049512734714
34,6.601216915544003,0.05318528364656876,0.03836935581996048,0.47735368888098095
34,7.119737443140536,0.04107994769728627,0.02819346784437654,0.43621177562536506
34,7.668139452752991,0.034981938724031394,0.012547149474934516,0.42096675319222787
34,7.474405743515508,0.034981938724031394,0.02064292352067354,0.41111747667549603
34,7.296492289910297,0.03766448977724375,0.021146667711727962,0.3796809061508808
34,7.230168693666554,0.03785911969363207,0.024106198473465734,0.3688241412520401
34,7.306394242934817,0.03608775348488158,0.023323627078792597,0.3314685092039493
34,7.421340150383422,0.03608775348488158,0.016804533528463228,0.3221768870944549
34,7.1489348527652075,0.03486588284019891,0.021339213576735183,0.29785944214702287
34,7.053801788537491,0.0347004806708797,0.022737650732220727,0.27949845994098454
34,7.35882554831743,0.0347004806708797,0.017102818160058986,0.2523841406825814
34,7.398235021636957,0.037537007495565634,0.01201435957898278,0.24529282362086657
34,6.48348187128963,0.044682773979466385,0.040085460877645085,0.22835542152461585
34,6.587944610306687,0.047469840894956074,0.03403559528385375,0.1651219018655764
34,6.675518185582169,0.045534772531488854,0.01731486621538547,0.16028423095690836
34,6.143382038360373,0.04158522198034296,0.028339160189321533,0.13049216943480546
34,6.393547028555851,0.04158522198034296,0.019251278879109934,0.10360591057826529
34,6.205036600714584,0.043950117398953006,0.02561462023877037,0.09198961167658559
34,5.56267875080988,0.040996238399679474,0.030862084739340823,0.052376670100724554
34,5.612810450464041,0.040996238399679474,0.019825555970725217,0.030265442197903947
35,6.197486511736226,0.02046125854206762,0.012651705320016101,0.022553000096424452
35,6.680031156439587,0.020461258542067623,0.008784049978945238,0.03253567624451409
35,6.555625660533719,0.022791936161065496,0.01344955293395067,0.04012110005431493
35,6.288953304471585,0.026253659419480536,0.018301820264851314,0.05943478211241543
35,6.434548987502438,0.03316964280812138,0.015441884341903855,0.07672474058401756
35,6.131133988812024,0.03972132050555642,0.030133547790357797,0.09031855079622314
35,6.415559390515587,0.04000485918769983,0.028629143760675282,0.13699183616473315
35,6.953003925053505,0.03986239511131053,0.009283718772788233,0.1475768383175737
35,6.611007800971519,0.03986239511131053,0.026673236569007996,0.15555927371030961
35,6.230627707784673,0.04142909141837746,0.031078670979436868,0.2009233114555897
35,6.61248808386637,0.048146413103814914,0.013855083352070502,0.21771661566918335
35,6.199105966503026,0.05687990309625279,0.053353473547400346,0.2286334781597307
35,6.376987636997929,0.05983329188601323,0.05237685299441515,0.32442356276398404
35,6.975807826765979,0.05490266383616721,0.00816520034870133,0.333387184148561
35,6.608712141837385,0.05195595211103693,0.03664100037832552,0.3407539634613867
35,6.836521827316198,0.03550383194897905,0.03975316495260128,0.40666918490521203
35,7.638364080051463,0.02463094517987726,0.012372903876051528,0.42026029336658927
35,8.066402333326351,0.020169065463586933,0.009411822543686943,0.4314149926573151
35,7.954539838810041,0.020169065463586933,0.013070951233818712,0.43908393845396315
35,8.119061082605944,0.02144155396291587,0.011732513107086118,0.4575568951249525
35,8.134490871025694,0.023438381780189022,0.010152119687203226,0.4625489646681354
35,7.339925758987212,0.02996081988191558,0.022138261073865878,0.47786113449935896
35,6.807364655379221,0.0418950408264684,0.03345743639845977,0.49317451318413286
35,7.333444479041619,0.03726348893306806,0.024507608748388032,0.4552239927037215
35,7.678428391777271,0.03726348893306806,0.012491170059990508,0.4441592956873568
35,7.42635893094595,0.0378466538076921,0.017170158617649478,0.4302416525837405
35,6.82503162938163,0.04601572346036516,0.03348887554139407,0.40981897845205784
35,6.402537327454231,0.05583352537103385,0.042117442082170164,0.36326390150095234
35,6.85846601146663,0.04184061913937045,0.029000184216985525,0.3255840942877175
35,7.422131542038241,0.033712394651075964,0.016137407980417462,0.3052635330669813
35,7.812614829382802,0.03166079116862184,0.008943835804748113,0.2933092783268826
35,7.500800507910614,0.03166079116862184,0.02422243125548945,0.28737586145748506
35,7.2548817366266665,0.026617287126681145,0.026881594446200807,0.24486441581590368
35,8.098990349215562,0.021955859852801064,0.00871814393766751,0.23361267256508345
35,8.255597849253983,0.019482042002995147,0.0077453591415764245,0.22742812794056866
35,8.050939567229422,0.019482042002995147,0.00885410472818049,0.2181219542819306
35,7.573216769181161,0.022842856322084316,0.018734410370744414,0.20971991848420768
35,7.192203501314773,0.028202900464893023,0.021476552239863556,0.18065313354044177
35,7.733635696277848,0.024889881719676675,0.01071666116362252,0.16676681400448057
35,7.666392086283703,0.023417892384219298,0.012636467620021463,0.15921981121319673
35,7.464466639186952,0.023417892384219298,0.013621521880042231,0.14149387876443764
35,7.406192918713375,0.02459535240970474,0.012707114072482484,0.13197676745311226
35,6.8871376790295535,0.030954199143160575,0.017764721796052985,0.11607965061947267
35,6.310161502572386,0.03565050486449115,0.026975119018655846,0.0964473238610063
35,6.249084370856199,0.038036365571887096,0.021863143894803372,0.06212941258216098
35,6.251576322401853,0.038036365571887096,0.015187944725178038,0.05272103607139955
36,5.5384511773945215,0.03869390065607866,0.023579077553852867,0.04576308429076115
36,5.613483418532495,0.03869390065607866,0.02445012030132865,0.054207138090613324
36,5.942398455657926,0.05099839221652345,0.021601984739708466,0.09466332489341844
36,5.9176441180591475,0.05175296019389085,0.037636704545016095,0.09741110757003026
36,5.825482832515584,0.06063107849770831,0.04431969956036801,0.16993673398345063
36,6.022662910582151,0.05441504661748533,0.032128077707378036,0.18605050669076628
36,6.679147904030273,0.035158093534509154,0.02943632807785082,0.2341928893982067
36,7.165255360242392,0.035158093534509154,0.011551280542537734,0.24492316284646792
36,7.305753638967433,0.03684035830859302,0.009414410784375687,0.2572954504832822
36,6.924788763077243,0.03792381934222696,0.03551273254831119,0.2637519844152193
36,7.001465050212046,0.03920157072264814,0.035102857514374225,0.32832091557990456
36,7.221766477448227,0.03694685717702286,0.013227359264400856,0.33395769944396775
36,7.4515551351564735,0.03554418009328046,0.012598617442348359,0.3547756341087063
36,7.358440261729273,0.03554418009328046,0.021029341389064454,0.35915493432866447
36,6.439253222109909,0.046236647444957424,0.039815482027408394,0.3968343168868352
36,7.505306428580273,0.03098467052964784,0.024457853453617007,0.43878589838348125
36,7.893295089684062,0.028199020365412664,0.009313150993980668,0.4457500237940692
36,7.643204370665797,0.028199020365412664,0.015296436982311534,0.4574122003714426
36,7.526157773747532,0.0301014931181811,0.015599021194935753,0.47634289775869226
36,7.240275837186455,0.03446000276569422,0.025579774930599958,0.4886102427613141
36,7.302857887681925,0.03909151470222012,0.02354110130507739,0.4724975523801078
36,7.440069837343355,0.04044435749439037,0.01356278689564816,0.4643075546285311
36,6.730629965070273,0.04532630390136762,0.03433223172886207,0.4453719785888115
36,6.51304581709935,0.05974399928534717,0.0324118518039716,0.395643091170807
36,6.388584258873534,0.0631092991285355,0.04418868407588383,0.3805482749808683
36,6.97232693620161,0.03966356110766185,0.03929307211765187,0.3072657230190393
36,7.160871857657523,0.035420687288882036,0.015225568301509673,0.30196213074556455
36,7.226339232855364,0.025361669557064204,0.01978538738841873,0.27681458641601997
36,8.043135504216757,0.024092253985867652,0.009243386990831493,0.2623913559687271
36,8.00262319951511,0.024092253985867652,0.011938215988254175,0.258327812434357
36,7.526986710888786,0.02266480225298322,0.017231872829979678,0.23851492399221874
36,7.89009481963652,0.01830305752765593,0.012716961047622266,0.22386406677439763
36,8.546994289372702,0.013989831576686563,0.007449527157691371,0.2130810018969742
36,8.641018645995505,0.013989831576686563,0.0062855835989364395,0.2089650124590149
36,8.468411855070618,0.01433593529770567,0.006464512418486668,0.20050983469910133
36,8.15320695879117,0.016125474128529584,0.01141262618919292,0.19603598762204155
36,7.1948398862676575,0.024672250903944072,0.016929576213388198,0.1776845823207155
36,6.725420347652113,0.03459050374495789,0.026986094765213575,0.16217683519526516
36,6.640801398901523,0.035040305965151265,0.024092894802999087,0.12371239279028834
36,7.181971706792421,0.03242897439428412,0.0070810142869855985,0.11399104558926698
36,6.866280554006261,0.03242897439428412,0.02458008745716922,0.10955036421631714
36,6.767251050793675,0.028366288749179992,0.023098098752081464,0.06483087067492854
36,6.833445488040793,0.027775607164070258,0.008701946724179954,0.06335416671215421
36,6.171804340244602,0.02189676084007386,0.01703035243136214,0.047426977226568634
36,6.424453971559224,0.020647971444860126,0.012645025259759302,0.029293461849429936
36,6.593020820090848,0.020647971444860126,0.0072978199963139034,0.02213692670705003
37,6.100751026720783,0.0276872920157225,0.008199307586563568,0.014817145388828529
37,5.911489805404947,0.0276872920157225,0.013877770665419474,0.02249512604799987
37,5.278227176610842,0.03571831628438954,0.03589358876332327,0.04257268671966748
37,6.163913899789655,0.045711250916878735,0.029106162352397484,0.09428230357464641
37,6.469257614651822,0.04831233405680514,0.009545797083567141,0.10078501142446245
37,5.859461195902462,0.05124001069020392,0.043396933593749104,0.1133738977417807
37,7.0108045654684705,0.026432298301028834,0.03975669053713696,0.18757887861196065
37,7.679681952774299,0.02218557813775367,0.005762469458087963,0.1928872788160546
37,7.599487440162153,0.01969896265292088,0.009666678160156317,0.19910381752813658
37,7.615611844778627,0.01969896265292088,0.009889202013543236,0.21222063513636724
37,7.414041720415282,0.021895670341693672,0.017370648196399358,0.21888222155522305
37,7.800879449769063,0.026992046579492984,0.01448185427470737,0.24696193152916596
37,7.811714863058294,0.026992046579492984,0.012111052069652323,0.2478459301046378
37,7.093052708354351,0.02635931028015164,0.023074562620237493,0.2711840356684706
37,7.953225876124533,0.014855003316333914,0.014795065181782557,0.2939950553451128
37,8.994534737953265,0.012143359041564739,0.004512085990385634,0.3007741660320357
37,9.364146836428107,0.012143359041564739,0.002073161732215556,0.30301922732588404
37,8.87916974971282,0.012903863909797853,0.007855554052603936,0.30492048949646683
37,7.405847011454611,0.020281205136226322,0.0215017340454442,0.3187303354310919
37,7.366068030193384,0.03440216958891975,0.018476429018459833,0.3479239575873552
37,7.2553520062360315,0.03879465080755049,0.026796862943580246,0.3556831934680116
37,7.222773181046959,0.03868419934546401,0.02873283665340895,0.4015176834745157
37,7.511099608108582,0.03502800025198756,0.016779491638998056,0.4131488667748295
37,7.630712901484149,0.02724221408891011,0.01858571547751589,0.43507666675251183
37,8.067108059248206,0.024244940028013185,0.01250805687120482,0.45032029772986126
37,8.105099958594568,0.024244940028013185,0.012610455745881793,0.46009278049492147
37,8.095261511405276,0.02459404699156532,0.012021880592900352,0.47554120922162485
37,7.902937080480658,0.024832236100575257,0.01662050990557465,0.4841365416807222
37,7.813304141645457,0.024325265349327784,0.01653007777753268,0.49121777096722585
37,7.929297753456969,0.024325265349327784,0.011633210754729173,0.48280330276421246
37,7.688290327147534,0.030266046671905765,0.011822130833976263,0.4679513494577675
37,7.2232081308687155,0.03669568807042882,0.03553551579510389,0.45915904109625993
37,7.062731138605477,0.044296727300115336,0.03416728055888424,0.39688031786755973
37,7.2102127924137225,0.044296727300115336,0.016240182479640097,0.39082447997849146
37,6.943336731292346,0.03963622928845909,0.021770920472125976,0.36439995290827953
37,6.76078649838579,0.03963622928845909,0.02912393382313405,0.3472826390342395
37,6.967254391959674,0.04221189346426466,0.023396879509227586,0.30615208526201143
37,6.9458936026138804,0.04221189346426466,0.02449089795273618,0.30048888001578433
37,6.892975480320999,0.03742249621238074,0.025686419752450285,0.2571702893565391
37,7.074437519299707,0.03742249621238074,0.012806311116565994,0.24911604051088376
37,6.431700171048496,0.04444584556737141,0.02654548728637174,0.23155766712340708
37,5.472837500166184,0.06923384388592473,0.06373460368041867,0.19602506593814029
37,5.036813773332796,0.06639705433264154,0.06420040977424529,0.10408845976256975
37,5.9033256147638635,0.03965605435170534,0.023307590510043275,0.0676242463896497
37,6.081523471965289,0.03559566729283874,0.013932480318641638,0.0574732787424832
37,5.539129683485671,0.03559566729283874,0.023012458032170335,0.039759285752366424
38,5.559013054903733,0.041684663625059806,0.01640598738882475,0.01639305350011723
38,5.2614526363007625,0.041684663625059806,0.033345309407336425,0.039704467501013155
38,5.629656302305211,0.05480225500210238,0.03460812851598176,0.08308367231479008
38,5.921068953741732,0.048280648901683196,0.030956609786224568,0.10892072453297667
38,6.405873860757039,0.03683409186129707,0.026908412338476177,0.14499689188723922
38,7.3825656621818165,0.034728903732902786,0.010190387936394221,0.16273754920992903
38,7.3377883516114695,0.034728903732902786,0.015159490930802794,0.16537766776002766
38,6.340798301090663,0.039724573964292964,0.03324390885153444,0.19305653107153462
38,6.759271427409228,0.043568120073913114,0.026878215536247474,0.23186548546309654
38,7.124282033629902,0.043067368377051087,0.01423420767041711,0.24681296214402956
38,6.758700868727271,0.043067368377051087,0.03267155172563345,0.26033390080393076
38,7.554235758732061,0.029864410395035568,0.02712397668037908,0.31215606559529646
38,7.679254048135727,0.028894094967278582,0.010334830138556989,0.3145818541646889
38,7.5937733838677595,0.02640875471611045,0.014262430586273328,0.33282572587241044
38,7.7391761615934325,0.02640875471611045,0.011392064159126303,0.3431067153372356
38,7.26353884023489,0.031410010257481434,0.024892067173906934,0.35560985419066304
38,7.2020676886365775,0.037413123344170976,0.024948975952011204,0.39289084968504945
38,7.320735734410627,0.03554289943676349,0.020457576448756176,0.40550780609468545
38,7.810369629695744,0.028887664376642475,0.016925710580935116,0.4338060025825618
38,7.908218817819527,0.028887664376642475,0.012375887366268046,0.4393592272565557
38,7.435817857280446,0.03200025805178978,0.019683374208649906,0.4585577773150979
38,7.339443475885075,0.03435831914353724,0.02141639794435027,0.4787259756738555
38,7.318598168196532,0.030472228660127155,0.02233603916019608,0.49860942679620157
38,7.848551883558419,0.02055127327788302,0.015694075281752318,0.47660194600575234
38,8.747396394861763,0.015877906437451107,0.005730318868794604,0.46722127623269694
38,8.688386325108501,0.015045919251637585,0.008314921659051455,0.46514130826816313
38,8.154946451945872,0.014507989943113175,0.011218213629786866,0.450591432914594
38,8.76740762274686,0.014507989943113175,0.005076406294676483,0.4427048810085894
38,8.632418402838578,0.015414494216452513,0.007717157321265822,0.44043862032524106
38,7.462676336357729,0.019126108287523702,0.016302107205836303,0.42727056636605776
38,7.5258409033290254,0.021031801477348466,0.012135572917438997,0.40783440591356845
38,7.571783199125898,0.02296579563030394,0.006706586022585392,0.40299942053117976
38,6.581288797345682,0.029828344960529617,0.07754702881456177,0.39442123386839767
38,5.31935073951249,0.07780819199359494,0.0878332765923695,0.24790536290205623
38,5.738515924806528,0.054487646218876896,0.03672102583911929,0.21875468068365866
38,6.644108402471929,0.033246996755979884,0.027301596416352325,0.17446331122381764
38,7.204607054926994,0.02860743525362095,0.010404680030888569,0.16415148785095401
38,7.180438693628679,0.024408420578055545,0.012344532114559215,0.1536539511620405
38,6.8704126319471825,0.024198721043253536,0.017506091610829222,0.13946242362183559
38,7.145739050055018,0.024198721043253536,0.013669983918759399,0.11864176794038206
38,7.396182277211845,0.02546683300136563,0.006565867123259239,0.11212245578431679
38,6.819463763945865,0.028111801837546913,0.02266548377253358,0.10551003369386358
38,6.227351045238956,0.027738426751678324,0.024349986649910393,0.06679148823924963
38,6.476274114858747,0.02374585561359559,0.012192133595639532,0.056810060394042794
38,6.49741345496485,0.0196067372940111,0.010888199556343903,0.04240722104797057
38,6.857207504041946,0.0196067372940111,0.004732899559059034,0.03503366128135499
39,5.895893806883613,0.04792466561106014,0.029830031192025916,0.06815834504119025
39,6.083483732452727,0.04792466561106014,0.018262425255670366,0.07545294428706124
39,5.776995672451383,0.04678743695134263,0.03399273543642343,0.10468319555253099
39,6.208476754895883,0.03848142190205336,0.0308260718865812,0.1434384151599081
39,7.22329981632867,0.029651799732954738,0.014509749995993027,0.1663353393256934
39,7.673831553125156,0.02720276940247443,0.005426535353243098,0.17245791515189415
39,7.241415001713847,0.02720276940247443,0.02264022373728994,0.17718841003217958
39,6.950958592297701,0.0362265392943361,0.0230651669795173,0.21773836262647403
39,6.9858906951528645,0.0362265392943361,0.02012120563751714,0.22331874399121418
39,6.850986484929445,0.0435762069956571,0.021949561199145803,0.2579807739015083
39,6.774470084234691,0.0435762069956571,0.030830564046956332,0.2672178663895058
39,6.926717439287421,0.04460465222027691,0.031420640361524727,0.319641901995421
39,7.157331179952709,0.04460465222027691,0.017508801265857687,0.33005914711255524
39,6.878318477248785,0.044363514947043534,0.02654300231778639,0.35465950452713635
39,6.79519953868345,0.04081781708785431,0.03148065591696683,0.383145151748128
39,7.692227063574394,0.022564288673273168,0.021133504256502095,0.41762081636107
39,8.53674193747898,0.019447751113248292,0.00564954792190947,0.4254121602611322
39,8.436158309855415,0.019447751113248292,0.008873369576534507,0.42891991220488895
39,7.933288923000055,0.02038424191660353,0.011209080056296283,0.4431588994142012
39,7.632540239871141,0.023655911077915648,0.018109113632112428,0.4513380723174815
39,6.619345726877738,0.04272873232768869,0.0365016267416938,0.4793771266784261
39,6.109460796982519,0.06951286847935621,0.053081863143514346,0.4756586741991309
39,6.453232938571512,0.05507071117497371,0.04360746811984845,0.41445914703454523
39,7.413222625083236,0.04349950560227165,0.016271234950773483,0.388443737959434
39,7.41368253888514,0.040888681271697355,0.018350185653789985,0.38191667713299826
39,6.84272486466817,0.040888681271697355,0.03016894972469325,0.351743366651854
39,7.258206013508607,0.035737838451270744,0.022344677609414554,0.32157877768361176
39,7.476311424273698,0.032236249241896366,0.016853982894823982,0.3070540114330249
39,7.789120902882468,0.02801892882667849,0.012714602773951644,0.2878708118939638
39,7.662977000308095,0.02801892882667849,0.019085760057020174,0.2816248058851216
39,7.985236563467005,0.02074982930990592,0.01826997333647934,0.24969929177992345
39,8.325313989576648,0.017352178468285517,0.007047194930637546,0.24508485921216294
39,8.20109624729446,0.013560195550879683,0.009848618252195906,0.23560490191864836
39,8.566025347208601,0.013560195550879683,0.00735437554093421,0.22538762270777113
39,8.739256657369975,0.015058751715277752,0.004541660547992932,0.22089615083677994
39,8.15956696650638,0.01689549140527562,0.013656489011575734,0.21630430161178527
39,6.9847741915527,0.029053142169231827,0.024001625719123565,0.19358317281362847
39,7.031429684699923,0.03614050216253264,0.019072515745308938,0.16830105017353814
39,6.895166788558187,0.04042846131445603,0.020979563610278196,0.1554381413230106
39,6.30918059410911,0.037660102810725585,0.03058599378616561,0.12634192295298174
39,7.24160190511776,0.024133422722057495,0.017168749411425377,0.09426615375067937
39,7.32162114411688,0.023228730873838144,0.009378065617793585,0.09200442413013099
39,7.115967855413274,0.019199342134204732,0.01143830661614148,0.0755100225150922
39,7.063172734578178,0.019199342134204732,0.011839504731715522,0.06912781089784803
39,6.762121943387358,0.02334769705765023,0.01215137256123916,0.05183101305166116
39,6.552169725569746,0.025679217452288496,0.014291659811935975,0.04482506577536971
40,5.531496708038934,0.04742421873997456,0.023151739652307737,0.018990899308956997
40,5.334287460647202,0.04742421873997456,0.035429287293113274,0.05893939117065048
40,5.70269591202144,0.05817009608673006,0.03050982431919014,0.08984947389518354
40,5.708756960891684,0.0609457600258668,0.04087934758994748,0.11995903980903076
40,6.243452103397873,0.046340570136624556,0.03742428978801129,0.1716081690750785
40,7.103815140092685,0.037060790012634626,0.017726373734494205,0.19480761938505334
40,7.47380882409488,0.03221637487816428,0.01195946926957002,0.20706091654406691
40,7.24625852779828,0.03221637487816428,0.019415193660004257,0.21872655792419338
40,6.979845642329189,0.0354861971577934,0.025607079841278996,0.24589130386407543
40,7.503054836216485,0.027996572680138564,0.018151377153689197,0.26994071760675137
40,7.798029267294599,0.02271358859758177,0.013716645388551663,0.2821940581714538
40,8.139110576690708,0.01664160851262142,0.012129420181121897,0.2973740083838547
40,8.90904641545249,0.013202115736309916,0.006150673306080767,0.3064528985336976
40,9.001137421432558,0.013202115736309916,0.005067837330877761,0.3096753549960162
40,8.481825823467425,0.013293978477270119,0.008046130291535059,0.31658857319545314
40,7.972842169564855,0.0169655954307234,0.010513696164963254,0.32576761557908634
40,7.12097872041692,0.026444275387758044,0.03802297458466089,0.33761596552537965
40,6.876520243059379,0.038023337068518924,0.040503204333732945,0.4018135647484081
40,7.572775721222302,0.024576289512968995,0.01602412949962803,0.41862237419284554
40,8.356704652557347,0.018480509691041536,0.010542128433992631,0.4338618237476642
40,8.670820580531974,0.018480509691041536,0.006434947664982205,0.4397066310608308
40,8.356770063509728,0.018679095678319123,0.010277664972417666,0.4467317190776286
40,7.78079456793326,0.024091192449534136,0.01593045411600641,0.46026196100566613
40,7.260020065646638,0.03350028502090406,0.026011858530859827,0.4785926273096414
40,7.005651176152805,0.04211710260292654,0.030034443160199792,0.4877143219326142
40,7.339857299957403,0.038234433090997735,0.021942644550647594,0.461338486369959
40,7.695432218008621,0.03509005890845392,0.014115892484281523,0.443829032831319
40,7.493552555996748,0.03509005890845392,0.020738375763045436,0.43310670140139595
40,7.016880155281174,0.04390494521848156,0.025567068758198697,0.40235228130522815
40,6.796895633318332,0.047116542323751245,0.03396381599259435,0.38197256388499856
40,7.38674331942822,0.03720297755699451,0.02733223658542483,0.33442464932003946
40,7.73556402495633,0.035531409665790895,0.009772732940663775,0.3273080907141489
40,7.363722359197668,0.034857538978599556,0.018380379070858044,0.3148791834387119
40,6.927687997758713,0.034857538978599556,0.027128721929812083,0.2905473325724328
40,7.438400771771733,0.029074215355838828,0.01969608807202544,0.26062173957908774
40,7.848218037601971,0.025298118835515117,0.009582951192012135,0.25115515642838193
40,7.695238285117517,0.025298118835515117,0.011544485620394507,0.24145583719506347
40,7.164121313165234,0.03065397963850334,0.017572112587696476,0.22806618518759292
40,6.3006777163034915,0.043418906806662404,0.04139831844489522,0.20631161201967052
40,6.513585027599415,0.0408160605216296,0.0341401660190927,0.14526954829780248
40,7.015103987522394,0.03634742014263721,0.006907336707609846,0.13803127998148512
40,6.584982710972003,0.03371685810307627,0.025203820967445667,0.13145487488258278
40,6.35311818170881,0.031761273026153725,0.025262356744157277,0.08762363804659379
40,6.9692606129064085,0.030271088036395354,0.005003012420483399,0.08093016139426823
40,6.64928123355916,0.030271088036395354,0.02058725410713519,0.07761761320562699
40,5.67826972162982,0.03502715834212959,0.023168822724891902,0.03975565317999785
41,6.025406837415438,0.026881166521448997,0.010162178156412788,0.014008599907051254
41,5.945229137394124,0.026881166521448997,0.014030210777994856,0.025800859410602648
41,5.607500139560814,0.03338843134242432,0.030110097663913524,0.042069021463040965
41,6.395814639668851,0.039575587005648685,0.025560858171906987,0.08602105473842969
41,6.631486450215666,0.03834724437585516,0.013719981269719454,0.09319073780685494
41,6.289018083238309,0.03592214698477379,0.025963188874369117,0.1134610172778686
41,6.880200110560897,0.03250499557721377,0.020488942888135513,0.14511711555559317
41,7.0994069442472325,0.03250499557721377,0.01380520529084811,0.15443890305413963
41,6.946222826633013,0.034952557798715464,0.01634425814040845,0.1727275261372894
41,6.635620669103487,0.036289837841965475,0.027598676635821717,0.18712741933495652
41,6.686682781892909,0.039514882504377555,0.025776507939001853,0.22792487940893283
41,7.140255847701944,0.04381710482598851,0.008669033508723709,0.23868043521296023
41,6.730835464447042,0.04727142451537118,0.04417405408944697,0.24526294642638025
41,6.871348234756797,0.03406357325074013,0.04562533263445498,0.32702854339185417
41,7.497178062600234,0.0264755186079913,0.010951897330957167,0.3365136116952902
41,7.969289200208047,0.021508028064599984,0.008738663448814271,0.3489323380537685
41,7.849627837623267,0.021508028064599984,0.014074055271728836,0.35399093859291875
41,7.524476344092236,0.02690609252132533,0.017476153840424558,0.37708044859722617
41,7.611107759188723,0.028876916282708286,0.015431603740191951,0.38894324627376786
41,7.415819493065271,0.028697630352539916,0.019279079016154527,0.4079436560776101
41,7.772259074445536,0.02501318880049521,0.013323214886132362,0.4275014043060769
41,7.707676357151927,0.02501318880049521,0.013931304124637528,0.4345900858498748
41,7.465816851234934,0.03332275948268608,0.012455033202414673,0.45536401255535197
41,7.271052440818309,0.03663167124216782,0.03778234385859336,0.45950015225470414
41,6.705956650497371,0.05233003358313092,0.04278914712831208,0.4690712997274613
41,7.214053180846239,0.04712813011367197,0.014082270079604553,0.4549215534886717
41,6.925149770316534,0.0431112425307288,0.029096449771922495,0.4409067595682522
41,7.328053155791816,0.038484589742056555,0.02484506134413106,0.3967286539448267
41,7.416388839362908,0.036636721285171946,0.017665272319451142,0.3912166368799901
41,7.397576114827327,0.02815503360803038,0.021848682387218377,0.3613981093059244
41,7.928630653517592,0.02227151404480072,0.012323523375096457,0.34751927210555333
41,8.084588803734786,0.01796423022487199,0.011610687338124426,0.3367510625557315
41,8.718924902125123,0.015595015215055508,0.007353116325871711,0.3242978974293045
41,8.709438957164554,0.015595015215055508,0.0073966659598738715,0.3220448299039881
41,7.974781958833528,0.019771245481321743,0.011500534651110561,0.30950456550955674
41,7.605456655886432,0.022792367557847682,0.01690766456923254,0.29904376060176696
41,7.257980064183975,0.0321341772501178,0.015945651260507343,0.27568923637109166
41,6.973655131038951,0.038432239118458965,0.031512706909619936,0.2671524580807523
41,6.532964788675645,0.05162893771368959,0.030957098115461046,0.2126638225518518
41,6.524320553882422,0.05162893771368959,0.028247196494124382,0.20523826184983018
41,6.176724756355904,0.03883832431636332,0.034642562414007816,0.15616942956360302
41,7.18323519338468,0.035075964385055336,0.01144622092164671,0.13595313702181455
41,7.164301826516299,0.035075964385055336,0.012651684690235143,0.1332769877203096
41,6.088320488628139,0.03672552795010373,0.027611368285996196,0.11064976764134427
41,5.685760151079494,0.048921803779490444,0.02879093593789861,0.07805425114831721
41,5.214644658106403,0.05295287683445442,0.03695276228808264,0.053067895765547046
42,6.446076383216138,0.025625007738656457,0.013196680693520918,0.043543444367336585
42,7.04789730329381,0.025625007738656457,0.005304330556520905,0.05088152248231706
42,6.775569001989922,0.02676874574884629,0.02012074685544079,0.054152105480378396
42,6.270338690830158,0.03584961123553636,0.026664814767602442,0.09112301619319864
42,6.616400535054452,0.03737348310428536,0.019048680552866633,0.10748173501558328
42,6.772783724661847,0.03741005907294689,0.0194201061736112,0.1292203772989319
42,6.741222252983508,0.0369829650143831,0.023669646406859854,0.14632194736280568
42,7.035271245862211,0.027872751249681655,0.02283592951709265,0.1765596701126516
42,7.841672584694287,0.021699096735945906,0.011412869063471068,0.19199380639699098
42,8.317138836538321,0.019389959026255364,0.0061924240605814584,0.19938540823959375
42,8.085325287916907,0.019389959026255364,0.010110718277418204,0.2043786545181539
42,7.263445706375874,0.025481235136765867,0.018262263024887607,0.21960684479443016
42,6.673700431866202,0.03944371244234599,0.03513344483134062,0.24090318056792911
42,6.819772880101279,0.03842380038209807,0.03482344055744123,0.2898737344571114
42,7.60225400911283,0.022100738605356975,0.01672337875413102,0.3105500616828116
42,8.155452869051828,0.016633710493154118,0.011199451322759485,0.32332049196537344
42,8.98644552430612,0.012782321547971275,0.006251687953932328,0.33294896432833054
42,9.214128937384073,0.012782321547971275,0.0034926620185291857,0.3358238678732381
42,8.610554000152145,0.014426489744831605,0.009574550802253418,0.3399342883653889
42,7.463553367400513,0.024321144120941208,0.024390068169206663,0.3549729694777449
42,7.658815980668554,0.03266624118987347,0.021612133002201578,0.38871442470380224
42,7.941919704977437,0.031641368237586766,0.012031310170408122,0.3981972354821481
42,7.654310373451196,0.028705444145365144,0.018890686243694388,0.4127770450446185
42,7.661066925766532,0.02431836528234501,0.019279386396427622,0.43597860796953686
42,8.421318328038154,0.02244093977378031,0.009961446090423542,0.45133581783747373
42,8.669664815154805,0.02244093977378031,0.00498578954134854,0.45590150015038394
42,8.05181065281226,0.024603298481695058,0.019592886249795965,0.4613073969201708
42,6.9620911122204685,0.03733581317281701,0.032557683910481944,0.4950872726499759
42,7.669764174656477,0.03670164814920903,0.019313235365513548,0.4735772352588653
42,7.765184188759318,0.03549756819140763,0.015094738799675989,0.46628625661899703
42,7.408919852176501,0.03549756819140763,0.021142972977416963,0.4433877576595133
42,7.359058970745107,0.036884295214490215,0.021743723856170738,0.4240003106641631
42,7.226786364440353,0.03775046839368239,0.024535578905286737,0.39990030994717185
42,7.3641576273085345,0.03411466940654815,0.021557638349073427,0.37492915285358963
42,7.72600640463358,0.03407464036293699,0.014053651326883965,0.356785033249025
42,7.609151418206126,0.03407464036293699,0.016067745132843925,0.3468218501998217
42,6.903591141463877,0.042242276910277377,0.028525974573939517,0.32464954298333715
42,6.462965852398218,0.05257591539259317,0.03587216763378376,0.28976990105194267
42,6.39042513268735,0.05518168805962982,0.03353408017521847,0.25290520771576963
42,6.345175310631481,0.05179091358695105,0.03193334439147799,0.22270174070150572
42,6.669820932023614,0.04681426797586208,0.02151289444146237,0.18903851893281365
42,6.572525231792024,0.0460148662551791,0.025665354074872748,0.17967595181858098
42,5.948732931220189,0.034454205605453356,0.03324279347472575,0.13770781078306815
42,7.043806344537848,0.02464722723987789,0.013632053129130461,0.11319036486912948
42,7.232527834277998,0.02464722723987789,0.005441795444033448,0.11044370452480723
42,6.711488145355194,0.02790199945737575,0.007928095879643937,0.10230677398106258
43,5.965258434330275,0.030670577205292253,0.04504272535378375,0.08903837186375393
43,6.940041382002136,0.023917741288067635,0.006903352103453775,0.09747941676028471
43,7.0559852433799986,0.021771477563916924,0.007605170582728124,0.10284507607066148
43,6.990120936417849,0.021771477563916924,0.0074106518816044464,0.11268975792574096
43,6.626044918675175,0.023762126327168693,0.02758717841446623,0.11766637983387038
43,6.2215340282800184,0.042120446625778685,0.033055945775715065,0.16786411475467342
43,6.865765009249172,0.04362544603991177,0.012148473032259452,0.1837782713853005
43,6.63912146860137,0.0438408987003303,0.028314939562025132,0.19216106081919232
43,6.356711625147072,0.051933169573455264,0.031891493663880194,0.24040815050935077
43,6.375487895862008,0.05303159479129179,0.033354472830394166,0.2559440481469527
43,6.681788176686096,0.04567783146541958,0.03125013210312902,0.3071170961701391
43,6.810458398036714,0.04567783146541958,0.02283241718773285,0.31844431235321075
43,6.970131769272349,0.043161903998551285,0.0210939484507571,0.3527819305456048
43,6.896251988162451,0.043161903998551285,0.02982171516786286,0.36063220925472494
43,7.098792143547906,0.03647706386400264,0.030231539835465338,0.4124253608813305
43,7.475130070561725,0.03647706386400264,0.011248861747153116,0.4210952889256556
43,7.228364509668985,0.04200818204399509,0.015555578887362725,0.43492308437563676
43,6.600903801784567,0.049455004184160586,0.04240426994068541,0.45220644670038107
43,6.309859068827656,0.05111456754494516,0.04781755493098891,0.4802683757429924
43,7.338313147446904,0.03601764070977751,0.01777056843318131,0.4521584434376411
43,7.877234292507893,0.03304515888537298,0.0057390594048316035,0.4447272388766298
43,7.522030137596138,0.03304515888537298,0.027822834585839507,0.4406803246279779
43,7.386703675806484,0.03489860739468964,0.02925697766525409,0.3890815697049508
43,7.690524483473766,0.032268848061797174,0.012093587510489612,0.3821663692974697
43,7.7107382938191105,0.025360058216397908,0.014615518521400361,0.36489439468397156
43,7.6802885427493806,0.025360058216397908,0.017165122328310856,0.352935332254669
43,8.259172553795295,0.02121015189930602,0.01354638596614266,0.33056415002734985
43,8.450238828472546,0.020187609945090657,0.008437071882217206,0.3258425603223837
43,8.240851754875628,0.017212404420932814,0.011516004719111239,0.31369000626291543
43,8.334488526983549,0.016552872095483995,0.010893285265521413,0.3028105508841612
43,8.958046149886684,0.013354837488903338,0.006744921496105061,0.2919034357318726
43,8.962222626752961,0.013134726632288563,0.006774411181827977,0.2893207078919511
43,8.73272352428484,0.013134726632288563,0.007683111858843128,0.27835461336821665
43,8.754597305241681,0.014554019815379116,0.006151324782078027,0.2739544841742648
43,8.05202188721619,0.017649467804836717,0.013576137118722742,0.2660519638040606
43,7.8108897874846726,0.020005863008116555,0.01276183556734578,0.24680220993681934
43,7.861927200887516,0.022515429915096676,0.007900483118524204,0.24052829266936904
43,7.020980482991767,0.03013706909077516,0.03454367416255072,0.23100124369977093
43,6.987432284321173,0.038538260456034125,0.03160295172045552,0.1714409443442676
43,7.321705439574955,0.038538260456034125,0.005335473166707239,0.1677953402588599
43,6.714528826040267,0.04020939907625447,0.02304075004766798,0.16076999801085312
43,5.803060978174836,0.04706288041517914,0.037031651631802054,0.12171384016352393
43,5.7613990115172475,0.043626579153864344,0.03272124726810599,0.08670669474724901
43,6.49344400214876,0.02961820972410951,0.018087851417286582,0.05627134562731195
43,6.6498671019512505,0.02732206823825507,0.009868233535108573,0.05053099191267585
43,6.114173117384107,0.02732206823825507,0.015083589686904597,0.03653487855709481
44,5.775638444584535,0.05193540575075965,0.01042542582024024,0.0315841016501251
44,5.118953860556079,0.05193540575075965,0.0496756205546624,0.04557207360438665
44,5.798834500739428,0.06576193066178607,0.046951431199803176,0.1309353427594499
44,5.978524584461272,0.06576193066178607,0.0244714734924492,0.139474936003993
44,5.809886680019453,0.055811235499195824,0.039036504785278814,0.1798782897443483
44,6.128876186348607,0.05411666488815579,0.035251644550869946,0.21754794557455062
44,6.790071320633408,0.05138065523509945,0.02193363800429045,0.2503815788460882
44,6.799941099527571,0.05138065523509945,0.022653058244181484,0.2614152215831315
44,6.19589303385262,0.052926491797823674,0.04309647591988508,0.29568769533445116
44,7.129267856183096,0.04010072682564374,0.030276493089213846,0.3476081734229017
44,7.588683518627221,0.03664772358965287,0.01032996319705351,0.35624068151287885
44,7.404247500608444,0.03544566278207717,0.014894235623803598,0.3682680998170087
44,6.88112042664298,0.03544566278207717,0.030104907911996298,0.38602915276048605
44,7.428830592545121,0.03091337237879912,0.024404523750600843,0.4284779156410013
44,7.780989400313878,0.03091337237879912,0.008669637291040089,0.43483820026168774
44,7.5483671956498855,0.035304968363356615,0.01092421968301735,0.44581719022308147
44,6.925742873989421,0.04046739604574445,0.04081116500436502,0.45668663962772243
44,7.269189916983643,0.034611951224374216,0.038121499406997245,0.4725604797681885
44,7.591063737424125,0.030219856656449884,0.010307671114663908,0.4670703615582831
44,7.457541736772672,0.024169767048680922,0.015496705430038837,0.4519451375388607
44,7.923841630989465,0.024169767048680922,0.009829115352338158,0.4360769506982054
44,7.795495102714069,0.02568578459428934,0.01685683230433377,0.43228690683418436
44,6.6948521876193245,0.04265582323328567,0.0326382623198464,0.40236328608953786
44,6.4877979711075735,0.050260813000406565,0.03896659730995611,0.36701038219449156
44,7.221375366384339,0.022555354899266477,0.027184169202896902,0.32443009146962565
44,8.631318693651005,0.015694922114350994,0.0067873964296833456,0.31264204378869775
44,8.773827820227975,0.014980224042975476,0.0042395549931502075,0.31085529861025896
44,8.392245703918604,0.014980224042975476,0.005495846352288447,0.30416293380239734
44,7.935551936780666,0.016699955201661586,0.017581579928385882,0.29986360590568206
44,6.651566890002414,0.037727424084384766,0.03398808302872325,0.2689997739456256
44,7.141952761807408,0.028377364217483537,0.025600900052212994,0.23188743984823557
44,8.007499693232981,0.022741577814669144,0.010357504787428085,0.2177979738411996
44,8.317281522741421,0.020291332845980593,0.006807090499016233,0.2111724302733794
44,8.00796810605966,0.020291332845980593,0.010775677414105456,0.20418379284316712
44,7.333878350876818,0.025614700150900727,0.01929374069929557,0.18962107544516849
44,7.222705634428799,0.025057369836125075,0.01987888306583524,0.16559631144457598
44,8.136943856998627,0.019830327714238472,0.009573642435250107,0.149863309313498
44,8.28092748666458,0.019830327714238472,0.006030657324392785,0.14644902657407577
44,7.648203513777529,0.020166545660761835,0.012385495090406928,0.13780199466471243
44,7.086187635920057,0.022374241775493096,0.018103053347173104,0.12167803639326191
44,7.7257748610939,0.02205420373535467,0.011354419541034666,0.10159588797036623
44,7.8503197314898845,0.02205420373535467,0.005405364640420129,0.09896919731119258
44,6.968766537170114,0.024652754150222035,0.018959326480171956,0.09078515868952597
44,6.36216466880342,0.027981129386276237,0.021820755403095027,0.06105054435084867
44,6.713425471482639,0.027044749077372088,0.011283523492276737,0.047143647883335915
44,6.587052721840994,0.027044749077372088,0.010935769856390498,0.038483497366295194
45,6.339009300473574,0.036542750562552004,0.0030704166182451958,0.016085936900639284
45,5.571001618283834,0.036542750562552004,0.033983802264718366,0.02035931914286813
45,5.517799951291788,0.050261793614099035,0.04412299795198238,0.08405354143007601
45,6.475243693486,0.04483239603623092,0.018744069397288815,0.10860531504683289
45,6.696594943302383,0.03965784996510261,0.016527727612879607,0.12154168022465364
45,6.456401640095472,0.03965784996510262,0.026505535849761508,0.1416607702725921
45,6.5781563541835295,0.04318303268867831,0.027307747028857368,0.17455275192417666
45,6.7892118959537395,0.03865396556514809,0.024723986327656947,0.19627626433030684
45,7.421157099150587,0.03171601278585852,0.018558556312354868,0.22400072457949055
45,7.674954701095579,0.02973691538122584,0.01218239411940919,0.23339337695501658
45,7.395999117620547,0.02973691538122584,0.019128769017462285,0.24836551281830893
45,7.5543501126068975,0.031349129913135015,0.016986501072192073,0.27165091498994115
45,7.536122380208562,0.032301137091507184,0.01843245948795788,0.2823385149626931
45,7.466993390062625,0.03050209263709942,0.020861313164779766,0.3085158339658569
45,7.870865192646167,0.030205115472791012,0.013134663317116158,0.3240611412922526
45,7.780864070592921,0.028416956570478956,0.0160541419596969,0.3347851606000892
45,7.525021999656984,0.0254241294549301,0.020100660586466396,0.3561694252116464
45,8.333005236011765,0.025172630596398328,0.01106079325713935,0.374986481773022
45,8.424035232370334,0.025172630596398328,0.006936199553334799,0.3782910117259251
45,7.5379509894262515,0.029399778257904928,0.023181658117603726,0.3888588808796916
45,6.998340369619602,0.037727186607482935,0.029227120481996577,0.42465432796113256
45,7.367955292260812,0.04381012374236397,0.017075264825051756,0.44731312184368477
45,7.147751441615462,0.04209845969824374,0.029936311768014368,0.45880485761123607
45,7.599566673239864,0.027377290915713136,0.027540744397071576,0.4928142546202865
45,8.20722859090003,0.02469705050544685,0.006503384371232934,0.4861136535946208
45,7.98417858242262,0.02389282518221103,0.012299160754158267,0.4798074858778206
45,7.819625750526798,0.02389282518221103,0.012246252882754272,0.46151533208630424
45,7.641575880405258,0.026372965971807893,0.01953718805162391,0.4553149801123121
45,6.968051354708386,0.04151769939682193,0.023737446687266628,0.4224409559830564
45,6.725136378121659,0.050105315834281926,0.038704520654154584,0.40784008673777883
45,6.609567158428298,0.048559823619753105,0.04117563689575643,0.34503191467474725
45,7.14938885922573,0.03822792862294646,0.019007750471319862,0.32548881294626597
45,7.541742972257998,0.030838968937283086,0.014082242649692933,0.30701641373210753
45,7.432586307309911,0.030838968937283086,0.01835462769705304,0.2973243276468801
45,7.255689038800637,0.025375788693039136,0.020806758482528165,0.27030715833800145
45,7.804361912665542,0.019589681702744333,0.011347944228636664,0.2557108106818238
45,8.357898460425272,0.019589681702744333,0.005631967496291135,0.24761126988072812
45,8.206633900969571,0.02085543937933898,0.007137763648857043,0.2444468756892415
45,6.9470424692861,0.027609008209382436,0.03221151494770047,0.23333574258301404
45,6.9086030164232906,0.04063195094886594,0.028545670152794522,0.18002384579384056
45,7.127175500872703,0.04158686549422306,0.007028980228226067,0.176244402277425
45,6.3521784747094525,0.044059320755559385,0.0342912766486288,0.16596588533738843
45,6.051159381617351,0.04744048344427563,0.03514311638923079,0.1076618489801674
45,6.318594809382082,0.04744048344427563,0.014847059588746658,0.09567965255892685
45,5.807953411799017,0.04692515918329256,0.02832865777346255,0.07796772980267408
45,5.063594138513604,0.04692515918329256,0.03515331569468516,0.03902233701200175
46,6.138406544718713,0.028721325821489417,0.013107253790686817,0.024583103674475523
46,6.202553206127374,0.028721325821489424,0.015352554776977891,0.04468140609088577
46,6.148474447418612,0.03296404867650764,0.021002802940615965,0.055288213228431304
46,5.818332548582574,0.047321414361402414,0.0321387220827662,0.0866870119721177
46,5.967928936684712,0.052222516485200265,0.03413272386865837,0.1195656573939637
46,6.489600252767046,0.04559664535993011,0.026842719610037126,0.15495245970943444
46,6.761522590718568,0.038277190598088706,0.021096345563564295,0.17325109661403795
46,6.819514553144867,0.03100315295827772,0.02344528414293602,0.19714515083656303
46,7.879501230549192,0.024588709219562917,0.01236160006742179,0.22014166489991
46,7.918176896963754,0.024588709219562917,0.00910639559009871,0.2218683509714066
46,7.190052985074779,0.031183151263043236,0.015695150212702458,0.2383544560801074
46,6.743731634929997,0.03762418095190884,0.03375005863849462,0.25325865139681153
46,6.531366083802507,0.0417993767831608,0.03823545499413683,0.30585457335709665
46,7.708050272320914,0.02698357216859566,0.013511780481235913,0.3297295613850852
46,7.7398761063248696,0.025724142994802347,0.013175602455496316,0.3328781343195685
46,7.72871973865098,0.024507390476168733,0.014126329531802762,0.3560807662960778
46,7.761923337289433,0.024507390476168733,0.0118953290302162,0.361130793383174
46,7.055926964528427,0.03200364286550322,0.019546201629358467,0.3798714243565102
46,6.417669393790339,0.048285060693807794,0.05115922557883329,0.40022319664189093
46,6.319896887506676,0.050010725034320094,0.054224416007272264,0.4821898755141768
46,7.297527312239717,0.028825002520513166,0.019652280538910438,0.49132797134356454
46,8.23750860538185,0.023696039346288278,0.007894538966844444,0.4785055634080023
46,8.190620439323867,0.023627196644882997,0.010860626187174982,0.47553889340987565
46,7.392617886508625,0.023627196644882997,0.019349317673727495,0.45678431103365236
46,7.843768796405627,0.02919683248674145,0.011586217596348924,0.43684025806242066
46,7.745514039541159,0.030488185375327916,0.021223893273986383,0.4336118758409545
46,7.112005739883205,0.03041601688370974,0.028342650608285946,0.3943924715144479
46,8.055988663122399,0.027414275349407147,0.011344384436725197,0.3769265746243826
46,8.279094822947812,0.025325126556053103,0.006396165445244184,0.3717037026409975
46,7.649867922289744,0.025325126556053103,0.02112076415601649,0.36413424373389425
46,7.370312710171229,0.03457045955668201,0.020666772898595254,0.3294621743289645
46,7.354554704083869,0.03337008754128212,0.021560102461968267,0.32280069793670374
46,8.165834003266875,0.018282441581706797,0.019747771178994622,0.286341969405028
46,8.748294588777343,0.01585299052065601,0.0032212080478092875,0.2833051555787145
46,8.468104875674186,0.014490749612933973,0.007404321194127261,0.2798995533094094
46,7.972466660459082,0.014490749612933973,0.010934327588321302,0.26849651319046
46,7.990843601044391,0.01867699563601124,0.008965497142602363,0.2580308981327668
46,7.564007099907046,0.02352172054417323,0.018801968679024006,0.25056551890525525
46,6.522542681191952,0.04163907790394132,0.031524653605613406,0.2204269607747188
46,6.244910642475826,0.05181654188417795,0.03437008596403879,0.18751621169402843
46,6.238653776234602,0.05745333228804039,0.028389271921423487,0.15168678884664122
46,6.029938620136585,0.05669993744499648,0.034038501874437854,0.13073766785118146
46,5.702076852238639,0.04740587409047044,0.036360910462470974,0.08360978509776551
46,6.097105627647272,0.03422710402211955,0.01939721797745092,0.05801584692623951
46,6.062983683288323,0.02894690490876921,0.017407838616634197,0.04481534914286367
46,6.129605503072357,0.02894690490876921,0.013154531106406075,0.023200169692971118
47,6.376417431831257,0.03443959195533458,0.006224495772185146,0.03921986869235563
47,6.222279626621036,0.03443959195533458,0.02515307309737926,0.04163211331829882
47,5.713115221669797,0.04450707137924464,0.033905354359622636,0.08952601488711415
47,6.050028451621858,0.05247379423941663,0.022037804434516903,0.10944282203754409
47,5.753676959671518,0.06339733687684541,0.043279905006775914,0.13360162375614795
47,5.821611874614295,0.06366355623636223,0.05024145089478904,0.19600263205109592
47,6.597195635078627,0.041394365922928326,0.030606712942266828,0.23408452554572604
47,7.449919952487413,0.02904989785896566,0.017310810183001027,0.25721605793562957
47,7.878112945610951,0.024453862668526255,0.011352256881266787,0.2687061459117281
47,7.813455353070495,0.02103801628574219,0.015339558422833383,0.27992057169816315
47,8.666341659071264,0.0159902665285657,0.011524818290996913,0.29938526275739485
47,9.062710637624129,0.014556288319460852,0.004646061589642536,0.30297020828015697
47,8.859476506098083,0.014556288319460852,0.006881899263446456,0.3086773859366799
47,8.494520427800602,0.015199651969352534,0.01048435282630475,0.3167340068070499
47,8.285394055092448,0.019531328214527167,0.011958505808802616,0.3296460915892894
47,8.200843383255176,0.02135683990967102,0.013047520246644323,0.3406510184246551
47,8.242920436492232,0.021521976469496717,0.01239925747474302,0.35574113208257807
47,8.250273510453365,0.020066119869845044,0.012213928668355467,0.36544953337414116
47,8.346018683216121,0.020035232542860694,0.011290034138217442,0.380168989419289
47,8.581553231184714,0.020035232542860694,0.006902351370722759,0.38802960165057604
47,8.168537842550993,0.021108858846552413,0.015751461064212546,0.3939736921607345
47,7.841775756623369,0.024361193538575653,0.015856255288149046,0.41953252377900113
47,7.922796356070126,0.02682266512178825,0.00961350031422148,0.4256862027370326
47,7.058829866168011,0.036988230632258846,0.035099198764636824,0.4387595244074441
47,6.160535525014755,0.06366365954055389,0.05343102408353065,0.49588460026630626
47,6.976647538525242,0.04327025657378024,0.0324528877595647,0.4543784274254946
47,7.461574504429787,0.03720273528940813,0.01602070756456553,0.43920962421456433
47,7.571899847412057,0.033162045170873754,0.01618755192628274,0.42233701229636356
47,7.431013333720699,0.033162045170873754,0.019909385014006964,0.40683452036199885
47,7.2335647985072695,0.03715814474827028,0.023036222455146804,0.38251824226834963
47,7.211599163705051,0.03715814474827028,0.022919759430754583,0.36076207545170524
47,7.543726714148875,0.033044951602090644,0.016151911562445165,0.33667872340684046
47,7.443997702437664,0.033044951602090644,0.02063089078315994,0.3284582523268149
47,7.554517472661731,0.029113982373948466,0.01879958168885415,0.2954169418405206
47,7.590703844763047,0.02896038865516968,0.015293838214631261,0.2908590889491066
47,7.631235445516637,0.028811023617267173,0.01578171880251883,0.26482926541125806
47,7.743344838605395,0.028811023617267173,0.009510921162995678,0.25929565134406896
47,6.9444206006260085,0.03420631492078807,0.02867427382942761,0.2458074230852667
47,7.040449180024311,0.03194388283707592,0.026528545942059556,0.20194710368521374
47,7.525370414380128,0.028265173843449464,0.009155815577090776,0.1927503312011476
47,7.253499118344342,0.02497101104967534,0.016390809288189367,0.18363547253103218
47,7.437082255970198,0.022725937851574195,0.014030334466226257,0.15996871262476886
47,7.479546849906754,0.021689122672713522,0.011017188339550288,0.15557480359857967
47,7.161229601308371,0.020778395180091523,0.013179558021874982,0.13793433594566828
47,7.389941952956914,0.020778395180091523,0.007175492027676589,0.1292156875548297
47,6.949833816820332,0.023031329445897364,0.016214425365707663,0.12358335189031511
48,5.414943847082183,0.05366349704044369,0.026130402480266306,0.03264674529515666
48,5.649995516466991,0.05366349704044369,0.024970527938903527,0.07925187684301413
48,5.63306121371266,0.054997866772423507,0.043431873760432296,0.08258780117296372
48,6.1121253945694605,0.03591624403838751,0.0502744607061142,0.16611562436387872
48,7.279387151535088,0.02229936546133679,0.012975971157888386,0.18313672258519212
48,7.767438401206007,0.01872702782355144,0.009244941364582995,0.1920675666796555
48,7.98074804121728,0.01660055584512986,0.009013624962296005,0.2016266053143581
48,7.952468929517829,0.015504368549582004,0.010803512756759906,0.2100948166042475
48,8.527953444483376,0.01468853417547768,0.008205204884241049,0.22323363082787792
48,8.776521689263587,0.01468853417547768,0.004169171658842841,0.2265052263727296
48,8.197578690924207,0.016252012578501666,0.011907648366424564,0.2315719741455636
48,7.868452159947369,0.019293934319291134,0.013814632650328715,0.25032052310557873
48,8.138226740861317,0.020811017429183752,0.008969108642624152,0.25920123944622103
48,7.899097935732367,0.020590770060863673,0.012895795743260802,0.26825874039082703
48,7.89389000885633,0.020590770060863673,0.011958276150426883,0.28499283093274264
48,7.906466935770852,0.02346375476443894,0.009286699344889543,0.2921752926916808
48,7.146534442036981,0.030285679155785783,0.026591258840577225,0.3035662296225217
48,6.172344997778071,0.053741684142936286,0.04451187943583498,0.34535781037283525
48,6.493083658692887,0.04234119012517541,0.0330685823608822,0.3925899884941917
48,7.137717088975386,0.040164976363233004,0.013355997641029904,0.41149497509459965
48,7.540688990295543,0.040164976363233004,0.005464022574987459,0.4193019837762515
48,7.184651086589813,0.041413390950562234,0.04462033399035703,0.42242302024457457
48,5.377619064860978,0.08683227110637085,0.07988303201443603,0.49145734824303444
48,6.380716337684392,0.058376649930589664,0.044053473429951084,0.4178109157265534
48,6.671854048875547,0.05259244419322122,0.022682863228297934,0.4033504013831323
48,6.697400287800001,0.0522214003779524,0.02544273219274995,0.3724451892699575
48,6.683980290096761,0.0522214003779524,0.023849435575466704,0.35246493699763237
48,6.133042496727914,0.05903126588191217,0.04858834381220384,0.3247463181190241
48,7.240940667754117,0.02154940517171442,0.037310016920221345,0.2552882493732247
48,8.501085165780111,0.017419833095999794,0.003101334023988822,0.2501262842785814
48,8.479657284176197,0.01700355191466605,0.004600831624921142,0.24908558132524705
48,7.6382187213434225,0.01700355191466605,0.009207518748216514,0.24092462102873913
48,7.120975838142584,0.02110518279463609,0.02151871524128468,0.23067054382881402
48,7.172633667802247,0.03033805800663798,0.021130401650889086,0.19788719054616977
48,7.45974456124888,0.028590585982467755,0.011779017396435942,0.18840974052703585
48,7.226306980327616,0.026555951066619187,0.016678285718418284,0.17432915575329788
48,7.308715491428315,0.024181751120468564,0.014848467803557086,0.15505316909019928
48,7.325089409555249,0.021528855378143797,0.013446113416587357,0.1446322201461837
48,7.606115058172558,0.021528855378143797,0.010271036390600896,0.12816094225702457
48,7.633411427502971,0.023157173334960857,0.00702088189003458,0.12409014736498192
48,6.633904157625201,0.02896377295453918,0.02966503435507728,0.11411917847695541
48,6.287441643135104,0.03267828519104508,0.028818943225373317,0.06476007865482736
48,6.694496958071291,0.027903790238915892,0.009504662433726885,0.056481292026208774
48,6.48295413175765,0.02361157494338182,0.012407122070329901,0.04575075378737359
48,5.991087048905145,0.023326378366635935,0.01732092950014641,0.03166704788554897
48,5.973399176420279,0.023326378366635935,0.012754370403339044,0.01110889478708077
49,5.753768983642844,0.0326974101016573,0.0201725744693933,0.019314150204268514
49,6.305898665851463,0.029287116968980148,0.020321093556559665,0.05468806959552648
49,6.467363167970006,0.02769109984720647,0.013905822430427026,0.059956337317387844
49,6.59329758406869,0.026357061659108016,0.016184168105139698,0.08249971445638053
49,7.067808030825432,0.026357061659108012,0.0075449769563934455,0.09232467352766724
49,6.746893297683499,0.028463059595708086,0.02334520712016651,0.09758966836916742
49,5.735606238920152,0.0500447668501806,0.045188822640420116,0.13901508776800026
49,6.965728578752754,0.032995280532790584,0.02832020070905504,0.18796731365000766
49,7.345714344513441,0.02806581377765822,0.011993745405375247,0.19565548918611034
49,7.554275115288393,0.021546087667799096,0.013092675178502308,0.21195480446075815
49,7.631122314498792,0.021546087667799096,0.013243746865617273,0.22184083954311495
49,8.003538294320107,0.01826427120740003,0.010592034178824511,0.2384422981919927
49,8.014153075580532,0.01826427120740003,0.009893611016063925,0.24302490790076398
49,7.8102152022147155,0.02371038965101324,0.009639981103608725,0.25822952022412055
49,7.606444382262634,0.025340529604557592,0.02154804166735766,0.2623048701079814
49,7.076504900905521,0.03888867262932029,0.02305947435206701,0.30132560355883586
49,7.062127777255689,0.04172795873063212,0.023463817724840103,0.30842381881211545
49,6.52788279432353,0.05407428067795049,0.03332387169826445,0.34825323900851607
49,6.489659538673957,0.05659386551722989,0.035423827821504356,0.37507156220864435
49,6.5424620322280385,0.048988491332907357,0.03586398494840168,0.4191008946515248
49,7.233397730936624,0.0465393977393251,0.018203540778581745,0.4467995321054477
49,7.208714511233741,0.0465393977393251,0.019130556056819153,0.45550797620868827
49,6.424727620895988,0.048475857779223565,0.03879619051288988,0.485060644219086
49,6.824205806041725,0.03104662530831843,0.03028302309456926,0.466899642765532
49,7.550315518894306,0.02603609203881583,0.009251742455861134,0.45437330959177546
49,7.441421007010337,0.02603609203881583,0.011810504326431492,0.4483961578538097
49,7.067248278691968,0.033093634804774716,0.010756384351194803,0.4307523009389125
49,6.811607387564797,0.03618876423476862,0.06351089260974507,0.4268833891514201
49,6.063230663298066,0.07014643958193918,0.06829003191475141,0.30373051571942233
49,6.439208415251986,0.062098553504027154,0.02071585501806006,0.29030332532191727
49,6.348439036019018,0.05089674564858113,0.029021730620788277,0.2622988056833022
49,6.371979538042473,0.05089674564858113,0.029909031184435608,0.23225986408034072
49,6.350350155456512,0.04345984054488352,0.032575776496688136,0.202480743314431
49,7.307246421258065,0.02106783117165838,0.02151962745641811,0.16710831108696445
49,7.901672585380218,0.014934373023362646,0.008230419191049942,0.15944148840159478
49,8.334067506918341,0.01141676674467056,0.007117934647901225,0.15064747270486456
49,8.64978164375303,0.01110188325810133,0.005147606023693518,0.14520561910579233
49,8.602653130518522,0.01110188325810133,0.005325030199495595,0.14035226065747752
49,8.191040789675917,0.013420564038371885,0.007737458050005586,0.13455555870680114
49,7.477477320800421,0.018086845607564083,0.014430454621042532,0.12487734455746635
49,6.977404321638376,0.02473017610367423,0.018006996339532066,0.10569464946471607
49,7.269657962830351,0.024040479309629447,0.012059183702230247,0.08886335187840222
49,7.203838272426864,0.024040479309629447,0.012459452020708084,0.08157628206025558
49,6.864028481595024,0.02414587172569438,0.013932031302529901,0.06394444783698605
49,6.7375848467335455,0.024498491604342077,0.013098095177132951,0.053712219455195775
49,6.187783785384529,0.028210709010739944,0.016640536319589116,0.03774825748272015
50,5.3448230007373105,0.034320217410960904,0.023471926698058553,0.020996007709199335
50,6.189171498843581,0.033282100051928165,0.018793542300330972,0.051723919671499176
50,6.2862498787231615,0.033282100051928165,0.017673114693263155,0.05858309230986128
50,6.27929267480382,0.04055541605532979,0.01983708011898668,0.08707014905802549
50,6.193681820171307,0.04295348232134668,0.030841274651661588,0.09825725254783464
50,6.4219623353266995,0.04174761330312575,0.033438684594550704,0.14875269836134866
50,6.898835837813328,0.033342743934042594,0.018950914134721386,0.16513462173693605
50,7.71982978239917,0.02473478197650044,0.0130939807192728,0.18665452663079143
50,7.798410448735933,0.02473478197650044,0.011743577986754405,0.19132258317548165
50,7.581039537228081,0.02449721589163767,0.015714453828157407,0.21014168260430025
50,7.735095828955428,0.02449721589163767,0.014244597634487835,0.22275149083179646
50,7.921630616320015,0.022442773007696537,0.013235506165946417,0.23863087787327592
50,8.028171204345774,0.02194486664524728,0.012266649859668688,0.2492225031636893
50,8.175817140716248,0.0202549072159079,0.011064366213931712,0.2631641775926133
50,8.150805799162159,0.0202549072159079,0.011324807159109385,0.2713512355915527
50,7.981939526865599,0.022267281897887698,0.011887915807590244,0.28581379191083206
50,7.7604604287384,0.025992592016248157,0.014159837404448233,0.2951270672067332
50,6.91148910779015,0.03835011701678731,0.03483969500987452,0.3141334667197285
50,7.243391968332341,0.03876344846212147,0.030266000296168077,0.36480645722648225
50,7.723685847811025,0.034819844427888505,0.010277357714120333,0.3746654673120647
50,7.420333826383913,0.034819844427888505,0.02059748799173375,0.3853611726547229
50,7.292277326205925,0.03775427048642653,0.02056091239636998,0.4158604432955322
50,7.184811117635055,0.040783086971671934,0.02770028279343764,0.4264829974474629
50,7.270417532079894,0.04056901859764979,0.027787757171673116,0.47126100888240746
50,7.456230254889604,0.038095393326843974,0.018944355384388184,0.4820585117908091
50,7.556450339202645,0.02868006200863562,0.0215913996904247,0.49085028034881617
50,8.136080945914113,0.020454467093546813,0.013369367140436572,0.4747586888283415
50,8.551880846107544,0.016195609989387426,0.009749237046102255,0.464111546067943
50,9.094332397873057,0.013768598618487272,0.006197348777684963,0.455260214736137
50,9.05592635427885,0.013768598618487272,0.006747406343341755,0.4517168485125731
50,8.471323420672089,0.01693728697083343,0.009955821267307263,0.44176540204945347
50,8.048920621175833,0.02092136539943139,0.014466917807189783,0.4318052059779586
50,7.332940994686551,0.03175291552006383,0.024258405803688654,0.4128315664350739
50,6.880760810641521,0.04251614346783481,0.032345230380841306,0.38328839437058126
50,7.579075969233648,0.035639002164572456,0.020448218645620964,0.3481411056733913
50,7.688821933105582,0.03333934272695167,0.013392014443936673,0.34239195707933934
50,7.2181208374937125,0.03333934272695167,0.021012613885341425,0.32135707678551795
50,7.229152710917248,0.03629435159330998,0.01797806969556942,0.3003667293086565
50,6.907722621298971,0.04228066835902093,0.027858007219996705,0.2854009373943791
50,6.337351973592111,0.042826058063961336,0.0360665208217652,0.24465071486866308
50,7.0736055729087886,0.040920006332213,0.018801488608511108,0.2132678957508487
50,7.260329103375538,0.040920006332213,0.008647718950723138,0.20704773765164086
50,6.486094109977363,0.045350118253108376,0.03567420839992913,0.19597245784940243
50,5.1542181323814145,0.07333968170237821,0.06135051423922522,0.1356993208517826
50,5.089423207533108,0.06759105464652934,0.04754019416725813,0.07327142937095199
50,5.446702008003599,0.06759105464652934,0.023451213524364023,0.04061893251726634
51,6.265807887942054,0.028084357395689503,0.01624489846258448,0.03905922471680021
51,6.509614130550358,0.027175395652175627,0.014013178667375208,0.048074607771564415
51,6.6920498025182935,0.022857288977780214,0.015915512473481865,0.06708558205155063
51,7.083085866298047,0.019762094690134166,0.012259412387004419,0.07990563271852814
51,7.624699962114705,0.01519876094300227,0.008545093583100287,0.09160440682555947
51,7.759465985813282,0.01519876094300227,0.006835831228233183,0.09699581988472872
51,7.493841325471057,0.018510860701921115,0.007660858629583163,0.10527606928202583
51,6.9224984429614205,0.0224301079440986,0.021851893858812095,0.11231753714389504
51,5.655831088683209,0.051037642841835006,0.051062469601269485,0.14897985699965002
51,5.825813673098671,0.056783560624165806,0.05191163036548098,0.214442476346434
51,7.487600265260456,0.034597422222576044,0.020427539694081245,0.252803117730612
51,7.624636590719225,0.03359964702098223,0.008426075024186658,0.2552975557345965
51,7.002976037173871,0.03359964702098223,0.021585796090495407,0.2696552677789853
51,6.908597295578191,0.03486760465168247,0.026380850721497873,0.2984691479155873
51,7.510641132045548,0.03505813983539541,0.01636934972472523,0.32241696922198104
51,7.556273491870231,0.03505813983539541,0.014834131058719696,0.3312078473650378
51,6.987567120541578,0.04239699777188862,0.025665579012017353,0.35208523133942043
51,6.574591224851131,0.04949742316935335,0.03868474264706795,0.3825390053890725
51,7.182023016169388,0.03536738966016423,0.02933221818075235,0.42945471663355633
51,7.540771629640815,0.030667899613355885,0.015312287891285886,0.4412034417505772
51,8.166518724719614,0.024461421070962996,0.011011200809713073,0.4600792924161281
51,8.157179726846799,0.024461421070962996,0.011576116818862947,0.46322584337000333
51,7.349054307300538,0.030445572995101887,0.02168067168060797,0.483231526053854
51,7.306858258494126,0.029083782621215214,0.021843101836645396,0.4934128132687807
51,7.849364686162898,0.02787716281282926,0.013447760385864038,0.4730822702728552
51,8.206526536121586,0.02787716281282926,0.005572651151957875,0.46651729249705265
51,7.733831893477623,0.029709292624074533,0.02554690476970456,0.46193696796893946
51,6.709539266735982,0.03620411627650144,0.033496037490482355,0.41542348295764353
51,7.613437544351612,0.03620411627650144,0.012393819279228446,0.39494489298797475
51,7.658966974475845,0.037927735712016686,0.008834234167003852,0.39063584439918664
51,6.615955085518431,0.04726147571958086,0.047915654322623846,0.37727642465396705
51,6.064902247407085,0.06131485839512525,0.05441369680853092,0.29480453575393895
51,6.587557759027227,0.04579276744573504,0.025555544703747823,0.2684490310369052
51,7.181431461913485,0.03589053356955028,0.016436395026418582,0.2436934463464433
51,7.149861411569441,0.03589053356955028,0.018148212386851104,0.23557624098406804
51,6.6053864428657345,0.04139004025820965,0.025527579125670552,0.2073970215727411
51,6.393289891616199,0.0487916513798148,0.029273304400920408,0.18452108273272694
51,6.006644379110977,0.047079540133878384,0.03759206311608787,0.14885041277090028
51,7.0248226742978455,0.024251386956021005,0.02174114472217653,0.1093369565005512
51,7.224210193693186,0.02107632041681782,0.00933560996033661,0.10536812332654721
51,7.210402580734671,0.015195365718150122,0.011541366240570672,0.09066573657987798
51,7.624419486272977,0.015195365718150122,0.007022321155462086,0.08228539084540587
51,7.657504114413282,0.015230468095587457,0.005898944071769885,0.0766210942689538
51,7.111925794674314,0.01768390472242254,0.010781390482939968,0.0704875027018661
51,5.877468862169322,0.028706922362658795,0.029568665014138962,0.05505831330307387
51,4.968435861668769,0.03798993574239886,0.02709562720738129,0.011350172673588177
52,5.100073299671827,0.055493318531458835,0.03804419056801319,0.022053781708873635
52,5.613573632359891,0.04104398994874112,0.04415509675924266,0.0886520443730668
52,7.1260963394639845,0.02579921620240059,0.012207986814857845,0.11036397522735895
52,7.1988215593042995,0.024717599092231174,0.010816044479587929,0.11306801800278249
52,7.158103022002572,0.024717599092231174,0.012366894576160456,0.1319960641865348
52,7.096165469390044,0.02703989627965861,0.016939048768095544,0.1378018071551034
52,6.573485154277394,0.03377617642771989,0.027062143680974426,0.1658741617227259
52,7.411303718617054,0.02779821733890761,0.016403012761360317,0.19192609451705225
52,7.608078545941121,0.026471989231397652,0.011010269461706274,0.19868018724544653
52,7.533180841769262,0.026471989231397652,0.01164307107903087,0.2139466334404648
52,7.275419550969602,0.029679867616615042,0.019490396678887537,0.22196632940350827
52,6.314572761290861,0.04722009262407235,0.04179473193135917,0.2529274267982399
52,7.22503359804819,0.04259739995845313,0.029641483173537486,0.3055557932662266
52,7.58596255604871,0.03993556000681784,0.009244092246429275,0.31221039314531485
52,7.1363928618714025,0.03993556000681784,0.023386252633610133,0.32404397775908517
52,6.786699014878531,0.0428826738132848,0.03165027965658254,0.3589828984125351
52,7.069476009972011,0.04226474865099504,0.025456599669865076,0.38734453707225025
52,7.262950821151268,0.03664991432716427,0.02276960033415007,0.40989609775226526
52,7.8586460584945215,0.031094668749153686,0.014509611626882413,0.4328837377405504
52,7.830490659380711,0.029579523476537573,0.01739515419287055,0.4389153210060301
52,7.810608607123959,0.021582277465462506,0.020046514086241335,0.4676740461262915
52,8.829819531545306,0.015503143009266685,0.007618166225218936,0.47900834917851276
52,9.082354675372834,0.013942331249980044,0.005004030632268702,0.48291037857672936
52,8.718586028035812,0.013942331249980044,0.008001664968597721,0.48901641044305016
52,8.219232745582229,0.0179012504783299,0.011178950365704349,0.4989137085139248
52,7.5847115653522765,0.025480178712306865,0.022106549118225016,0.48862568882554114
52,7.025510228716911,0.04208976356621411,0.02595444755682519,0.45687319324962516
52,6.7598747411676685,0.051821776404376865,0.0364928428110004,0.43671679371189076
52,6.7635734681405975,0.05180383216001509,0.034922401756024346,0.38388750762762436
52,6.910901163327779,0.05001767287127137,0.02592291289020221,0.36687199019984207
52,7.121465552886118,0.04177618917524637,0.023663664228919634,0.33204168184721994
52,7.142805052523364,0.04177618917524637,0.023120049126721165,0.3195446617420028
52,7.102788866379218,0.03635391007125943,0.025485336639664347,0.2858015835937776
52,7.462430275851686,0.03389616485877418,0.016167978539647687,0.2685739884626741
52,7.447990604098066,0.028652835974352597,0.01749761330656363,0.25346562651448223
52,7.4372563107684915,0.024479693896845168,0.01803530268696385,0.23357876184954685
52,8.171284687486507,0.019710603124684332,0.009987763070238631,0.21739502114055453
52,8.243115493514232,0.019710603124684332,0.00758668532385065,0.21360323570906958
52,7.62211108294605,0.024263237211170872,0.011770864014915228,0.20222165049285323
52,6.972570113023741,0.03020385397264318,0.02831338710088116,0.19006150767923913
52,6.843598436249996,0.03463343622269597,0.026169822777107,0.1455948762910909
52,7.004825059122208,0.031657429214073066,0.014656291270014832,0.13772186212502513
52,7.142621292086231,0.026713152290323762,0.013507582325704037,0.11628229375106125
52,7.08631160286323,0.026713152290323762,0.014090092475374849,0.11070669747361706
52,6.269294634975178,0.03575498775964596,0.021741116515993586,0.08810210880031155
52,5.75980552442972,0.04405404479314583,0.030252848591340364,0.06722446444162988
53,5.873494445805907,0.03621058113227429,0.021875098329298855,0.04689109408240899
53,6.655844552186637,0.029802130996967824,0.018964836039956745,0.0767093495606075
53,6.96513823421624,0.029802130996967824,0.011331843681126372,0.08482076616232248
53,6.737187595798568,0.027986939554154815,0.0182778411411801,0.09937303692286024
53,6.821920920213945,0.024476932375418006,0.019194257183624087,0.12137644844468268
53,7.671487532801903,0.024476932375418006,0.010161701118545266,0.13776155129010842
53,7.858929731858052,0.024977767444641804,0.005365980072482693,0.1416998506817732
53,7.116708049609445,0.02757451962607673,0.02575333054112007,0.1484935114350738
53,7.43608759818041,0.028193880503135798,0.024258456956393504,0.19320651176401335
53,7.660787596759974,0.026672315069596813,0.009235131285164275,0.1970104253478608
53,7.51921029410742,0.02250846075327827,0.013758807909666979,0.2116767743343419
53,7.700566842162921,0.02250846075327827,0.012095217029526734,0.22452804116719477
53,7.5736297695086225,0.025774225504319064,0.014756362242411253,0.23586720839339537
53,7.340137884079868,0.023533369645418446,0.0181555929660924,0.2540407656520173
53,7.906641715176443,0.01932111814406756,0.011844652588610033,0.27217839432558016
53,8.305850659866108,0.01932111814406756,0.005008001979650983,0.27773007082923734
53,7.907550644778036,0.02110684912632548,0.0105187095739869,0.28219439828488213
53,6.522548771385718,0.034365322480188684,0.049749133161595016,0.29876748997721114
53,6.605648844982675,0.0645754370512707,0.04332094123257357,0.38169266460807216
53,6.649541999816443,0.06308875391755625,0.027738518842034127,0.3854093724423583
53,6.485396747605325,0.04921394838801968,0.039202283935754895,0.4371697022921404
53,7.117115249049277,0.04758926564737557,0.02157997585863697,0.4638139403138681
53,7.215974782910076,0.04156874722953942,0.021191973322759378,0.48032965400941435
53,7.02341178329001,0.03656275831774203,0.02874107415351454,0.49380211304061317
53,7.849914218762377,0.02730854106467937,0.019474728263951413,0.46218819768355657
53,8.460640040026824,0.02437432459634088,0.00619216237560144,0.45485265651271034
53,8.200159238478278,0.02437432459634088,0.013890096670935603,0.4498038729323537
53,7.68425550734433,0.026704389538606255,0.018854432390185416,0.42707246317083913
53,7.8104111704976855,0.028675631013470038,0.0164585775290359,0.41209500815198286
53,7.961863487708738,0.02718279899605831,0.014997243434090035,0.39415530811276733
53,8.062420744953933,0.02718279899605831,0.012687180499278139,0.3821005212838028
53,7.784416162625778,0.028461714562259634,0.017786602613259428,0.36878094711421106
53,7.6623398113042995,0.028194842961713797,0.019023472774225614,0.34652731605728393
53,8.074562761297043,0.026566311616037154,0.011763647203801908,0.3307340015657598
53,7.976432699904027,0.026566311616037154,0.014016727567235487,0.3230000216496801
53,7.519030097693767,0.030519007489350304,0.017744941536790015,0.30270054643128885
53,7.265730321901058,0.03423885239542068,0.022622464806352716,0.2875101385761001
53,7.021198647107738,0.0410215953661204,0.023617793150579103,0.2574556168185834
53,6.924292178070519,0.0442664547826042,0.023541528042820836,0.24027455227494188
53,6.471428778499233,0.0469825072568794,0.03229381868493708,0.21037256073294175
53,6.688444963948575,0.043701501602523465,0.02305213249286142,0.17568691490506771
53,6.598664458299307,0.04229709385300471,0.025770807554523656,0.1642682957472189
53,6.742029480435534,0.03795565372331762,0.022427685695062094,0.1241452997960204
53,6.7888670584671065,0.03795565372331762,0.014430610914465347,0.11941292435709472
53,5.905058773605674,0.04092713519396316,0.029893842424780104,0.09528407796708971
53,5.758992655171114,0.04618710723135526,0.02350127575559785,0.05962523950753451
54,6.015203439996647,0.019386710502507003,0.013647714658589742,0.015613907735792024
54,6.895736963831612,0.018556477442014087,0.011276622289578113,0.03395366307514536
54,7.166593512886311,0.018393277575895123,0.00656560777052698,0.03816715231494825
54,6.805021967881467,0.018393277575895123,0.012794504266438935,0.04708487861619932
54,7.107403324130667,0.020749283971510993,0.010887596462568244,0.06375616084782612
54,7.081349898396907,0.020974799521674876,0.013289860313429921,0.0688600715413358
54,7.350869180308598,0.021034110415254208,0.012913082414995239,0.09033588147468596
54,7.555237595200383,0.021034110415254208,0.006880919165526661,0.09468623637132628
54,6.952380462095798,0.02479870378901941,0.017326236695863542,0.10409771980573929
54,6.556112785493889,0.03011733680259964,0.022128342780221744,0.12933870976305337
54,6.693587300711117,0.037723615043851404,0.01633734838623012,0.14835440536618277
54,6.303144765913714,0.04744300951169219,0.03964874694601954,0.1620134065355136
54,6.53665762996154,0.050152137518667136,0.038242454071735016,0.22765189925822185
54,6.849000320833894,0.046160563714495326,0.01728743179466101,0.23849831467898364
54,6.712866685335694,0.03984461680249099,0.024778503273871377,0.26222676284754387
54,6.857293193816703,0.039224436052133146,0.023228796061690787,0.2880553212267264
54,6.962752264438004,0.03534944110400455,0.02140253168641304,0.30868435497092545
54,7.125532823108935,0.029689846548235765,0.01833674223625814,0.33086038459955247
54,7.230104842208168,0.029689846548235765,0.014317517961335902,0.3453578394434417
54,7.057074164699696,0.035344878979748785,0.012919097064637702,0.3594954205222243
54,6.3856270454287625,0.04470536942014307,0.07010247255692378,0.37119603357271713
54,6.24137591183953,0.041964493822636464,0.07231210982118597,0.49970036563607184
54,6.969833331001867,0.029068583759422683,0.017279241779642435,0.48417974678491094
54,7.763090679155718,0.021693145367315626,0.012610997637062082,0.4657411508046433
54,8.018633772714002,0.01898343596916856,0.008760035298852109,0.45895775151078677
54,7.798316466428478,0.015962908576981395,0.012190889055804177,0.44822108020693907
54,8.240653587884049,0.015962908576981395,0.008528332279279183,0.4345759733991784
54,8.482163708115209,0.01732753167730048,0.0036054614046376887,0.4311644156483807
54,7.811215002982162,0.02036702372408261,0.025306091945557496,0.42736505058990304
54,6.5233036935555955,0.041437063588386745,0.03772151546307223,0.3805522317572657
54,7.657970534186406,0.03764570348657268,0.015941937130410477,0.3519220196637586
54,7.732851394026891,0.03764570348657268,0.010308008385173095,0.34866835749644476
54,6.8726802948069325,0.037799622598926955,0.028515966654118985,0.3313060028934124
54,6.762989272040595,0.03839081001055396,0.031051967026098637,0.2916364241882068
54,7.571480337543564,0.029071509955073703,0.015209413633146207,0.2692020688412151
54,7.791465234697405,0.02587772118735341,0.009982500039525222,0.2612175969219144
54,7.3687383169646115,0.02587772118735341,0.017374159106137266,0.24923706876216467
54,7.194213673082707,0.031272585598536386,0.016137966109699975,0.22646927870963984
54,6.9628295961276905,0.03507584246528643,0.023302943714716085,0.21696113654276472
54,5.911173551408915,0.05330061252158358,0.04506032995990461,0.17986339128020767
54,6.471366186365167,0.04416358030690799,0.030201418888359755,0.1268404766229555
54,6.619891060581102,0.04121161105912106,0.01594553653974523,0.11946055350348816
54,6.279123901554257,0.03832430010227987,0.021360272673199954,0.09494940354346504
54,6.09364325841513,0.03832430010227987,0.023266224566486138,0.07674000815708826
54,5.686083960119536,0.0371943538595497,0.02613401878307997,0.04841695441049276
54,5.611418383208141,0.0371943538595497,0.01937716409406176,0.024471970590928316
55,5.707534260865197,0.04040242169975317,0.026945140455051093,0.052976628755418705
55,6.661422417220768,0.03117602339596085,0.018880613623334794,0.08302859007127775
55,6.871892034161393,0.03114972375668027,0.013666005135358171,0.0907378560020883
55,6.937053199604024,0.030229745646531914,0.01459366631075279,0.11036060034199409
55,6.822592651078304,0.030229745646531914,0.020922652152302025,0.11992518862359387
55,6.79255423910077,0.03920217476531236,0.021609746377116913,0.15220590464659814
55,6.787410279410984,0.03923599702216736,0.02473901406160703,0.1631446813778277
55,7.036373263921261,0.03623796886538093,0.025349191598777646,0.2016839327698122
55,7.3832164471356565,0.03418950096378176,0.01507097174222606,0.213843064575383
55,7.35105040761816,0.028938923139949196,0.019356178858056183,0.23182587625426432
55,7.709601832639104,0.0242951468500029,0.016706004370953847,0.25255542229149536
55,8.226160179387643,0.01940469147508389,0.01084937986002138,0.265237884996172
55,8.61786512439852,0.017691809853731498,0.007485072683637517,0.2742541820115381
55,8.511466308750833,0.017691809853731498,0.00896312326541393,0.28020803036344705
55,7.96929394305322,0.02248076912529907,0.013955024649301456,0.292180428542366
55,7.541327244225409,0.02664296192837845,0.02063917791765374,0.30811807966204996
55,7.91526508914437,0.02974915789141157,0.015081253428735009,0.33345878437767346
55,7.903913018135951,0.0295987181434904,0.016201311858282358,0.33828058651952
55,7.71098084788635,0.0243693022672151,0.02004025045293456,0.36586140809423817
55,8.456268315390002,0.02349870922739592,0.008883568831414973,0.3783610874253891
55,8.451119486792603,0.023257398839714827,0.009548284859830392,0.3836285457570681
55,7.842585722471469,0.023257398839714827,0.017640939758470364,0.3974576571450499
55,8.117206506151312,0.019474660281995425,0.015156147955580457,0.41891042527400885
55,8.866144358841293,0.017798693369861972,0.006320513634943764,0.4277699530562108
55,8.92877786993451,0.017798693369861972,0.005139285464893006,0.4315514525438964
55,8.177146809809301,0.020397521946702146,0.015990036625394916,0.4380485239859968
55,7.354406205431646,0.0297054032085007,0.023131391351717295,0.4635315257946862
55,7.557449229789587,0.03193186938392305,0.01726129367490184,0.4843113066894314
55,7.647220523950523,0.034403530816639494,0.01305706136042098,0.4980541131444899
55,7.182526985633485,0.03709794566042681,0.025687677427029376,0.48957457058972664
55,6.440782220585655,0.052699561095736924,0.0305531735558231,0.45057053200145136
55,6.013880950278098,0.07038140791443366,0.06748399256209658,0.42846822347808045
55,6.119821513031885,0.056807697734270544,0.06520711140934748,0.3156025468772582
55,6.6442172334314975,0.04276886075997237,0.02153417159617249,0.2980540006593855
55,7.127838341727621,0.032560941970183464,0.018797104793765396,0.2725342036849132
55,7.309192282131568,0.0318409500233662,0.015181225482328642,0.2604597910718547
55,7.122369288353694,0.0318409500233662,0.019852646746662872,0.24217175272025593
55,7.289631961237108,0.031035812130977947,0.01662737885985921,0.22075449757852894
55,7.240876913780593,0.02910822359491212,0.01770632344135542,0.2089169950005375
55,7.232750586114468,0.027586323803457536,0.017484429990571648,0.1853418506958181
55,7.584425372754094,0.027586323803457536,0.009164854543134315,0.1739481350193942
55,7.2553342679285375,0.029891904234321996,0.01891334369537051,0.16701214160954947
55,6.458013086139068,0.0344420359991084,0.02569913565180615,0.1361214476286532
55,6.630021986354761,0.03617642540926902,0.016882409117011887,0.11561387030593717
55,6.401574554779791,0.04147932177379212,0.018692386397625993,0.10235662939462942
55,5.446857077588506,0.05212915261565865,0.04356977132719403,0.07822909751068519
56,5.7446459168975,0.039606676112321285,0.017616560814505244,0.032340736820147875
56,5.920194137213434,0.039606676112321285,0.015610053546381522,0.04567820557632842
56,5.4669872521911635,0.046759731446954285,0.042950973131752224,0.06356084391291092
56,6.050739880161675,0.0436458055560406,0.04202815002662996,0.13158015183983288
56,7.121963249286347,0.03535984506970944,0.010233154642356634,0.14761714396617084
56,7.071571233192233,0.03358811820635932,0.017478830979167345,0.15204646112454615
56,6.905198362363267,0.03358811820635932,0.021122727536421942,0.18257480592450553
56,7.00774512376064,0.03551694628787289,0.01987140995797268,0.19429191619739003
56,6.987124728956317,0.031478192543622954,0.024460842109678013,0.2223176258404509
56,7.827186560919028,0.027011576541509458,0.013913372616126435,0.24321360041674606
56,8.034722548697061,0.024255535975286492,0.010001869387132684,0.25014437107270376
56,7.737228382863045,0.023415842147257605,0.01568747191285766,0.2632173391910114
56,7.9319854739779,0.02210251677646884,0.01449964196294562,0.2815193148984191
56,8.337829321157725,0.019417005329725234,0.009199634251504218,0.29221662311690266
56,8.278609440950543,0.016622679406879236,0.01052088970462281,0.2999185834014275
56,8.188521665714731,0.016622679406879236,0.01047136726297801,0.3132584025261483
56,8.636213995270763,0.018911992430477788,0.004694897735732673,0.32086131792738354
56,8.4251089094081,0.019626744458569823,0.017791368672243346,0.32264819799761363
56,7.503453218551558,0.030477986881401853,0.021144979807671604,0.35644405527187023
56,7.588333965320649,0.030477986881401853,0.01635540168013469,0.36493815761295684
56,7.534902533384045,0.03515962537612579,0.016656165872911688,0.3891548586321396
56,7.414530829441828,0.03638767838966099,0.02163416557000511,0.3982504893587802
56,6.8415876390092345,0.04329259822945144,0.031775647487780695,0.43242318977214983
56,7.250504583344483,0.038490539991775076,0.022278000955644972,0.4618017843343416
56,7.421425585940161,0.035323342711649684,0.017854384279101937,0.4769791916834398
56,7.469335413774567,0.031894611615851276,0.016729613582360997,0.4975105528925455
56,7.301994281585279,0.03130191719212203,0.021180677357463457,0.48956158115183823
56,7.668047481098629,0.020661376369641583,0.017507920842893654,0.4601280923925276
56,7.936482206552861,0.018428435199050908,0.008119836817931658,0.4545457394660509
56,7.960685031102026,0.018428435199050908,0.007856613126092593,0.4438884187566643
56,7.824794495630288,0.02045079741617033,0.0072580568560160486,0.43883251321386574
56,6.745891325913557,0.028018963951557164,0.060025482486636694,0.4293723050446322
56,5.954403036459474,0.035821274572173746,0.06533977604496338,0.31878154824059235
56,7.3350580942378265,0.019750238343464212,0.012451864235027643,0.29869275295470543
56,7.582126534741661,0.01782426506979686,0.007933826015439127,0.29387781977053706
56,7.425071628749844,0.01782426506979686,0.010312318616449323,0.2828251009238272
56,7.4777568999911495,0.017884584343870545,0.008336294384221121,0.2732531825376384
56,7.076725891861027,0.020724852496771938,0.013343062650472415,0.26615251215538493
56,5.752077098968377,0.036393216431725016,0.07195573325000965,0.2465670572366936
56,4.986931934513208,0.047358580078733656,0.07891059186872296,0.12224104565536564
56,6.9621861453193095,0.020562442353839284,0.017608423868780254,0.08874587349924767
56,7.154696493046736,0.01987377212126227,0.005063797987990726,0.08702419791780514
56,6.767818583798242,0.019400442342505552,0.009522062621500793,0.07861827752326622
56,6.502004749282298,0.019400442342505552,0.01328718562761444,0.06798007267480355
56,6.155991857497753,0.025774908905212036,0.015308957194926587,0.05204390626803734
56,5.707719608980427,0.030109854712936278,0.020656540825781,0.037362158284950375
57,5.964628879898174,0.0315322649237167,0.011104666072923677,0.015571776823043922
57,5.690284394624884,0.0315322649237167,0.019634706742625522,0.030093817085232948
57,5.444093981283191,0.041431214212941506,0.033044380951126065,0.054841190308294964
57,5.462183476701376,0.061514605358793537,0.04242473998246035,0.09618257898748508
57,5.888665329926033,0.052151286879244155,0.038011991381176835,0.13969067027321566
57,6.721774817320146,0.039144930288594906,0.02301765273440025,0.17220656174983875
57,7.218197282588822,0.0381165449438462,0.012007673544547154,0.18572597574201616
57,7.022067363828833,0.0381165449438462,0.018065301065274333,0.19622190883893306
57,6.305664718160582,0.0483704125572989,0.03695276846693531,0.22185657787256483
57,6.10893133301627,0.0647596307931359,0.043315971783428595,0.2701274457728037
57,6.272605600130123,0.06646779481044232,0.0394296017170821,0.308488521439422
57,6.5636568583471675,0.05442875721057121,0.034376146314566536,0.34898664920696787
57,6.839987538232158,0.040773835308115,0.028798703327255648,0.3772408140685551
57,7.584238134555273,0.02903653859094537,0.019340359236730137,0.40658405586147917
57,7.935644115068845,0.02723692990392712,0.010746728166929231,0.41592153254201536
57,8.048831142236216,0.02723692990392712,0.009036817406180314,0.42807751219533763
57,7.726693640934849,0.02928879264884863,0.022890430123316985,0.433995167354376
57,7.148774993918526,0.038204740856987864,0.027589178346175858,0.4738583724419716
57,7.305297943583795,0.03367548923333994,0.02164530506016482,0.4891735240467277
57,8.224713531190101,0.02350811122790165,0.01572936281043394,0.48285101743769876
57,8.52472648986926,0.022114804385783914,0.005237147608788462,0.4793677503324044
57,7.968555324473394,0.022038525091033455,0.015217958004223042,0.47237672222012184
57,7.888323557319872,0.022038525091033455,0.015607028484873053,0.44893183432395833
57,8.217680449334342,0.02461081678174133,0.007311734681617332,0.44116266525037573
57,7.760339151201428,0.027352536897602153,0.019505736246848593,0.43430836496072367
57,6.9075728513155035,0.041488260510739415,0.025711829514638407,0.40215119275667854
57,6.6144317280420175,0.05037117413950494,0.03805356197840376,0.38288470593144686
57,6.54052467672774,0.0594459817489986,0.036454743444885196,0.326044068799871
57,6.693342442037769,0.05939112986648929,0.022334648052964368,0.30997521904167646
57,6.1416390055786065,0.052894845976910944,0.043737576017145896,0.2813747726939423
57,7.059616074657493,0.035930042046316155,0.031650633977360676,0.22250006700738467
57,7.586510369981477,0.034159417139050664,0.005076904051527609,0.21807350473922094
57,7.375307760646093,0.034159417139050664,0.007344723343184534,0.21234625890432945
57,6.563490251523554,0.03678709477270174,0.0384626585581081,0.20338405805285187
57,6.884836895795739,0.02726862950985829,0.03660235055319533,0.13542094178811326
57,7.460605013185222,0.023075361636536652,0.006073392822905144,0.1301793569464612
57,7.321618556945863,0.020313281314873356,0.009949970622956106,0.12327415614230297
57,6.996012641218336,0.020313281314873356,0.014818570108018458,0.110279415700549
57,7.113669457207029,0.01951826523842475,0.013443899512426694,0.09363701592626605
57,7.786187442291249,0.015740243426423994,0.006290206431470324,0.08339161667569561
57,7.693078779347978,0.015740243426423994,0.009120287418861173,0.0810566030633254
57,7.294135001808353,0.01777247826551409,0.009328708397116692,0.06515104183797327
57,7.2060312509105815,0.01887322049306659,0.01173921280366097,0.06239918626909202
57,6.184225567140469,0.021646661848706117,0.01881302787392347,0.04167261623065133
57,6.6793827365733645,0.018525705689609494,0.010636792005278894,0.02477313052124508
57,6.956889115665449,0.018525705689609494,0.0044778790841988325,0.020399032220093538
58,5.5780056153509046,0.05578730168018224,0.03767549206763872,0.07554656714729642
58,6.074456522581448,0.051077180494688054,0.02101409404803154,0.09463550475626921
58,5.989477755136678,0.04485755957839605,0.03346091570665074,0.1175747552433595
58,7.131059225294915,0.027157876470109164,0.024072824170854004,0.1615573361695707
58,7.317926780432662,0.025492649503910437,0.01160477455734825,0.1657204035850675
58,7.684595746191821,0.021192265272814165,0.01221864585251084,0.18476688528426718
58,7.96456406044433,0.021192265272814165,0.00631213832946316,0.1901576952900892
58,7.412104807949096,0.02408565193405589,0.02014969943980216,0.1973911619431935
58,7.088877420476461,0.03239825775266862,0.023854917794677508,0.2304570941696935
58,7.379067826848935,0.03239825775266862,0.01649796373018672,0.24510099753254852
58,7.657002731900911,0.03256828354428412,0.013171111735577654,0.26345302163006695
58,7.506211775378476,0.03256828354428412,0.01920052670525227,0.2714432210037038
58,6.906684978827429,0.042139876870191925,0.028556007002875222,0.3018540750405715
58,6.933371969635717,0.04343032527617084,0.02921661971334083,0.32855523500945427
58,7.5379260890571995,0.03129592341560372,0.021168630389718557,0.36028731446725315
58,7.804325305442708,0.02705385088694843,0.013768516355593063,0.3708924957888914
58,8.324764569358923,0.023212606529754022,0.00957846136716431,0.3878243471784393
58,8.270227655809332,0.023212606529754022,0.014653093410121193,0.39004941852322
58,7.786645960227839,0.027087654881070965,0.018918909519116123,0.41713053399868166
58,7.997852321115848,0.026911245029460705,0.013808517145067839,0.42788723756145225
58,8.023925161385767,0.022662591985402027,0.014960265346986967,0.44474756828881734
58,8.295345861941462,0.022662591985402027,0.011160255198798291,0.4578077682554262
58,8.284856465564818,0.02465290510693845,0.010197342289347544,0.4670680786864139
58,7.743453370248705,0.029106654766021388,0.020684244716719452,0.47820245283412127
58,7.1472632056884695,0.03532685537633114,0.028419918016986373,0.4915634318801472
58,8.077488799642705,0.02954290348422356,0.014565141043738628,0.464957711131906
58,8.113189533274817,0.02954290348422356,0.011344974289262788,0.4624331497926699
58,7.439967522220727,0.032556334451662415,0.018264944690953078,0.4422677625533804
58,7.121958556620809,0.039102135308709075,0.027133082485556792,0.42590326041076376
58,6.549126971130989,0.05122494478354596,0.03998637183502235,0.3880015975822668
58,7.099705244695485,0.041534595594485337,0.027986993626747114,0.34593051674071906
58,7.644270040033637,0.036310789140063957,0.011920373590764755,0.3320276103287726
58,7.471697559824083,0.036310789140063957,0.016991296727705885,0.32208976955918955
58,6.796203615937772,0.04244592542341012,0.028909388520150625,0.2980450168733608
58,6.4348913891670865,0.05213048403984479,0.03627137837698968,0.2642709925188883
58,6.547956907879067,0.04445932489692208,0.03126713429752953,0.22550226011938146
58,7.003714804833326,0.04085120893364298,0.018481832651994323,0.20173672392382924
58,7.128859972709131,0.04046045167745742,0.013245198818015558,0.1885385948153928
58,6.591590622015062,0.04046045167745742,0.03253479201234982,0.17524632628779813
58,6.64275555451165,0.03390652451510749,0.030243171447486505,0.12346901079069317
58,7.249231166755181,0.030554513817336693,0.008070181778694452,0.11475998339282512
58,7.1453861953697535,0.030554513817336693,0.00956365235030393,0.10732864723330426
58,6.410558869282733,0.03276010753330434,0.024793610887096418,0.09563267869221725
58,5.516292742695336,0.04118011634303409,0.03362483954662254,0.05774142545911143
58,5.667205261932616,0.031067586735962105,0.021399729313308635,0.02838299959897217
58,6.276829902168034,0.031067586735962105,0.008452898180488,0.014941966832494158
59,5.730237402409997,0.04573005677414901,0.01576319567591803,0.012704557282507072
59,5.129582745141381,0.04573005677414901,0.03027812870597987,0.04103801669328327
59,5.088677050023551,0.05861917597462243,0.04776480920683299,0.07326081469446681
59,5.902381018297978,0.05580734107788628,0.038654537726226366,0.13656763510694925
59,6.121183391603939,0.04840179079655586,0.027748838234880197,0.15056989014691954
59,6.7267093548259504,0.027743384867274856,0.027629439106473294,0.19206531157670964
59,7.672760276850143,0.01816422323924245,0.010735571872270477,0.20582876835986613
59,8.24182574384229,0.015081148454688664,0.00651347795639734,0.2135364553212506
59,8.261598462559984,0.015081148454688664,0.006862672969197306,0.2188557242726608
59,7.848149242625789,0.01601193265949733,0.01093151386315143,0.2272618012596452
59,7.6726862720187565,0.018665221948262166,0.011519128366505052,0.24071875199896367
59,7.613987676100342,0.018884114701116127,0.0106212643021424,0.2503000579926553
59,7.404979453755121,0.02354860374535339,0.009347727224145619,0.26196128060324847
59,6.860490029687734,0.029175989215511854,0.04564749578814453,0.26899551244094655
59,6.091029631261925,0.053538790857013754,0.05252461419222948,0.35325627217953753
59,6.5493845266222195,0.03690801594031937,0.02373501851558163,0.3740447408254055
59,7.4665668476504266,0.02312431524521109,0.014898787555904347,0.4007263092107008
59,7.515313378532459,0.02187791255460573,0.011986588203503928,0.4038423159372142
59,7.482137157963824,0.01625859302125101,0.013410073827256536,0.42469948561770865
59,8.190914596814942,0.01424403789562494,0.003970746959602284,0.4306624635917273
59,8.002416910105058,0.01424403789562494,0.008297584575755468,0.4326409795369132
59,7.109386810163127,0.020090699178154935,0.008942431403855089,0.4472576327432382
59,6.831977671338574,0.022705266859263086,0.07039734003928341,0.4505258423446234
59,6.185208641179868,0.07485552307990839,0.07222244097906069,0.41194768717819497
59,6.5204105467368265,0.0693207938951566,0.011323622494496921,0.4050292756972552
59,5.977506766113388,0.06302926049193495,0.0431917213036912,0.3893004421892011
59,6.003973014285874,0.04949355671063553,0.04909146364385464,0.3186458330898728
59,7.061428035096865,0.030974733834737655,0.018639039238130484,0.29111751490149185
59,7.422506423881408,0.027074829719585657,0.011161100489045839,0.28136775461361185
59,7.344619466799077,0.02541841620581107,0.012439090073236903,0.26879531392340017
59,6.9612308234453,0.02541841620581107,0.019161624153445078,0.25648957446713805
59,6.865941077023919,0.03582541974606228,0.014631356070668788,0.23047206561651
59,6.7408983251588275,0.038421582378629915,0.03933176290358836,0.22722686232580047
59,6.652979518912156,0.032855230492213616,0.04028974835147281,0.1518085398093333
59,6.940430665722521,0.02872629114303087,0.010877228407321138,0.14664736562285485
59,6.893136265677638,0.022088978091765334,0.015571950568755821,0.130054082994691
59,7.230520976722902,0.017752887988638055,0.012983447588633845,0.11550346448534321
59,7.85891113600894,0.011920745804713717,0.008514509410028626,0.10408718781742332
59,8.423747083592563,0.009675648943858773,0.004662043945997618,0.09847444566528596
59,8.547040149315698,0.009675648943858773,0.003999571282946479,0.09476309992542808
59,8.234707215671783,0.010453990631881438,0.005157324850745271,0.090475303099393
59,7.547420201393299,0.012864731782063621,0.010172138086996685,0.08444845022393754
59,6.788845138041574,0.019627126463201507,0.012407932201049687,0.07013102692539963
59,6.222033011357965,0.028025879346050674,0.024701476530760103,0.05963258582183817
59,5.443448530526336,0.027442806909339024,0.025309036535158314,0.020728073863879426
59,5.981913304435967,0.027442806909339024,0.00823246727548943,0.009014512751521542
60,5.2054214864740995,0.07288779316387224,0.04212071906195598,0.050514004537387726
60,5.440020907311574,0.06334530713214911,0.05359699210924328,0.12672566573397975
60,6.385081949647207,0.0462800212263004,0.023138938871491432,0.15770798875587427
60,6.543433792631831,0.04016179933786506,0.02401545627673482,0.17300354347696262
60,7.041627075419854,0.03151405415564623,0.021726802544227916,0.2057389013093439
60,7.312311264326458,0.02722675525321642,0.015155621736017838,0.21645714856541845
60,7.780283201371172,0.021126956073187975,0.013193322239266336,0.2360501447813796
60,8.03637152150631,0.021126956073187975,0.008194643505548382,0.24284379304395112
60,7.691144779822006,0.021491578836021742,0.012876978570851613,0.25243943179247635
60,7.303241732095512,0.02795490619329294,0.014666183400125404,0.26859775018565435
60,6.765284297718525,0.03849414491895119,0.0392930475411315,0.28177179859272716
60,6.805522425509253,0.049410850886574334,0.03757636244729612,0.34718384526791735
60,6.988022891027612,0.04551457959881351,0.022105391898910143,0.3569245234873194
60,7.333460076085659,0.03472329581967597,0.02273421364307393,0.39139462906573763
60,7.609111472071171,0.034539878429842685,0.014135428218544466,0.40239295077346726
60,7.34279826966789,0.030426065191698083,0.02233404493479657,0.41966548550282656
60,7.733829838342371,0.02720366505549563,0.018509741913512096,0.4470610406430604
60,8.305512613002298,0.02720366505549563,0.007388170342275152,0.45668496932985075
60,8.061454037609389,0.028660531074281858,0.01496524110476008,0.4618373813276107
60,7.11415228981219,0.035681260422083375,0.028211968326277342,0.4866154515393709
60,7.185945854529681,0.041659930740637875,0.026248736176015752,0.4817386820198346
60,7.467990798191384,0.036722410995461544,0.01890094802414427,0.4608870761085976
60,7.395279347544883,0.03220936479866525,0.022272626172069987,0.44393678597154607
60,8.077474521787956,0.024938189766368347,0.015908572047898084,0.4163418237644576
60,8.213103501812066,0.023249317010885263,0.00964378464900656,0.4121196418757499
60,7.864847265894466,0.023249317010885263,0.013591415410572849,0.3970542544664445
60,7.836386868222146,0.02809629437562138,0.011446826715082958,0.3849368110546042
60,7.2902318088689775,0.03267465135476044,0.030169669887992967,0.3741606010362786
60,6.989716995857059,0.03727160993381569,0.031507693146534954,0.32459747127861827
60,7.796535892278161,0.03701864590844053,0.008859872821874781,0.31114521474320866
60,7.660991538982993,0.03701864590844053,0.01591566071043171,0.3068777256348687
60,6.572896097804325,0.04178747588568197,0.03412964353808989,0.27931389332234524
60,6.522543337439789,0.053248059190663576,0.031781596487546804,0.23861843855868892
60,6.506927059408335,0.05140268277659088,0.03094551985876237,0.21575070034725163
60,6.678797830202796,0.03939706059388461,0.028132002321912764,0.17672739884116417
60,6.990947157739824,0.033333182997502764,0.01813593752021153,0.1594866957034261
60,7.43826420376897,0.026060146815225792,0.012658840214955835,0.1404555238007411
60,7.380254531196632,0.025433285329197086,0.014890591485334281,0.13416901527351444
60,7.263642229842469,0.020669228886653967,0.016321743553949497,0.11067434083007255
60,7.741750009288578,0.020669228886653967,0.007964700847032158,0.10152552816561544
60,7.697161531908272,0.020697798349341757,0.00792162999809043,0.09474493913600823
60,7.093656776501993,0.020697798349341757,0.01617517553765102,0.08568226816943458
60,6.799236249139984,0.02515818076752898,0.015151654007293958,0.06239458806070619
60,6.718182995744562,0.024865070537514612,0.014728199092645444,0.05537896015484667
60,6.67398437648677,0.020903892853793814,0.01333260932830227,0.0329381898754153
60,6.741704780932671,0.020903892853793814,0.007729828775829173,0.02871374149824213
61,5.983931684536527,0.02427632056622751,0.009331777662196523,0.014040779709056634
61,5.610638396510739,0.02427632056622751,0.019741141884859658,0.026860499326470895
61,6.021701129305976,0.03094368680076367,0.018187632205277148,0.05352306347877595
61,6.124592964542409,0.029366392415321824,0.018390972464981042,0.06323576373702519
61,6.840248763529822,0.019694143640791424,0.016183120317666715,0.09030500840873804
61,7.239961973639073,0.01757534525534319,0.0071196337145232325,0.09560200437235862
61,7.437873671674382,0.015404404786951195,0.006770060999537385,0.1045442758377845
61,7.288251729542021,0.015404404786951195,0.009394412373917707,0.10914212637143339
61,6.735801618746525,0.019541462903568316,0.012927979612575219,0.12333310058561991
61,6.586053219057984,0.02274708324157377,0.012665717165797216,0.13499808559658383
61,6.10432818381285,0.028213662969825977,0.01604710644616232,0.14866453491721435
61,5.12327503926465,0.04295587382718127,0.12771494409451384,0.16709229848890847
61,5.474045979517922,0.06966537797441,0.12446488035785135,0.404094423106242
61,5.79088775076138,0.06012326909571467,0.027967284427365957,0.41602205920461116
61,6.530333682161098,0.04252049599316957,0.026519974602084745,0.4600289919609739
61,6.661928035184675,0.04089177633991133,0.022174238913580113,0.46906200840878065
61,6.859273670193444,0.03174296806120802,0.025123233815989743,0.49562253021186586
61,7.599737747577169,0.02795707400707943,0.010754262828446992,0.48069152395923986
61,7.53641825206738,0.02795707400707943,0.013840181468690205,0.4741140045549719
61,7.08652338315656,0.03561227650916547,0.016886247202437643,0.45301116102185945
61,6.723186385529574,0.04068013685787062,0.036998578006782634,0.4403415101500966
61,6.852456887479449,0.04148739539482549,0.036859964089727915,0.3790140050082942
61,7.4263114876921055,0.03408371493632321,0.012323905796378654,0.36662158197064076
61,7.288502878769119,0.02918155951428165,0.019623197070360143,0.3543661934155369
61,7.746409881894303,0.0276461029961804,0.016391304215391644,0.3273751878299205
61,7.885157645549426,0.0276461029961804,0.011119988910765488,0.3215835849847536
61,7.446530515675979,0.025143550766120425,0.01908496587135028,0.3051352100083895
61,7.965350073561652,0.0177077471616923,0.014807067533704532,0.28341365324205303
61,8.560367311216346,0.014550715841263263,0.006986076216312531,0.27552107494098044
61,8.868578015655533,0.014550715841263263,0.005079874963025144,0.26944150080942797
61,8.660224922117495,0.015917425017820185,0.006463983824339714,0.26536132501493015
61,7.721103651652131,0.01945654175949283,0.019223539643624166,0.25651353316074854
61,7.254833728065105,0.02423745709505363,0.02308339388101044,0.22691424572768182
61,8.274024730837557,0.01251750244803369,0.010912772403175341,0.21034674539872766
61,9.242031798671201,0.01041428465707508,0.003496296859832382,0.20508870092133114
61,9.242333955970516,0.01041428465707508,0.003904657025963487,0.2033541516790629
61,8.545973545408076,0.01207488840801545,0.00685471073258237,0.19727938686940416
61,7.990300093201724,0.01512875107021785,0.012894173996831015,0.18964473021389816
61,7.7867755175382385,0.02113979763635567,0.01298108388643987,0.17149103887574213
61,7.823284024958451,0.021864083164667102,0.011042679805957911,0.16368256244101842
61,7.533584607815186,0.021201893223039912,0.013838032005077106,0.1494056792638263
61,7.665695702269218,0.020502762835989684,0.010991361165731794,0.1360064984308642
61,7.612920744712513,0.020502762835989684,0.010433069664351924,0.12742295693236272
61,7.265421574785085,0.023518017687873073,0.011702673505562644,0.11514035910216036
61,6.735085489325934,0.026359131997740825,0.01952664096893514,0.10401760992123743
61,6.093818014531017,0.03753134510051977,0.018674071265040892,0.07608707716429008
62,6.0967752699060105,0.028128746964406304,0.013968115365588068,0.026073106590778803
62,6.107979993407874,0.028128746964406304,0.019001733582900485,0.04513628556830565
62,6.524334815145031,0.03072820080020957,0.01478387567837438,0.06407657375657977
62,6.462397018845946,0.03288270581479299,0.01959663327952394,0.07470403692505441
62,6.317948535392693,0.03559307969369977,0.023510790411946356,0.10326984031562765
62,6.5285925322959955,0.04297539066702756,0.016808498169118134,0.12172561774894712
62,6.142924476612544,0.050054056668558035,0.040830112189230126,0.13688683665386392
62,6.158121463542361,0.04613741201518669,0.046170659652816415,0.20338584212740737
62,7.129440181144423,0.025463560949515185,0.01983847192514307,0.22922815595949675
62,7.873313282430054,0.01992970894223648,0.011110714311276693,0.2430627859776935
62,8.45779482178933,0.019637113968763182,0.006170515591743378,0.25144958458205013
62,8.32649553365933,0.019637113968763182,0.008511171225249747,0.25540381716118027
62,7.412758302953946,0.024864357917310925,0.021323267504073068,0.26847192703254963
62,7.536560144581665,0.02566327881512289,0.02061873809234585,0.2980503521693264
62,8.195206112528872,0.023733964301676957,0.009324057084850151,0.30970940321724133
62,8.354666240584791,0.023733964301676957,0.007062608832580697,0.3166984663390267
62,7.8406377981647895,0.025292099070257767,0.018834975183523006,0.3238346208824027
62,7.240011659993352,0.03394954570962159,0.024440529303002556,0.3543684167060727
62,7.423083245681692,0.034823780023662154,0.01926885304311271,0.37271567948840784
62,7.633192487926232,0.03604904676201367,0.015341461138349555,0.39290612279229814
62,7.460826435158478,0.03644768354908434,0.020976551768624202,0.40339860176510695
62,6.870127772903682,0.04590557579208228,0.030286103436219985,0.43485922632954654
62,6.764582591299069,0.050790890886783534,0.03242951085479215,0.4639708086375469
62,6.8924057928800675,0.0472754485865808,0.028729270003322316,0.49971824803913084
62,6.992280775176344,0.041063992857043506,0.02474861850514462,0.47857065135580845
62,7.124491439193504,0.041063992857043506,0.02142567180066257,0.4507845149505799
62,7.251977822848802,0.04634058480895836,0.013863353630864994,0.4357193077544833
62,6.697737732848971,0.05140518483521171,0.04828121448767542,0.42305780768884993
62,7.263871610485424,0.03064344500647558,0.04384928068647953,0.3391568787791325
62,7.55724397497681,0.027605339035882293,0.008549474111291755,0.33535924631589087
62,7.455727331323524,0.022284812732145533,0.013454839970053756,0.32205793055654897
62,7.724931078622633,0.022284812732145533,0.010669622860334071,0.30844956637578336
62,7.516345507661152,0.025377165348106544,0.016233912798301442,0.3007186848358808
62,6.719996160325022,0.036726453135227044,0.03059937832665688,0.2759817407791805
62,7.379319315721445,0.029759830871436566,0.021944746824425043,0.23951992818256707
62,7.733767126847151,0.026788758450541895,0.009637140680451461,0.2320922471303304
62,7.534558417345561,0.023905198568917662,0.013433452729103124,0.22024564682166414
62,7.308707163027087,0.023087586467916598,0.016033255738041985,0.20522534167212414
62,7.368820146261639,0.023087586467916598,0.013148994699927585,0.18817913534558017
62,7.642218808603814,0.02678829969724108,0.00658015983944682,0.17892735227226897
62,7.271226012992312,0.028670417455964194,0.027379205220256053,0.17501881566668653
62,6.721155626836481,0.037675474552387914,0.026925855944276822,0.12416894183175686
62,6.857124408706749,0.0388762097738375,0.007878528459525247,0.12116710377813289
62,5.945201701701843,0.044836312407398916,0.03565105350220066,0.10841188491270637
62,5.500430057207923,0.043319801068065475,0.03618863576633924,0.049864996773731574
62,5.95781384721476,0.043319801068065475,0.01152731501475801,0.03603461338002789
63,5.680141202130384,0.03321622834560152,0.012966806284445197,0.00917011010145358
63,5.320499272921118,0.03321622834560152,0.030141155874390792,0.029276508839380003
63,6.450001766926574,0.026067366558947813,0.025294354285477806,0.06945242185023516
63,7.370681742788299,0.01998481846796038,0.00858112440924079,0.07986521741033561
63,7.645830100123327,0.01728503716460793,0.007511189373336363,0.08661467066871674
63,7.513792603584358,0.01728503716460793,0.00999422614002355,0.09488759615700834
63,7.296429419530813,0.020365024287932534,0.012989590244773322,0.10660312294876384
63,7.182231848663852,0.024069488957191375,0.014559791565820351,0.12086677664655499
63,7.068687698732894,0.0300118607307312,0.015498287593465637,0.13572270608040454
63,6.6873275644137,0.03453005477977096,0.025660049058300008,0.15186335183348626
63,6.756295644647872,0.043885561511074596,0.022536685855300553,0.18704280419700456
63,6.6910707186781995,0.04714954539555904,0.02842915508886114,0.19693672354408737
63,6.363331287419426,0.05653204474457703,0.036301013812894495,0.24390111437472684
63,6.5346489520301105,0.056554965794582523,0.030581061689066658,0.26953875116987636
63,6.574393565095162,0.0517951282781108,0.033257365498059244,0.30506323775286015
63,6.7655519250908505,0.04105102176721322,0.031037614995077595,0.33605348216599484
63,7.740058003919247,0.026558672309668685,0.019116656306506163,0.36713846774301534
63,8.116695329257382,0.023699341495271954,0.009212016184624972,0.37428679477900717
63,8.235016685142792,0.02324184832379932,0.008602117836807893,0.3855625001122653
63,7.972166666460023,0.02324184832379932,0.016679710743611798,0.39149103045262296
63,7.506981239709278,0.02912203469458079,0.020646510874274798,0.4189219215994889
63,7.778573052978482,0.030124391076293812,0.013161301708324524,0.43278405220117255
63,7.51112890912068,0.0279178677041524,0.02014000431011359,0.4452445250161379
63,8.089112096321685,0.02197980102527076,0.015132924390538927,0.47306406082139973
63,8.193750426261062,0.02197980102527076,0.007450670948773053,0.4755103737972158
63,7.623682163289669,0.026961812593962787,0.011002746425843313,0.48796540271894584
63,7.063454572105742,0.03460218373792804,0.04071580267331176,0.4975158666489024
63,7.194838348727974,0.03984538579152584,0.0387764584524192,0.43060299193443063
63,7.533078872790133,0.03757667559625727,0.009660556880123516,0.4249312164462592
63,7.239663541345303,0.03757667559625727,0.017091685673680912,0.4112818781741836
63,6.965014765006004,0.038046454021200084,0.02158831884838175,0.3907478450988974
63,6.51104443762067,0.04710349586979099,0.036508557113170914,0.3681052404774201
63,6.058343310013473,0.0702713928331774,0.04376557937531167,0.31773073087255554
63,5.903838245295258,0.06769576550762309,0.0486287719436469,0.28057408172679676
63,6.665196610692012,0.04524355836259279,0.03402476980979502,0.22047318698526175
63,6.953587625713785,0.042329509320043625,0.012769845269536617,0.21252454210720673
63,6.843107650162936,0.042329509320043625,0.013711186444475942,0.19493349644618851
63,6.460182689541888,0.043073617140479484,0.036522448945792374,0.18510216921825484
63,5.944609664906462,0.051335985313274476,0.03976489857742693,0.12188859855460377
63,6.153186906002845,0.04328818518084989,0.02315369024120234,0.10557237206340098
63,6.3461887547300435,0.03129172358436914,0.021654149650590315,0.07558121807219909
63,6.693558766773251,0.025955084635726954,0.012455421327162874,0.062264072762220346
63,6.577669699846877,0.02131760569798815,0.014307475086977939,0.05067037541787334
63,6.802578603230666,0.01779640312793416,0.011344276444241852,0.03364912258826447
63,6.981764726493902,0.01653631758724594,0.006676214971783279,0.027981822529389633
63,6.551689698844539,0.01653631758724594,0.009329391287394906,0.02029669264469791
64,5.694394175989611,0.03281653505462554,0.021531164984786244,0.034836164309057754
64,5.9364490214153225,0.032816535054625534,0.020002734915844866,0.04714540023791817
64,6.459268119814192,0.03339505494979469,0.016934737616973648,0.07484163414074749
64,6.448791587828622,0.03339505494979469,0.022641882458194623,0.08101487547186546
64,7.301956215946903,0.019570904127246363,0.0208216617179146,0.12012539905713673
64,7.4663412277046435,0.01754466424680002,0.008958818197229268,0.12265819890769467
64,8.151433636906082,0.011390729629239777,0.009275819849111494,0.13804303545159527
64,8.673568235246826,0.011390729629239777,0.0033155626777600505,0.14120983860591765
64,8.45606242014515,0.011808735931000092,0.005343221771837436,0.14467416080711537
64,7.826756185605332,0.014697584467990955,0.00985507442819239,0.15189628214959253
64,7.217641083548198,0.020612154854357172,0.016917440072956855,0.16438430966350015
64,6.772705453350239,0.03095771793602007,0.023060998110262923,0.18573116229550624
64,6.9126812708496015,0.040867775371427974,0.01688735591263496,0.210506305884026
64,6.682799581694145,0.044761106114535334,0.03364983115947355,0.21950587412077616
64,5.7573945006840335,0.06485348744471155,0.05797183723485294,0.2778059682029731
64,6.93791879372391,0.04427846658241398,0.03342953558626591,0.33544954859048204
64,7.581923173294414,0.040592270268404826,0.008260724437432004,0.3446650393755049
64,7.344628893465455,0.040592270268404826,0.016127670322162974,0.35197099746534605
64,6.455846965182278,0.045887165095121266,0.04000976628023062,0.37692038001983086
64,6.545823426896497,0.058799217578500484,0.037845060420735155,0.4319905300258073
64,6.666267362391615,0.05101123560204849,0.03341299945943585,0.45261050086130117
64,7.838528834857495,0.02549671948478107,0.025420232368102647,0.498816528944679
64,8.20375806890727,0.02178917016251909,0.007746782715158662,0.49654903440249354
64,8.071977615821202,0.01744551865152315,0.01242652889051643,0.4856899056250037
64,8.550045917347427,0.01744551865152315,0.009766276195395385,0.4716959766214607
64,8.742489044848506,0.018029611735305307,0.006677244325965892,0.4661573532342129
64,8.267615704644648,0.020332379296319925,0.013434668232761682,0.4583414879695289
64,7.8807063483488164,0.022777111555647257,0.017044826854334838,0.43928801676868956
64,8.397367445735645,0.023217851090434817,0.010259303875636061,0.4242518342608592
64,8.385217791581434,0.02392165423771899,0.009787737509439287,0.41876940901741744
64,7.639241133135657,0.029004814634728794,0.019971054733166405,0.40467635924198064
64,7.213482247759069,0.03524907740271681,0.025447415580861832,0.37882729955108463
64,7.370830074140775,0.03984027045620024,0.019991955837876496,0.353781528080257
64,7.2833032641727655,0.03987089183860444,0.021667364253182053,0.33884338787533164
64,6.923277716736583,0.03809272693859953,0.028144891539505446,0.3104467995738929
64,7.6217027568922475,0.03540053577289224,0.01567472381522772,0.28255360479632075
64,7.613386319273518,0.03540053577289224,0.015798240349797543,0.27909735194343743
64,6.825894862631028,0.03554645606912958,0.02715535730125823,0.25095712409672566
64,7.340625014912428,0.03255009593611842,0.016725907669523254,0.22478663734092097
64,7.334778336955271,0.03255009593611842,0.016101391474342586,0.21750530875767915
64,7.009001615149685,0.033726384392232724,0.01775191910355106,0.1925838543922358
64,6.820307528749261,0.037959337928896233,0.021276015550443228,0.18200147055057703
64,5.783287522205759,0.05491851418189899,0.044906120146353534,0.15003182329134934
64,5.2207389529588175,0.05851951146237875,0.049750134116671674,0.09218923025786996
64,6.0224432189785215,0.04233183937546574,0.02379586320674154,0.050531555058005995
64,6.338967734804678,0.04233183937546574,0.00701782358624814,0.04459750384438688
65,6.884212447903475,0.016140941162353106,0.007012863262909723,0.0274960752764265
65,7.06813699368106,0.015482389652836649,0.008243832711711443,0.03654522538097694
65,7.281545809395738,0.015482389652836649,0.006823044240773134,0.04398374069984939
65,6.9824507178617194,0.01796541891790617,0.012906976257261091,0.05019131386252321
65,6.595487736163688,0.024369794572087305,0.017422995314145637,0.06979769321437157
65,6.769541856947679,0.030465639082664468,0.013968280942114213,0.08503730449081448
65,6.469767841477592,0.03407128374278107,0.02603145834864573,0.0977342550986
65,6.983351396949173,0.03700645380541947,0.021406999448154336,0.13710022118810594
65,7.044642644183726,0.03700645380541947,0.01517042283114893,0.14054825399490867
65,6.497845930466945,0.03794617418624282,0.02818323748219831,0.1674410668504038
65,6.91416328330496,0.033075406985052,0.023344553451032382,0.19691472895930529
65,7.522061592493821,0.02935101798637337,0.013430390646776688,0.21413017375246857
65,7.758957643301473,0.02829764352353903,0.009122613486040973,0.22377551025285866
65,7.321373943310212,0.02829764352353903,0.02265731913188833,0.2323754007245505
65,7.386553394692518,0.0326782704083766,0.021233840308295657,0.2690901485166353
65,7.557498637114588,0.0349794435381792,0.010324529198674132,0.2748430813411418
65,6.839525636039232,0.04094701751721386,0.030379263169081516,0.2897392069139836
65,6.317590577713352,0.054195142661521124,0.04312680999283289,0.33560160767930486
65,6.953879783774789,0.04023035134201395,0.028726053910553634,0.37599282689964936
65,7.625529979294583,0.03340599590170884,0.013461667305798425,0.3930537155004121
65,7.7352622283189305,0.03160216428570273,0.011155987870100498,0.4029161615112462
65,7.192690743123531,0.03160216428570273,0.025240057662402504,0.4153656912406131
65,6.962061539822114,0.046469615136485634,0.022922933011271934,0.4533962768360512
65,6.840703455672405,0.04959572730732794,0.037839766499720096,0.461211557263157
65,6.873400755487475,0.04451191554272247,0.03846959461973626,0.4709241901645086
65,7.0643376895337315,0.03842145891496007,0.02092656446710245,0.4618492534973705
65,7.756530607113689,0.025310182008133352,0.01948370014786327,0.4290710612303037
65,8.217635045596097,0.023008493139906182,0.006935896821432697,0.42288185320164395
65,7.931349987986376,0.023008493139906182,0.012834689569605096,0.4151992675874383
65,7.645406974915853,0.025601772881995787,0.01442565350376157,0.39721247406243376
65,7.393640707510668,0.02906809067235667,0.020814795547687837,0.38634796057991516
65,7.177014865070399,0.04067497316761459,0.019162831318577878,0.3555828829670581
65,7.024129881176336,0.042920898779952664,0.03190161374258066,0.3480222979427594
65,7.022597480485537,0.041287412440737414,0.03164271382888595,0.29177965548189677
65,7.190875470622438,0.03870121085535434,0.016484934387511807,0.2847368702849875
65,7.1454412468446,0.03283346584217115,0.01966787654441049,0.25880978670687316
65,7.246942534292206,0.03283346584217115,0.01599396058852043,0.24540111719616653
65,6.864383622179,0.039792827015434205,0.023232558329631836,0.2268218655298323
65,6.398946544650386,0.0482863256011723,0.03129804624285565,0.19893600053690286
65,6.088261524609466,0.04988619486062531,0.03624831634545811,0.164225773044121
65,6.650295290482674,0.032232207617142586,0.02257573858537376,0.12643936784598664
65,6.732511241331043,0.02928617882809732,0.015700183378808574,0.11907429587337348
65,6.657014574471926,0.02928617882809732,0.015999535141879295,0.09503900108836949
65,6.927781842413208,0.029514825367352705,0.006922342571679674,0.08707522558961489
65,6.389607200490919,0.0318671892251946,0.031183114576636917,0.08119431594501014
65,4.841043189856777,0.04680950662267216,0.038321151435858736,0.024708996436341057
66,5.970558720715028,0.04081901789630142,0.017637268116827563,0.0359101262188553
66,5.792387370934162,0.0376194792388568,0.02782635870338925,0.06860653457692238
66,6.212349321877948,0.03761947923885681,0.022280650632075558,0.0915628436256338
66,6.714626988749977,0.039421347070120925,0.014826266120493939,0.1131678358410735
66,6.573529275396439,0.039421347070120925,0.027309965596455897,0.12121537586662168
66,6.684692142401046,0.03564086186930685,0.030112715313502833,0.1677877670339853
66,7.37255713187831,0.03017964608545003,0.012050850972256916,0.18144080649362734
66,7.455392919596068,0.02897286533143969,0.012807753786263601,0.19188946897849912
66,7.271539681047839,0.02897286533143969,0.015253463899165834,0.20705631406615455
66,6.906715816147256,0.0323650380024602,0.024736672127085163,0.2223963967768308
66,7.0059125300702405,0.04222833335143555,0.02044466383829778,0.25652965832032487
66,6.93156122886869,0.04493075980467614,0.028069402742293054,0.26328572445342635
66,6.39475401163477,0.04286396784110835,0.03963719909220409,0.312668463804911
66,7.373735290998036,0.03090730430793893,0.019226617570952953,0.34256012263783453
66,8.044827919268997,0.029772021070689113,0.006829207539242488,0.3511216989468169
66,7.966267790997314,0.029772021070689113,0.007294448412956622,0.3562185377163195
66,7.047800947339525,0.033568844293253366,0.03853135976881941,0.36571059577273013
66,6.547974493712944,0.052692867976695465,0.04514856304312484,0.43328125725395833
66,7.303746436496308,0.045335654204883225,0.01787501382510817,0.4560077218589798
66,7.366260054260847,0.04086103327884329,0.018814001002175507,0.4690312849041747
66,7.109483125085891,0.04086103327884329,0.02498977611920211,0.4936357238633308
66,7.016559008556042,0.044956931946424784,0.028171572771044345,0.4809891628574211
66,7.103019871135912,0.04164168013167929,0.027729423334015957,0.4500211305945805
66,7.543758558687799,0.034245307418634074,0.019667537954617786,0.4255303161893892
66,7.763238572632304,0.028307602817016365,0.016290259066924495,0.4106860546853449
66,7.959168075616354,0.021613774838801093,0.015264385138365033,0.3929497980555402
66,8.374671327209422,0.016862423273674775,0.010678696567731238,0.38015728440861485
66,9.073205372431598,0.013710834636118174,0.005404839500519287,0.3715924049200777
66,9.010511739472118,0.013710834636118174,0.0065256972333028185,0.3693476054075763
66,8.142814341802934,0.01803347261775985,0.010545453532491367,0.3585410104534721
66,7.534564286028651,0.025127843586177347,0.02465600911119925,0.34825669834259354
66,6.723744495669597,0.039511631044356066,0.03471001866381396,0.3092289922310736
66,7.807688821369125,0.021902350717782727,0.017304651101277158,0.2788366610149656
66,8.036592497526527,0.020215562323204185,0.007712315254208124,0.27461969002851927
66,8.215670240693235,0.020215562323204185,0.006551275882259788,0.2634120305065494
66,8.091731661994947,0.020973519220224057,0.013366833809280443,0.2615171382639997
66,6.579203955661912,0.035207764797594444,0.03460276555095171,0.2366783628879885
66,6.55378699272802,0.046186618490472675,0.032199649184088464,0.19231160716209628
66,6.849459488607892,0.03835026635527998,0.02076257567824613,0.17227906451981156
66,7.0593000814597495,0.030288481605602,0.01788528449175303,0.150786455805604
66,7.197157941560186,0.030288481605602,0.014281852177008558,0.1365084955363055
66,7.025402164358404,0.030755543525880457,0.015652511532348035,0.1222227514515869
66,6.5877568311431,0.03244487011256958,0.021926338571232218,0.10520347247160944
66,6.296544823900036,0.039070787514155936,0.020741833510846408,0.07837007430912246
66,5.999581148580214,0.041160285070217476,0.02593958608971969,0.06371980544991662
66,5.3783452734111865,0.04220365695986674,0.026967820074142446,0.02649090212968308
67,5.032525974276818,0.0588223735795053,0.047389077673919755,0.06596600572911038
67,6.482573151073782,0.032964326453376824,0.027412994152674272,0.11386438754188245
67,6.731830816323337,0.0280188458688167,0.015321668351228009,0.12079199403445892
67,7.318788608279876,0.01853255378486488,0.015549034232839917,0.14450772424433847
67,8.1726234785074,0.016227004025189635,0.005341647799183627,0.15189006250013876
67,8.14456306651022,0.016227004025189635,0.006427864951010512,0.15519101984270572
67,7.463858210965876,0.020048913048971256,0.011598484408656545,0.16474579240215978
67,6.835483777009343,0.026784647714895055,0.02517403959080089,0.17838798866001881
67,6.879911106316239,0.035967587431902495,0.02401784899130041,0.21509387158376156
67,7.252989652856241,0.03672085135928757,0.010775654127127027,0.22642368664261964
67,6.833725488494428,0.04080944863744596,0.02616967815956156,0.2366451798380156
67,5.806029824189084,0.06258280944102693,0.05708347187356387,0.27876304296174276
67,6.796960552624662,0.033800726211924384,0.04136928788045127,0.35081212358514335
67,7.720166630156211,0.0295249281569236,0.008269670020188025,0.3615016187226453
67,7.752231595167519,0.02868857790889584,0.009577008809270676,0.3673514636255194
67,7.401631232290625,0.02868857790889584,0.011671431230961982,0.38065563634118665
67,6.900713098934295,0.03270405380739853,0.03555124835398529,0.39069432608744337
67,6.346804994564392,0.0632759992977969,0.040228646796222095,0.45175813304915724
67,6.361833875755654,0.0654000095077272,0.04020676838246595,0.47115161967988756
67,6.759753523648262,0.04829921699722278,0.037816616921279494,0.46782833018591086
67,7.121084659474432,0.04172616937542084,0.01936911016598175,0.45321514647755345
67,7.465536356407733,0.0320761547259784,0.01664006594058559,0.42909010985394735
67,7.415153350481704,0.031955533479417084,0.020246547445049667,0.4199350145963823
67,7.674952041651345,0.02505675789946422,0.01935711563454645,0.388597014963848
67,8.083162367110296,0.02505675789946422,0.00797610486209388,0.38122078332728937
67,7.812434925505329,0.028487149134515867,0.01137401098869123,0.37264480523966026
67,7.021430811971856,0.03501839616564835,0.03221742638975256,0.3584727613499069
67,7.054756334841175,0.04101646174322535,0.028892426228706525,0.30820995246015515
67,7.162861970154339,0.03800764431616084,0.01895885096065919,0.30068790889249386
67,7.305724608325193,0.03177329774688755,0.019555721797879844,0.27029225053883676
67,7.464925416019384,0.03177329774688755,0.012414282626327988,0.2615764652967342
67,6.895427085304831,0.038218409751108906,0.024146496361300562,0.2454636852861808
67,6.207280758352962,0.0487486089365851,0.04100554867671091,0.21328347257413305
67,6.990108095905766,0.0302327415870866,0.028215088321099424,0.16345258793275896
67,7.271052977846383,0.02529155882032417,0.01196810669569437,0.1568532959319342
67,7.450010443022007,0.018356790264098578,0.01333007529609842,0.13951637454137022
67,8.04711925833927,0.016582976388493775,0.00680083095871753,0.13019314533973736
67,7.942472695684576,0.016582976388493775,0.00913134810891969,0.12591471262393517
67,7.625934426123775,0.017979888348821714,0.010055970249597701,0.11193044912189798
67,7.48027371993722,0.01875437108958642,0.011969439803800774,0.10580277212473976
67,7.118368704784297,0.022519157642543197,0.012665331063068774,0.08799156951429643
67,6.966008737110839,0.025526941448820884,0.012701551684669077,0.08047210999860221
67,5.965875681188207,0.034629739473460444,0.02925606347116111,0.06258846614495828
67,6.039455199052691,0.01863741248142157,0.023009580537930174,0.021959983056279997
67,6.5629925481425,0.01648114128654874,0.005528529144796679,0.016569305069097928
67,6.753841573959314,0.01648114128654874,0.004380090999096031,0.010902924766686639
68,5.3472502804853175,0.04453441431292357,0.031905258325760216,0.027771804495327387
68,6.387807264691835,0.034335867790007094,0.03060198196873326,0.08106741034779888
68,7.020402406646153,0.03095937379667967,0.008295090313916002,0.08897576843279391
68,6.88855216994196,0.027486644779544878,0.014722253324497565,0.09765759097563088
68,6.745821690319185,0.027247397427685095,0.019971074511457375,0.11842027508178904
68,7.243665138924668,0.022686154836278845,0.015346851745912174,0.13759973999854563
68,7.9110514940879755,0.01918043415953429,0.008488581528967323,0.1491139785736134
68,8.001633154593556,0.01918043415953429,0.007151760016826367,0.15457690305648028
68,7.430389953237934,0.02271667237984863,0.014232429865696422,0.16341749860726612
68,6.624114195075311,0.0335028095386852,0.02983969047922297,0.18304176278787312
68,7.022970540032054,0.036848337560329,0.023111257975937466,0.22309687956571206
68,7.0834638483526335,0.036848337560329,0.017985221221959558,0.22926427873974806
68,7.032125730636302,0.039387513216257955,0.018100974636684516,0.2590673220096312
68,6.935990171891884,0.039387513216257955,0.028055104622889154,0.2654662280131171
68,6.607899821267178,0.04932994004834065,0.031128029557368708,0.3151775312554095
68,6.611658394409122,0.04728131969683671,0.03163306062868934,0.3277222871278545
68,7.792261337924969,0.02646152723237958,0.026236277375681905,0.37844365251278816
68,8.070397798669669,0.02576105148580752,0.0038452489878849916,0.3801948418792183
68,7.805858543799029,0.02576105148580752,0.005724763041288272,0.38613415048855815
68,7.2671918421129185,0.0279651384751022,0.02562668500499371,0.39164436796179486
68,5.975489818302496,0.055602123693636894,0.0553103509265562,0.43738752049854557
68,6.183015000399003,0.05314075031673602,0.0521869158352159,0.49773493018509274
68,7.800980313466219,0.02161469473589863,0.0224760421444814,0.45823864783102264
68,8.280834224432002,0.01859420718773781,0.007422055255557725,0.45278284589612994
68,8.43150031288247,0.01483888375724871,0.008542679235068573,0.4433945373199072
68,8.8214001280138,0.01483888375724871,0.005446003981634806,0.4356974874259928
68,8.592900912754072,0.016116866984990798,0.011837945973903474,0.4325025293566376
68,8.172640905084961,0.01874600658023453,0.01432406857494456,0.41202159547818584
68,8.477660025904875,0.017700425507020445,0.009184747436385865,0.40385439220674846
68,8.74660850658034,0.017700425507020445,0.007434652829633737,0.3936521006054141
68,8.645626389747141,0.01822710587666232,0.00820644912591978,0.388985086547481
68,7.801223146247646,0.02292545955422489,0.018408408270749854,0.37723920235357455
68,7.311202629800356,0.0317025158412648,0.024038242401700882,0.3521682700059813
68,7.761189673153458,0.029484554020480093,0.016067723630994846,0.3291627175501728
68,7.866358555749095,0.028143862430184054,0.012929247518866649,0.3200328227439916
68,7.589334068232242,0.028143862430184054,0.01611122409654725,0.3033042225124395
68,7.39790621416018,0.0318567482472321,0.01688716071327534,0.2878103745508971
68,6.88770544293397,0.03916893763323541,0.025967314308619815,0.2695299010858888
68,6.116075380588498,0.05464876713180766,0.04548369176082495,0.23587574593365745
68,6.714093806209605,0.0499764625689729,0.03145667347068337,0.1785625175642389
68,6.864804061626701,0.04922398340869474,0.013109038303713516,0.1729623989922907
68,6.152779412001028,0.04922398340869474,0.032091693601236315,0.15234444095681188
68,5.82108595515298,0.05061973871328192,0.036093574128364225,0.10877901178981808
68,6.0585722037551,0.0453241847452144,0.02347232616639383,0.08015729270008343
68,5.997364966223897,0.039589040336664195,0.021401548395090342,0.06183435945703042
68,5.626287555553482,0.039589040336664195,0.023181546551661103,0.03735419590990274
69,5.656484854467984,0.030638483549959693,0.013579802869226495,0.011124297607968427
69,5.669815064480737,0.030638483549959693,0.02033868143858513,0.029598147497267108
69,5.733133180910176,0.036322391745278,0.027878650818454066,0.05180166048513869
69,7.05903182691241,0.029532746662458732,0.017907087742993516,0.08535544913417524
69,7.17316202166656,0.029532746662458732,0.008860603116510539,0.08761583597112572
69,6.665647053124853,0.03000528062675465,0.01805533155971347,0.10307665536719632
69,6.617623299744233,0.030472227023779115,0.022459769449633793,0.12372649909055267
69,7.213861117548145,0.02276402569693049,0.016479941571911808,0.1479961942664639
69,7.693612827150083,0.02276402569693049,0.007964397375724006,0.15668638223437628
69,7.8455732751289435,0.024114092212408005,0.00566086186110043,0.16392498901791192
69,7.402504429942174,0.025747338987874097,0.026560726330515955,0.16800810595657714
69,6.6449780344074085,0.04161769075920702,0.03347798450600008,0.21704644167894382
69,7.177219003441392,0.03162506484444457,0.017269742069297656,0.2349640749685773
69,7.324382384397638,0.024976324504859836,0.01777695734738713,0.25158592581753914
69,8.250347064704162,0.020999371372804145,0.010524549923924154,0.27051798966335155
69,8.309900195164705,0.020999371372804145,0.007403529998634445,0.27263502566538744
69,7.52800911885091,0.021917598658077984,0.015734873161046686,0.28532504966062044
69,7.368337183686742,0.029429487588822134,0.014786031563973179,0.3041047719874808
69,6.993384838472398,0.03640445575788489,0.032904502706541744,0.3148971127885668
69,6.562637149716501,0.04754429158441399,0.037980268089524344,0.3699137774005643
69,7.024690574817267,0.04754429158441399,0.01876300416401594,0.3908576489676155
69,6.966273084826346,0.054177146288806266,0.018741018217427352,0.4074397857285962
69,6.307087219981259,0.0618522349394625,0.05540074297889358,0.4283396854024702
69,6.7234589210714075,0.04061316534216512,0.05127587215138238,0.48175872831361666
69,7.2892533475717975,0.030493038927083837,0.015314580080970308,0.46910857029476505
69,7.575389365072619,0.023301438069848236,0.01623554304193553,0.45112956815167604
69,8.279541616255393,0.02231277999677146,0.00947071809194766,0.436637484210894
69,8.275242215381127,0.02231277999677146,0.009986711989376063,0.4321881319677807
69,7.613227841662903,0.02561701606172815,0.01786430074711276,0.41666406023214186
69,7.475917427603948,0.03126211039227751,0.01895877345806446,0.3964595304735552
69,7.344040836143501,0.03535990545422478,0.021243224906847158,0.37874651331601294
69,7.238550488123929,0.040160287807106856,0.02147695594476645,0.3539730806598609
69,7.066642664686629,0.041199287228061765,0.026335048880013034,0.33579260142648004
69,7.128150794610457,0.03930532073328501,0.024852748721837348,0.3013029828998348
69,7.313678219966045,0.035651007098950124,0.017924075457525446,0.28608710398280535
69,7.173090028267428,0.030504933102852117,0.021543489315321962,0.2654548319847839
69,7.658026890474968,0.02880687172184839,0.01449106825367985,0.24300012535216142
69,7.719641639768721,0.02880687172184839,0.011076346414291782,0.23647269547742422
69,7.030430851469719,0.03006049647134219,0.021642560383958787,0.22084743252357786
69,6.730243679565959,0.04112443959697067,0.020128634649501875,0.19318757470950665
69,6.398001418532319,0.046942927249493824,0.038082436284013976,0.1805901632245741
69,6.5253691601226045,0.03441056140349648,0.03526381438965287,0.1170227021414787
69,7.179540224175953,0.03162649432501234,0.006535465996113765,0.11006253444526837
69,7.072482427469184,0.031152609590547907,0.008150827235285096,0.10395177014925117
69,6.292047302731676,0.031152609590547907,0.02606074604347053,0.09376087997469817
69,5.386729046731389,0.04525242115213144,0.032039039614223885,0.05183027806231011
70,5.993858299338932,0.03130612424644037,0.011877606896375553,0.01875275408882788
70,5.897619730892765,0.03130612424644037,0.015692482058999695,0.03382219562523717
70,5.591014989659442,0.03783233327907641,0.03378412384810709,0.05013771820682727
70,6.564965813477538,0.024201606249291845,0.029866411935925753,0.10139044332145135
70,7.4820145979485195,0.01911396146604805,0.007106020132714497,0.10987054207867877
70,7.753616827149628,0.016821184862767423,0.006114324361237454,0.11560248358688034
70,7.695371179701731,0.016821184862767423,0.006071189682023699,0.12209919080115368
70,7.168269525116774,0.019079453722677046,0.019513074373806234,0.12774486295092774
70,6.5528884286104265,0.029861795579306315,0.025676567850153223,0.16112533954876615
70,7.278155606919363,0.029861795579306315,0.012469591759695989,0.17909799865123419
70,7.4370843142227825,0.032648405346075896,0.008008925413376333,0.18606452306815813
70,6.7638621028604415,0.03654021321807648,0.03266085940367497,0.19511584947798685
70,6.322402215284327,0.04709004057626766,0.03598427823639762,0.25138624187550807
70,6.797304105908758,0.05336930620637727,0.012935842188459612,0.2670844059507821
70,6.419284893571421,0.05870423986868019,0.04715701750388604,0.2772579262524273
70,6.451122949249774,0.050517558840105815,0.04967987128362866,0.36139844095855417
70,7.113510513110234,0.04442986769565364,0.01477981007998,0.3766176688196846
70,7.161182488795509,0.043588032212045644,0.016675416729003578,0.39095806111851417
70,6.8636203436826815,0.043588032212045644,0.022769374997107072,0.40996850227769177
70,6.301415505542574,0.05258262236857449,0.045240258144434664,0.4364968111127283
70,7.0277455762436745,0.05338236072106113,0.03350735163337265,0.4995509814334389
70,7.10139336609916,0.05215736239589612,0.01523629632735024,0.4964884856205264
70,6.329426482642463,0.0471249123027601,0.039796300938670925,0.4690783887787384
70,7.375971253913935,0.03541878386881221,0.028148408669452507,0.41689588374318454
70,7.627080508368133,0.0348550587223909,0.008540022303649641,0.4127815714398334
70,7.476858079571515,0.0348550587223909,0.010005071608581884,0.39981583913588525
70,7.1042212519688075,0.03703645621790974,0.033961278072319134,0.39277142822266964
70,6.953901112866628,0.034358497982198345,0.036562563103615886,0.331893282991247
70,7.55095453643866,0.02456091320155105,0.012693345972452252,0.31964630201543787
70,7.677590201556788,0.019305028813912894,0.014103799807250794,0.3065065910463425
70,8.464256395718163,0.018154197771501623,0.008977302443231583,0.2914387024009363
70,8.615981050180364,0.018154197771501623,0.004954179489144506,0.2885519861598793
70,7.850307752306938,0.020962854866394442,0.015906854568598694,0.28153034342264727
70,7.284101336252805,0.026221574623796283,0.020372552969927127,0.2567382770226819
70,7.654492931248391,0.02889452060646236,0.011924316331837714,0.240785237482793
70,7.470799414185022,0.032052757855976964,0.016056057875847907,0.2328896443590065
70,6.559547453264335,0.04300087577414535,0.03098494306794808,0.2086731217310972
70,6.133053623582885,0.04594729234046999,0.03813794952262678,0.17091975822311034
70,7.333186831232567,0.02610043568561111,0.02081344983676453,0.13239722268584364
70,7.5762552908892244,0.02485869003110617,0.006548838967659509,0.12929285854958128
70,7.288721626168353,0.02485869003110617,0.00929327491872628,0.11929954475052462
70,6.846766860540967,0.02500245130698071,0.02049450445508677,0.11070630871212872
70,6.3824217861705055,0.03445353744844106,0.021872891906781267,0.07831053584035108
70,6.362485256107411,0.03484879462210337,0.01827528590461952,0.06696052489856619
70,5.977771633732613,0.029672511978021898,0.02080429881787843,0.04175996403111204
70,6.013713649286636,0.029672511978021898,0.014221713207000775,0.025351927262809326
71,5.963570649331524,0.04206683088535306,0.017419193031418846,0.04248901188700957
71,5.976717652075404,0.042066830885353054,0.022529704696430668,0.07258119034615952
71,5.995237924927806,0.04476852410000307,0.028927584312453382,0.0875484212798709
71,6.062388048298827,0.04607390198755941,0.03556121274284909,0.13043635897106629
71,6.898051641244965,0.03377798553891291,0.020440786896117003,0.15867084676556908
71,7.184322287454707,0.028719151139820424,0.016137927120227658,0.1713179327633003
71,7.440934795925857,0.022497245377864423,0.016311376442876308,0.1909467010060244
71,8.150029960987633,0.02020408825730788,0.009093403268968042,0.2039406856490529
71,8.223373665512206,0.01971971901388935,0.008203414291074795,0.20913350754396048
71,7.726673009271087,0.01971971901388935,0.014305615692896761,0.2203475142312025
71,7.9239526977119965,0.018664262712625224,0.012089860938162778,0.237744738929754
71,8.060140504999481,0.018664262712625224,0.008608666592081343,0.24452723610752805
71,7.87101980140867,0.022838197115180682,0.008265264969535155,0.2549620721139167
71,7.389793231933242,0.027714752261326015,0.02982832315008735,0.26105776604659836
71,6.818165264718097,0.04740052534167575,0.0306177866590939,0.3146187184140914
71,6.847731649617101,0.045199286428879146,0.027790415673099422,0.32229333936478616
71,7.654898415556677,0.025333039820801373,0.026427477396561316,0.37019954976029024
71,8.409880392241183,0.02335354206175395,0.004209431145691195,0.3751482941579088
71,8.22156799023018,0.022352128574540154,0.008530908644108243,0.3786184120516726
71,7.447958606399323,0.022352128574540154,0.017480979021142207,0.3922101114461253
71,7.272764689617737,0.030509871852527716,0.018863152928182414,0.41358037009395704
71,7.080863537816011,0.03705229073594094,0.02071450971397054,0.4299364173024901
71,6.362472561528529,0.05622018650013348,0.050240828763364,0.4550093895218981
71,6.856925624104447,0.04014907877673894,0.04328682054921015,0.4695819251707819
71,7.3733363357279185,0.031217114143858683,0.013526616364234023,0.45841696937968157
71,7.830564521794472,0.024861803368911594,0.010547953692488343,0.44252869244231385
71,7.728098596549809,0.024861803368911594,0.015285525651214271,0.4373210619947049
71,7.143621861648047,0.03425270225170256,0.020190597490537865,0.4119576411398853
71,6.928406384070884,0.038915495471893415,0.026925968367606135,0.39693986701362916
71,6.617590882075049,0.05444916051547586,0.027377760107247184,0.35810570440467304
71,6.3920838584466875,0.057099172532433816,0.04251410076376827,0.3421843467991348
71,6.412706629457086,0.060576549914348264,0.03796942328969383,0.2730775028771365
71,6.436519070504707,0.05784374885139252,0.03141737782959969,0.26624550021974713
71,6.432892446090101,0.039696911278694944,0.03625888547429279,0.21024274721793712
71,7.319705218643345,0.03189271390828876,0.010962309033989981,0.19372772927116155
71,7.2466307962068655,0.029728873859807003,0.016244990190901087,0.18831812914995716
71,7.111458752619956,0.029728873859807003,0.016556275490175743,0.16123774888935938
71,7.079725586853644,0.032141742147708485,0.017018419804151808,0.15520557816960567
71,6.357239499873517,0.035196384113101,0.02854968423613735,0.12720090928105576
71,6.9980971476652885,0.024624861546590847,0.018692218633810154,0.09810620969733097
71,7.400428890471845,0.021308966473032643,0.009183287816790786,0.08981647201343546
71,7.3965027554114835,0.018619070609675804,0.009977620720815428,0.0797396340637494
71,7.2918363266059405,0.018619070609675804,0.01038087003632221,0.0698612305718046
71,7.0297637163865545,0.01973306699842343,0.012066696204288685,0.05897789399110498
71,6.833418500013597,0.021231273831471432,0.011465812244282447,0.04572783816322723
71,6.536793456674588,0.023574482284012443,0.012539778179846361,0.036046269502540085
72,5.95454377382676,0.03451202624956349,0.014675017455548207,0.016259035927858358
72,5.812947288567395,0.03451202624956348,0.017568472906003878,0.04305819507045649
72,5.743626384086763,0.037847140917327333,0.03250747772712838,0.05139598173986611
72,6.3343764949576595,0.029811430493384816,0.034590541488783225,0.10807315052471325
72,7.452503615555514,0.022399885499234502,0.009183957362762563,0.12057706471743257
72,7.862717982125481,0.020054285286112177,0.005768813827430469,0.12644106525023838
72,7.598002422431508,0.020054285286112177,0.009549349095363563,0.1321146923722935
72,6.84211608335565,0.025424313713580976,0.022796779368696285,0.1455397634409655
72,6.984285037299158,0.02966500410835939,0.0223709195204375,0.17770825110968608
72,7.395332259937037,0.02966500410835939,0.012721361388576088,0.1902816024818405
72,7.582552841555824,0.03005832685094753,0.009986774307111382,0.20315097388683825
72,7.255694353870423,0.03289999773463754,0.02363207620874498,0.21025515109606327
72,6.498964932797183,0.04285633702673819,0.03619253387868061,0.2504151263043282
72,7.546001979493609,0.028634060594035605,0.019395933214952338,0.2826402188534245
72,7.775222964670003,0.026007351041712246,0.011807752989919401,0.2892069927342329
72,7.836982367561969,0.023630378109971685,0.013110661064163531,0.3062557248332633
72,7.876341481632158,0.023630378109971685,0.01217966428573014,0.31542831486255996
72,7.479276390408149,0.029705073526837135,0.017391571920467808,0.3306150534047236
72,7.038477736542239,0.03430487281799316,0.026788545271887815,0.35021145870349557
72,7.606823310698628,0.02679031700577179,0.01960419791751114,0.3841921439484992
72,7.836532353747414,0.02679031700577179,0.008622875759852572,0.38941985453851785
72,7.605438882948983,0.03159753337764639,0.00934631827016863,0.40143789546820435
72,7.141557869280654,0.03670380701587598,0.041502509516663594,0.4081124910788551
72,6.5004824923186035,0.050172211398841815,0.04782970997683536,0.48444291450153154
72,7.386776851153634,0.0424406127864441,0.01343167477277063,0.49622808896747417
72,7.3237728608301165,0.04074032802052598,0.019298093420896556,0.4886937359529272
72,7.0325013841710025,0.04074032802052598,0.021774877288334216,0.45763190212568106
72,6.879463158656881,0.04555357926826842,0.03181525765569049,0.44514398137625877
72,6.760569747634571,0.04391188571778744,0.03475175943103864,0.3940013868143001
72,7.117760563738782,0.03807778551107539,0.02041211367389939,0.3756404625141815
72,7.72310402341372,0.02983326578416199,0.01362012138378077,0.3531771594665013
72,7.698318981995995,0.02983326578416199,0.015178817765129582,0.34840021974661994
72,7.094322220100238,0.030297123746509592,0.02298364177765455,0.32281952393624214
72,7.632175175525578,0.02716601839901398,0.013322356289638349,0.30243293619131084
72,7.595529757372982,0.024710759089372834,0.014064699661385849,0.29617481135696544
72,7.3958377685467305,0.024710759089372834,0.014415285851683501,0.27430353686853914
72,7.436363006163068,0.027494477975349117,0.009038918676511243,0.26734423965359844
72,6.539854136406467,0.036389310085814544,0.05252031368047311,0.25622569951551666
72,6.079294922546849,0.04558162459237023,0.053092380147757356,0.16230361229265222
72,6.467089888145711,0.035771486134250005,0.017782283721139047,0.15004093922000195
72,6.706438095754435,0.02645072838639888,0.01838794817673517,0.12673904485037413
72,7.057254194030137,0.026384227088596203,0.012204126084260525,0.1132650428665316
72,7.072063379848277,0.026384227088596203,0.0110154619919412,0.10233079268185308
72,6.610671689708667,0.030293993724297908,0.018885906376214345,0.0912341188826492
72,5.799199725128974,0.03770065683238111,0.028081152958726763,0.06455897992942439
72,5.608943347397966,0.04087124023084454,0.02293155127745805,0.03507181296519568
73,5.355386073324406,0.06197679954260014,0.032590880352662756,0.028961504283160033
73,5.191951104981023,0.05920033408538651,0.04922834613759126,0.08848210081675821
73,6.069550099009431,0.05431589935047469,0.028881721957867222,0.12741819655834255
73,6.495796385745374,0.05431589935047469,0.01783183889455288,0.14624554473249265
73,6.264584309725535,0.054492707667259374,0.03043416729910034,0.1630818743474483
73,5.794491065383554,0.06330577655090903,0.05066587620915017,0.20711387933069333
73,6.6481439214394324,0.04233932208197104,0.037316556482846694,0.26441362676574864
73,7.547859862766163,0.03334671891607448,0.013169561474385333,0.2817469922963867
73,7.652834591622636,0.029744415948821445,0.013532690695546995,0.2907527497145193
73,7.385116011626167,0.029744415948821445,0.0199932523124442,0.3088123736874807
73,7.589948622000966,0.027347099003843668,0.018635723403196386,0.3307392543394077
73,8.073115864440574,0.02241393627691731,0.012491132622692358,0.3460838204938735
73,8.30630055719694,0.02241393627691731,0.009575356094043336,0.3557215195847924
73,8.161648515177262,0.02444863425159909,0.010513779026901732,0.36523453268196016
73,7.581854552659982,0.029054452234253382,0.02378481133677643,0.3767490776385959
73,7.479124915478288,0.032602323198145676,0.024830776906860252,0.412804155355513
73,7.897352935674165,0.026546799957920607,0.014397258469666718,0.4264106314523164
73,8.226434994221197,0.020471583620908583,0.012513152694844876,0.44159867229484645
73,8.552718208685167,0.020471583620908583,0.00856412340592394,0.45143693684200614
73,8.387028483718845,0.021557503856827274,0.010785292208256081,0.45872691910669433
73,7.774608469083795,0.02575717756694481,0.0183862002006992,0.4730075212585183
73,7.522233474729736,0.03395837507654185,0.01951702702657082,0.49549931950809273
73,7.3066189565149,0.03476183383620947,0.024961519131041304,0.48795842468834005
73,7.8159942558555,0.030141063588836205,0.01946675078511123,0.45457764222982466
73,8.179498081760714,0.02863954375087332,0.006268896418542613,0.4490249231181176
73,7.644445884363322,0.02863954375087332,0.021879133081541824,0.44203984939273944
73,7.528536903837532,0.03377375056186016,0.020491542229298554,0.40526665695503394
73,7.547927347365162,0.03484075774645814,0.017408208456414664,0.40105676493414233
73,7.028712759230152,0.03442638007006231,0.0252180645884445,0.3704502400422046
73,7.178074740295657,0.03075326246837178,0.020133928729587802,0.35062063575725333
73,7.626361696367218,0.03075326246837178,0.013390946258233172,0.330182382583029
73,7.732361931546419,0.03329071820526859,0.007921090007551812,0.323838743240787
73,6.922044804067852,0.037909384164182144,0.04065713507109997,0.3143402025679254
73,5.900552634744698,0.055026388777535254,0.05291531725180665,0.24252447309858705
73,6.961730317455949,0.03054922188003948,0.021263996779733674,0.2085095680643121
73,7.336855845144058,0.027143986469962522,0.009816794566760267,0.1999964795391197
73,7.04168156928014,0.027143986469962522,0.015298414048666387,0.18887597893079155
73,6.673698597768008,0.03493451746556438,0.015920510475581906,0.16939965144178692
73,6.158328423904596,0.043590126176625034,0.045836739143892524,0.15703495797962774
73,6.497246524927123,0.018501812835714414,0.0419364329296425,0.07772617315400188
73,7.33518930588188,0.014850548008787112,0.0037932732532743874,0.07316209212034275
73,7.204104207547902,0.013641561819631253,0.00740553195525806,0.0701396266474531
73,6.885049872190939,0.013641561819631253,0.00975045935207075,0.05835102820982663
73,7.020187863577732,0.01650087732050538,0.0072603407696616995,0.0506387079433116
73,6.603230971394526,0.01922422182962873,0.012979701091015428,0.04383034667050323
73,5.815912253910818,0.023574558549759473,0.01678118117846994,0.024679305761280745
74,6.544675756516996,0.02494889065823935,0.009843521425687299,0.07851420955100508
74,6.954718211476913,0.019935167915058997,0.009585289454203949,0.09104851640895596
74,6.93687527336532,0.019935167915058997,0.011811625327229944,0.09768478845941297
74,6.65535724873714,0.024141964671513205,0.015279347555297793,0.11467176706341585
74,6.557483979178716,0.02957065127415029,0.01518516004004989,0.12824348357000856
74,5.9145134353748805,0.04300953413295595,0.04826946416483073,0.14504208714351563
74,6.37687557817353,0.03663859380519386,0.0459376985087699,0.22478241189967002
74,7.022852338107732,0.027792675582270582,0.012895825582645237,0.23691748416105543
74,7.930955678639002,0.022330044020708557,0.007783343966322395,0.2505740630649605
74,7.961784216865583,0.022330044020708557,0.006016254741909172,0.2524841720937002
74,6.862220974344749,0.026379004202740003,0.028174631246524723,0.26260657254877884
74,7.105326826472137,0.03572807102617999,0.025571371720882197,0.30883343458674967
74,7.433464921682858,0.03769442358769741,0.00644448883714846,0.31374931599054323
74,6.802015632867566,0.04202353633677417,0.03443731206497991,0.3217224122610466
74,6.256527863244322,0.061278648194927524,0.04061651188119009,0.38262394012050305
74,6.276896056698565,0.06861190719246414,0.041247543774272116,0.40295543602342676
74,6.412304303445584,0.0500990188630977,0.04506265230925638,0.4651190276690473
74,7.3445641239343065,0.03245441970362223,0.020175758900018964,0.4930807406419395
74,7.764933091515289,0.027498497772763954,0.012778228038004769,0.4945294545309148
74,7.8240095650166985,0.024291520631885444,0.013074292523999054,0.48136280328205094
74,7.638868735806323,0.024291520631885444,0.01613463934545517,0.4683808694829167
74,7.7445549194898655,0.029876365038895902,0.012250674772687487,0.4490935245911406
74,7.558728135811107,0.03196196690033546,0.023587633509210004,0.4438795199375417
74,6.785789931188969,0.04873016874261819,0.029119710137823995,0.4019182575727206
74,6.670077130629332,0.0504952170909259,0.035886772254413446,0.3856400996618937
74,7.551221546764128,0.03423724472598668,0.029504847870453876,0.3301447130638937
74,7.927429166284896,0.03283152106882359,0.005008393924773369,0.32663040392098597
74,7.400980529555023,0.031225370326694212,0.019714933947258595,0.32012792521434696
74,7.14309392122807,0.031225370326694212,0.02459938757625363,0.2872005360264688
74,7.768580074342381,0.029862697570469887,0.012277015774510847,0.2709291500618397
74,7.723714792147636,0.028707089588475277,0.01486891043269789,0.2626465044774471
74,7.456568333198799,0.02667699380060118,0.01877010735051604,0.24119132919644393
74,7.699505214080817,0.02279431909317211,0.015124102772961834,0.225106289776415
74,8.310480050797151,0.017129052642814214,0.00988684423531272,0.21094312365052026
74,8.571971940675365,0.014917630051486053,0.006378930808422945,0.20533260130578956
74,8.316890466709133,0.014917630051486053,0.008627492617972687,0.19818526203367437
74,8.045327408679976,0.018960688437018126,0.008827137830949183,0.1880776160698442
74,7.5553838325963705,0.022296627837575668,0.019307555656611075,0.180530986371776
74,7.022471141537441,0.03180516817120686,0.02076181866488852,0.14946250475662204
74,7.06906487405158,0.03536675418276809,0.015082167467991403,0.13900734904199896
74,6.4415734882889755,0.03654320356044749,0.028037765810117687,0.11929816982063923
74,6.860017709548787,0.02448858253491699,0.021547655457216375,0.08293181742176359
74,7.230243005970893,0.02179699912869415,0.008507243966355438,0.07620285890620648
74,7.17810371341999,0.02056266344479656,0.009458698064737037,0.06591732948905271
74,6.988727063536185,0.02056266344479656,0.00983613562484964,0.05728546277673241
74,6.2940648613020365,0.02497882525974815,0.01928864759988913,0.04624505823935343
75,5.677404216055185,0.06037853758813024,0.02004770850932894,0.06496798577161692
75,5.393981153820468,0.06020107961750336,0.0464117639679382,0.08719307820575453
75,6.3793160517666205,0.035028583964942954,0.04089033239018121,0.1577915137074933
75,7.4024601205816785,0.026082800542044045,0.007853676425440659,0.16897374298611695
75,7.363064613396543,0.02427275111314097,0.012064372080087551,0.17349886655837463
75,6.94666099823589,0.02427275111314097,0.017657863979544677,0.19310248714629205
75,7.1018723414129035,0.030557594061609746,0.01330415500382083,0.20881459451746398
75,6.7125618999552294,0.03859365474689223,0.03470548948172181,0.2197107971539337
75,6.593154129385766,0.040840645079427716,0.03971801990688961,0.2782255734809076
75,7.649404558790533,0.024103634289983446,0.014703607617589792,0.29914683696771294
75,7.95722604289767,0.020709253590633747,0.010684335549796253,0.3076327887160872
75,7.97283140980021,0.017702401958655568,0.012419243236763577,0.32051550806730544
75,8.563570166563194,0.017702401958655568,0.007524587896825613,0.33247127518961433
75,8.529351288327856,0.0189397654271925,0.007649954652099028,0.33556468386095667
75,7.534674065487458,0.024572392719195292,0.02008399104377312,0.3477711844938124
75,6.894089782554615,0.03971102785070785,0.02995430426295348,0.3757326659485029
75,6.740805209803472,0.052820713099532235,0.033418448440797444,0.40767979301971935
75,6.801341856142802,0.05329154406797711,0.032621475465698324,0.4425695628300978
75,7.1214267964057845,0.0463789218826771,0.02474423228579406,0.472922743951116
75,7.131947368052886,0.039093340018416876,0.027268113417143858,0.4920580274016859
75,7.924652081249132,0.0216593232059209,0.02174584181277156,0.4725410292145963
75,8.818466960409555,0.018239848592189477,0.006274690838473818,0.46445028897277096
75,8.917654072876967,0.016456392018140552,0.006304845286910221,0.45999164753764865
75,8.54361839669512,0.016456392018140552,0.009502869117260171,0.4518405983989505
75,8.128721871650919,0.020553148450139468,0.014983050233358108,0.4409859093031283
75,8.086154068236585,0.02339897620785547,0.015164761939909066,0.4218744979322343
75,8.395194886289616,0.02339897620785547,0.009805713366782487,0.4106563854233102
75,8.20507453212497,0.024322348211666168,0.012934858725126952,0.40226307119866933
75,7.676460084104097,0.029142170914556686,0.01870387938502649,0.3847866679730563
75,7.42258768273206,0.032919428752414534,0.02267277419664926,0.36485531242861635
75,7.7400175309518655,0.027582017734488606,0.01802138180201368,0.33944111957975776
75,8.05395217856205,0.024858910703748415,0.010992213281411145,0.328812548824589
75,7.959344528963912,0.024858910703748415,0.011954389678563049,0.31745669301693547
75,7.601214727229926,0.029172786187638123,0.015501364093556402,0.3049037694674629
75,6.912513424822757,0.03655270804269421,0.028207536640828423,0.28645396482982266
75,6.161892796231065,0.05596461462738822,0.042138088091002335,0.24848869618580605
75,6.071140610918704,0.07002688007352884,0.035081913421075084,0.202177788647818
75,5.8379998563602875,0.06820739347673432,0.04669460351819854,0.17832486934365588
75,6.221858260090377,0.036875813317469454,0.03922613550146509,0.10878858161142091
75,6.529766133068567,0.029743026700913288,0.014747687384979613,0.0998725983407257
75,7.028815257473555,0.02151127010120768,0.012906943894124057,0.07929320684146168
75,7.208329454102877,0.02151127010120768,0.007675260359504332,0.07405871055247759
75,6.626209483036858,0.023806769464079648,0.015831035469919152,0.06394268612245302
75,6.180313767725171,0.02615101654420724,0.01804567172163929,0.042396639612639286
75,6.160896622267153,0.022479811505381496,0.014082486537777938,0.02785134267917444
75,6.208890992683533,0.022479811505381496,0.010145699164449296,0.01423166653708341
76,5.696898824052577,0.04738013251454483,0.010871871177168466,0.01156473290553947
76,4.955080326831667,0.04738013251454483,0.03756769647569011,0.02861202066436225
76,4.9204133842905975,0.060494237458311576,0.055704753301322366,0.08670012585691969
76,6.701914297328606,0.033315563651592814,0.028465490943580724,0.14002152726700698
76,7.068853222617108,0.03187173146076315,0.00590317521451976,0.14363110774408114
76,7.076192319195696,0.03187173146076315,0.006035982537731702,0.1518278776960465
76,6.714094473758961,0.03342180951016237,0.035176294980093004,0.15570307281954454
76,6.701685391426642,0.03647796215334452,0.03746526825142095,0.2221804676562325
76,7.056761887889265,0.030496446011006713,0.014700436314221937,0.23063360932238644
76,7.91445663912814,0.022117353626090734,0.01163056629246946,0.2515813402846764
76,7.980225633115158,0.022117353626090734,0.008471627377950042,0.25389474190732536
76,7.239504885510478,0.027380803540140348,0.01933405326926091,0.26852459504057646
76,7.1845548021551355,0.030091896288194107,0.021700835344044905,0.2925628484458472
76,7.656362371363618,0.03042961525561875,0.013704098026594058,0.3119262657286663
76,7.555586525965817,0.029644532201841534,0.0192773558133143,0.3199710444990353
76,8.011966461215604,0.023195587279798934,0.017369359569909093,0.3504809773552949
76,8.230313360815627,0.02256864667348778,0.008505550666656592,0.3547097636388535
76,8.098446876668635,0.01936552116418161,0.010722309007838049,0.36749207868860806
76,7.959552032642082,0.01936552116418161,0.013433239914438427,0.3761543816545296
76,8.012642753701549,0.02375348484273495,0.011421551838560196,0.3943585585174849
76,7.900569557716561,0.025609055568400974,0.014704522914523038,0.39899748533164997
76,6.840830393539857,0.03851737279333326,0.02964453489384794,0.423767604346531
76,6.360833974449742,0.05554112607579046,0.044637165870721834,0.45828655511934585
76,7.071574668835514,0.039765104673343765,0.032607116123975904,0.48695806391202534
76,7.43946774161201,0.03360078375890985,0.01455004711352198,0.47649921263270234
76,7.457301167144179,0.026144286579821464,0.017824845446106796,0.4578579696849814
76,7.740882376240906,0.02491555499300302,0.014651280246571252,0.44084952174048875
76,8.08577120204854,0.02319216291764763,0.009830319671107313,0.4285554091918389
76,7.9080760647727715,0.02319216291764763,0.013835385844397252,0.4211888823982741
76,7.586584070020814,0.02476043121008209,0.01598015813526088,0.40088463750304437
76,7.6799290791210275,0.025782164400050565,0.012103091926824905,0.38922856612775236
76,7.338894153934925,0.0242588837840662,0.016708739405997375,0.37667845364939456
76,7.397034081234803,0.018895162803769038,0.013460489567226286,0.3558110873157576
76,7.485091113074656,0.018895162803769038,0.007941205393298456,0.349757474514942
76,7.319464465533525,0.022826681998081556,0.006100666242492669,0.3399286765291607
76,7.015947116143563,0.024724709597444793,0.07494497480741946,0.33755614202995665
76,5.32343718750265,0.09478897757979829,0.0758710238621369,0.19003872691432178
76,5.346708895081604,0.09140927149288716,0.04260754863069849,0.18581409430568285
76,4.98110135477909,0.05036579834757415,0.05851567148711412,0.1048236296529248
76,6.413643672551289,0.021533095690398008,0.020913188354311107,0.06878275133145462
76,6.876532809080837,0.017728100670565673,0.007475866446601032,0.06299725294430258
76,7.032577975548674,0.01406160686814566,0.007942145256255473,0.053831018438252554
76,7.0977090469344635,0.01406160686814566,0.007132923528650359,0.04711296243179164
76,6.80433858303749,0.01419308740485865,0.009244053935626828,0.039565171380951836
76,6.741677412504151,0.01616873825871783,0.007389700266194066,0.028624854560537982
76,6.49314890316798,0.016852476395282513,0.011185009506116395,0.024785770848563704
77,6.14613200601075,0.026501295948797122,0.01646404825811575,0.04180871871303613
77,6.50616679166316,0.026501295948797122,0.012872649320618778,0.05395690316582975
77,6.784901397589302,0.02786790774149519,0.009938090710343399,0.06755401735427369
77,6.537509958039017,0.0290338823436387,0.023596423970438082,0.07383308458651655
77,7.0140370374644805,0.023572689724459993,0.023038008241575064,0.11474686529514985
77,7.614703601822345,0.020935355535779902,0.0052897253681170875,0.11990910106966668
77,7.397079304334696,0.018768469551092966,0.010267817938776444,0.12532631603138403
77,7.1213013973386525,0.018768469551092966,0.012465329507305889,0.14044473694721957
77,7.051624714313546,0.02269336479060346,0.01133909060561522,0.1502569750459958
77,6.3236594678020275,0.03298611928056682,0.041253204467557425,0.16312291815845
77,6.398626102124137,0.04471381814829149,0.04110318579236337,0.23276338398111066
77,6.896057504936678,0.0381225668304152,0.014782578135089,0.24532928974317675
77,6.995315701036143,0.03132286662717044,0.015631610839078186,0.26232854025128866
77,6.829002740009872,0.03132286662717044,0.019201639588076136,0.2765925114213331
77,6.4335312162583085,0.04097858982961356,0.021559352420660538,0.3007318194274409
77,5.842189530933654,0.05616210729778417,0.07863238678087447,0.3197112162626542
77,6.177697912915034,0.05772186553545601,0.07575890451661196,0.4579965929891899
77,6.627412099289655,0.04713591969010541,0.02068382819256742,0.4712290252958781
77,6.93964189120686,0.03588183005872677,0.02322983479583371,0.4993642493743247
77,7.27906726326095,0.03588183005872677,0.01807858849336194,0.48231130511245446
77,7.345114003473967,0.03639201937574229,0.018550100908443445,0.4644785736389514
77,7.204419434460158,0.03439324989153687,0.02404215300779705,0.44521110329556757
77,7.614265974995218,0.02409178924900641,0.020675470858061373,0.4163942676233573
77,8.5692298850675,0.017690872281692506,0.008306982118435169,0.4038601615794448
77,8.660576371159973,0.016058929004509358,0.007649823380466492,0.39978030338648696
77,8.468152357073034,0.016058929004509358,0.009023161625161591,0.38856051481851184
77,8.349423794787747,0.018789542877448585,0.009557461103222586,0.3817339801361638
77,7.634174183409211,0.025200807110637435,0.021069916802471778,0.36944559261206666
77,7.626422239450239,0.027138518492277507,0.019896007410632244,0.3395941465312202
77,8.296211487620589,0.027138518492277507,0.006791868044008942,0.3296535777908022
77,8.100137814961016,0.02722213906815698,0.015118219603371785,0.32601041044320234
77,7.189540737324513,0.030775062628423843,0.02442766893857956,0.2994171385840586
77,7.565760033507958,0.02835695630475814,0.017328618877799906,0.2771550725660432
77,8.082920834940488,0.027508703034051417,0.008932116142300661,0.2647599008284588
77,7.9027062602035105,0.027508703034051417,0.014006400934423013,0.2592908402814419
77,6.997302858514564,0.03342003275892358,0.025770091357096514,0.23674709895961277
77,7.021322850628108,0.035706760544371496,0.023569602802574197,0.20775065756724886
77,7.228469003490763,0.02670130253688021,0.0186648591647115,0.18960789335446437
77,7.901638548810387,0.017560337005707295,0.012776888234428685,0.17042093923782586
77,8.34465624507628,0.01501360806481975,0.006519309888110614,0.164054116885607
77,8.390538779003741,0.014568441586199498,0.00642183376220179,0.15738231946160464
77,8.109735408482853,0.014568441586199498,0.008480089565307103,0.15121044936120343
77,7.5022408622385734,0.018883765198284698,0.011913935699678635,0.14042214033099043
77,6.786519155515956,0.02783436721612853,0.024336342128883026,0.12738257796184616
77,6.201372207661956,0.04061112134461342,0.025146934028712764,0.09174945607322438
77,6.0583889241110676,0.04647541981213492,0.02231403055994824,0.07708870990442063
78,6.48625840411854,0.03217079086671946,0.01295218766492983,0.08963432323521321
78,6.565962206345111,0.027312148608839258,0.017660872830009798,0.1017809288799137
78,7.026049072073242,0.022077001803205265,0.015878166712249946,0.12495606889523281
78,7.304014513297781,0.022077001803205265,0.010201574307249023,0.1335372623044136
78,7.588127416319447,0.024245655131721996,0.0071612939539140025,0.14535921750973085
78,7.4145945647392955,0.0252459082127263,0.02146212525323339,0.1478598502122416
78,6.368594861233613,0.04300622663284016,0.034785110076984385,0.18828346801619764
78,6.911523753806947,0.040319365055123485,0.023895228395990592,0.21743007036621037
78,7.2601673640874695,0.0330265495674399,0.018803971031299216,0.23607392480817882
78,7.694547139622293,0.02966924558469613,0.013992175912550295,0.2550380124288088
78,7.6610074985795364,0.02966924558469613,0.016392954768444656,0.2640582766332794
78,7.452496820860173,0.030418985377157405,0.020473880147210854,0.2878239219656981
78,7.726863281239586,0.029008089809200877,0.015994843236839917,0.3050060369277011
78,7.864118717556743,0.02854185033095159,0.01459472780939658,0.31981360843937795
78,7.879601108191119,0.02854185033095159,0.014052987573716424,0.3341954925464943
78,7.619312138044547,0.03075313548136812,0.01952112515386789,0.3479195835868108
78,7.399069570016261,0.03657461902924582,0.021851952646281148,0.37323774285423006
78,7.336659959539661,0.0381922708708084,0.023351402565539442,0.3916234888793731
78,7.414747922170568,0.03997408700594639,0.021563323798760997,0.41994054798530894
78,7.381940797276778,0.03997408700594639,0.02323861975657779,0.4347501364768951
78,7.3849822821961695,0.03544739917368234,0.024377077148194676,0.4664177874984645
78,7.605720135491003,0.030787689498834647,0.01921086943354089,0.48350429077328444
78,8.25655636857755,0.02577037993720589,0.013248679958482529,0.4951604736344537
78,8.364362108446734,0.02577037993720589,0.009464979410737595,0.4899983493097505
78,7.73205510987472,0.027340041151916072,0.01992035887790211,0.4762305148129785
78,7.769750056080914,0.030057783834802,0.01883216738428195,0.4501576315539463
78,7.887724609258965,0.030057783834802,0.015278049860587284,0.4385661800444146
78,7.855026971288359,0.031290793631142025,0.015318157709467817,0.4196015318327717
78,7.685860334479532,0.03290077409387655,0.019316285017696555,0.407929864625479
78,7.26784309649298,0.034737297041097404,0.026503609043293352,0.3809689617973786
78,7.960937172010911,0.02647042734882308,0.016766922656468786,0.3549226465388923
78,8.183336718450892,0.02347541532704258,0.01123326825604165,0.34743511648444103
78,8.243736424267116,0.020182831514393307,0.01188960714977394,0.33245611002680897
78,8.287029853880345,0.020182831514393307,0.011309237026506047,0.32365590218489315
78,8.236184715798045,0.020800570310131293,0.01162486243270372,0.3098376359737969
78,8.171922846122843,0.0197456896134091,0.01217065040159182,0.3004061773194857
78,8.133852015315773,0.016081390735981405,0.012180946587371067,0.28549633517061324
78,8.809282933578807,0.016081390735981405,0.005932843537419907,0.2760442841447436
78,8.79134496101423,0.01704684515556947,0.005193010800635889,0.2736306480957734
78,7.70495714922548,0.02066315545141968,0.019171884126335637,0.2656582625434718
78,6.749226474974867,0.03554463052859973,0.02420626238058743,0.23528687984310215
78,6.361379497613753,0.04797090464466032,0.03812927089310181,0.21724573778229694
78,6.05356541946417,0.06191769030371184,0.03422545485179829,0.15902833805689853
78,5.980274951831579,0.06191769030371184,0.036293930425502885,0.14879482807870037
78,5.402772705892753,0.06140010108441829,0.04102881459977753,0.08644047720589276
78,5.333610502840701,0.06140010108441829,0.03295726908281893,0.06673719887914531
79,5.140162462437632,0.03877734597069835,0.0280756961768409,0.017905387439996583
79,5.897199588307184,0.03877734597069835,0.026911685893786095,0.06230312877974803
79,6.301224995079213,0.04254759814982665,0.010804418466244872,0.07172875922756877
79,5.84421219116016,0.04806851168337237,0.03748345696297968,0.08391196571223777
79,5.932360404202191,0.05683822582313367,0.042615746086141784,0.14669567315352813
79,6.4262550209759635,0.05180719454690776,0.024345816771244658,0.16914345788452134
79,6.6068186619489335,0.04130965502230933,0.026426652371971462,0.19538730669601745
79,6.915875557314971,0.03803013221232672,0.023613897928798047,0.22199676262846427
79,7.414676619931379,0.0354107209087434,0.015583042517535742,0.24261510255361354
79,7.366328426094434,0.03501188248291289,0.019142567749936903,0.25316284766353575
79,7.138996998630688,0.032731454966209834,0.0249134215206267,0.28090023805348735
79,7.927808609641547,0.027548689886862755,0.014021979224207087,0.30298969070478915
79,8.002887769807643,0.025166887568017805,0.012705942595102993,0.3089441965019015
79,7.770288728561253,0.02279862405472003,0.017018562984397467,0.32840157589499513
79,8.44033370949908,0.021515019877678544,0.009442044419790158,0.34298132247069646
79,8.418803754649346,0.021515019877678544,0.010540136849658793,0.34728566473457545
79,7.923745241517679,0.023891782915153183,0.014634634308410444,0.36406159617001405
79,7.781682873454086,0.02787817224411262,0.01672467599230426,0.37655493335139634
79,7.465693217786503,0.03111231544635411,0.021549314869216907,0.39751094815462257
79,7.873635524920808,0.029874738030051407,0.01439415604434055,0.41965356308983015
79,7.815577254798945,0.02849977809350459,0.01696721842960039,0.42629926024330367
79,7.709749754017492,0.022191537012114106,0.01845330715523391,0.45358799994903093
79,8.261956240414827,0.022191537012114106,0.007790393751722996,0.4632058745537715
79,8.194612771933324,0.024576702171596278,0.007458985891357683,0.4691687874524769
79,7.347655642972072,0.03174074927880423,0.03426637965250784,0.47812384633648686
79,6.701815496774206,0.043809063006143824,0.04000510095981907,0.4622984532425074
79,7.575684549548065,0.036084559537377284,0.014398375817876508,0.441865951743875
79,7.736666482009991,0.036084559537377284,0.010636550335839934,0.4335017016067544
79,7.189529763142694,0.041117962502539164,0.020989246661347383,0.42059285107219513
79,6.272367991543122,0.052745819617793364,0.050316308174004454,0.3915232082840596
79,6.758527332951638,0.03668621458632497,0.041156546044787745,0.3199602347241862
79,7.111446128861694,0.0280861197625633,0.01680750061639319,0.30921011619448413
79,7.880317989306869,0.018940166681329584,0.013992583471346576,0.28634523349139984
79,8.372005789090723,0.018940166681329584,0.005096021213007174,0.281224949251791
79,8.083077096531493,0.019595482621584014,0.00889416928277259,0.2761531910653855
79,7.2364751293723115,0.024682114773239894,0.018470053493630956,0.2634366106862458
79,6.412227783579606,0.04011240665786022,0.03723895585754777,0.23921308407812358
79,6.195057847079308,0.05476834291944217,0.03747596013937804,0.18895869897115025
79,6.487183672285499,0.05325032973471133,0.0223983332967983,0.1642611637993675
79,6.295434146187109,0.04957246834556985,0.027458840418989938,0.14416203237755365
79,5.848277232677556,0.04426626468170998,0.035743124770705126,0.10934348296138763
79,6.695359336502488,0.022083992670585695,0.020921597669348257,0.0726757828361434
79,6.986663112748104,0.020013794585204782,0.008208248782609506,0.06750028762269111
79,7.012250228168308,0.019496738710888882,0.008602758716335424,0.056259285270924386
79,6.9938404191367285,0.019496738710888882,0.0066813801188354005,0.050294770190020266
79,6.218288118875401,0.022456036773595554,0.022267201618989818,0.042896525033253585
80,5.580601453445431,0.04470073545127866,0.04519088271717114,0.07945235372356463
80,6.663312546227207,0.032515059892927876,0.012188138286613928,0.09579221207824902
80,6.855354671609598,0.029300492605510486,0.010824080415590485,0.10382863029679248
80,6.433031394669939,0.029300492605510486,0.02319066974486496,0.11744037290942999
80,6.976221348681285,0.02401108237901472,0.020242471760388098,0.1502099697865224
80,7.639693765434538,0.023964749685009064,0.006689428156836208,0.1579253164302062
80,7.676099216113622,0.023964749685009064,0.006047462963605643,0.16358882610019482
80,7.020611538120162,0.026537316187898126,0.02410075649669839,0.17002024235741747
80,5.820003880361095,0.05208845166715455,0.04839767668596065,0.2117903390935916
80,6.636162110104407,0.056255708792587455,0.03251156735651538,0.2668155957293388
80,6.877030319901461,0.05394275485349045,0.01576667096554593,0.27681347380662236
80,6.334314813471346,0.052922654140542334,0.0389644179348049,0.29834893766043064
80,6.577474312320094,0.048278370629248134,0.036846498949955786,0.35474230967623216
80,7.292546059963366,0.041995671346162874,0.012532361493148458,0.3720419355603422
80,7.124772287398968,0.03911317352795084,0.023702835253156168,0.3798070326625291
80,6.747278632706081,0.03911317352795084,0.028024934118053346,0.41944760606665454
80,7.06589866109438,0.04567689146074333,0.013702516253456393,0.43585690089863577
80,6.629322383557577,0.05377134104707555,0.04979768190210079,0.44685263857356733
80,7.230604145767883,0.02407728752915721,0.047876504879608955,0.46454773529716265
80,8.378336058323102,0.018354580625198902,0.005216030101666658,0.45739435166721476
80,8.550850812988523,0.01704310999584473,0.004616098863281681,0.45411567509382933
80,8.03456843442153,0.01704310999584473,0.010645450685331903,0.4481621539406514
80,7.460047462490415,0.022386230290187582,0.019153434762742616,0.4328247737231655
80,8.16163108862827,0.022174760300036844,0.013881901305369815,0.40985528441516617
80,8.405224704598707,0.022174760300036844,0.0073543736991112385,0.4050609711124259
80,7.99859834328055,0.02241407692105375,0.012650034331498305,0.3951465370169437
80,7.626057649669628,0.02269993897764764,0.017191665918913912,0.3797609024494293
80,7.8582479405907115,0.028954167901287,0.011860956210838436,0.36076320517911586
80,7.705209057239898,0.03084385396183238,0.021183914656810132,0.3560389900277524
80,7.044953742391167,0.03365243518655503,0.02836137380148257,0.3183953758654956
80,7.642003875378177,0.032483538625905764,0.014785818804707973,0.29931624242478727
80,7.859271308016148,0.029200254267378,0.010260413983032735,0.28882373825607965
80,7.430621457982486,0.029200254267378,0.022554987891187317,0.2787954144587218
80,7.815913891343004,0.02150248583063181,0.02038525309083805,0.24371376247370502
80,8.494918558192726,0.019226944151968083,0.005059699923959993,0.2380249082770457
80,8.344900019707168,0.017630594988493953,0.008132628300196065,0.23359436262578503
80,7.819665420580149,0.017630594988493953,0.012274506239295768,0.22175965167665357
80,7.631475674659864,0.02271631560027798,0.012692297533217323,0.2090453501471935
80,7.171892393224325,0.029292050553350026,0.021103250008961294,0.19637505661021892
80,6.648316236572902,0.033341368375546375,0.026457865593436658,0.1668388501292709
80,7.253341397162924,0.027078666074660605,0.015011291755724743,0.1434593254233456
80,7.417857425854335,0.027078666074660605,0.009091251227780595,0.13681626661782142
80,6.896447240942473,0.03169444353467541,0.01381472720694743,0.12527682296778442
80,6.003558663243909,0.04059280851070672,0.041705018497437685,0.10918681220392656
80,5.235908512368547,0.047832608042922664,0.04204454022749021,0.04186678597290905
80,5.612303775982598,0.047832608042922664,0.014898568395924239,0.02509773174894614
81,5.717510561488337,0.04018666252964714,0.023232162466829513,0.06791080442950795
81,6.2454050409398905,0.04018666252964713,0.019412945455976466,0.09546384448485123
81,6.578347083972778,0.04033058562701995,0.010089626158886242,0.10673669534146088
81,6.113178981451679,0.04389314621148509,0.042455304557552836,0.11564309680262372
81,6.435365424650962,0.041617053267525864,0.04213732459288441,0.19164730445656655
81,6.908306662796614,0.03559329131833725,0.010911024294686392,0.19991774598839254
81,7.126179009415291,0.030172648495318533,0.009554023996011116,0.21346935304593934
81,6.863077982075106,0.030172648495318533,0.02639401522463336,0.21902579398041477
81,6.520115192070886,0.049065284301235045,0.025794337255727745,0.26625738349520606
81,6.483972903908027,0.05145844564409467,0.03893085787980463,0.27061446849187026
81,6.571889853878524,0.0552516117197653,0.04257362941729187,0.3441190992548153
81,6.824314439029413,0.05275264148790969,0.022552423291047813,0.355761727326454
81,6.902905947072103,0.039840430958763405,0.028250804675449603,0.38922394583691095
81,7.321444502452136,0.033043393786321464,0.02177363708075647,0.4122633366773532
81,7.945734223576606,0.023399796500069892,0.015504516929433498,0.4327712199984239
81,8.342171518580624,0.019199336284951362,0.010830289971786727,0.4432723705362202
81,8.733839594308906,0.015932228034190345,0.008741581893858125,0.45443179994199734
81,8.868309521991751,0.015932228034190345,0.00734223721441149,0.46075553432393646
81,8.600365871670693,0.01701967883562211,0.009754593814449958,0.4691162743708203
81,8.258464920398417,0.020562298103836828,0.01253041414289377,0.48026472195283637
81,7.896642251934305,0.026127250385345423,0.01620427629682883,0.49417710265660786
81,7.503240599908578,0.034273729184924065,0.021742676466365685,0.48732672545350597
81,7.230106983445911,0.03620801888018552,0.027181635101911628,0.4623375444106608
81,7.854923343118614,0.0233101730759816,0.019537733614531982,0.4329634552496827
81,8.614507437739274,0.018501558449675916,0.007370957437165482,0.4232620771815968
81,8.589699590459588,0.016485343727177894,0.009096443313927227,0.41822154037535175
81,8.45641453779485,0.016485343727177894,0.010048651853120871,0.40506919055374235
81,8.514029533187633,0.01680069446724928,0.008121131802926451,0.39812423666911
81,8.072830048733955,0.020519618355737502,0.011263032255832472,0.38882692694788945
81,7.253597092263361,0.03110262218809301,0.03099173769744673,0.37559817215744506
81,6.7725379212734875,0.0485125491612324,0.03330082185153593,0.326843451552996
81,6.864186128427834,0.043962771106007194,0.027041237884198766,0.3089965284543732
81,7.532979229413184,0.03190936681155272,0.021024113920588172,0.27276097578459846
81,7.746118951840834,0.031176051060695452,0.01042297777380774,0.26694830061319685
81,7.308653866926528,0.031176051060695452,0.01837874986458632,0.251915020236983
81,7.129914701227346,0.031897593800526966,0.020597645904649464,0.23019080088402422
81,7.113595240330928,0.03115771208150635,0.019482501281794518,0.21071972842768405
81,7.138998539945927,0.0254159387588734,0.017701672120663647,0.19122579832043518
81,7.617356000427571,0.0254159387588734,0.010365495843033812,0.17531638418635676
81,7.604534889278801,0.027344569779669082,0.008035470584652316,0.17049480663436756
81,6.565537986964152,0.03540547865572221,0.03875090569764572,0.15924544301705212
81,6.107384458744516,0.038837723354818346,0.03882991784737738,0.09299299523907611
81,6.739497797126209,0.032964063870396854,0.010327267894400582,0.08158560732229736
81,6.77052857540022,0.02926520472158789,0.009739836527644263,0.07233845945027495
81,6.202746291923638,0.02926520472158789,0.02216632426483367,0.06210593426700883
81,5.385164439027014,0.0355089793805762,0.02581332052545815,0.02800581092060761
82,7.089263654785673,0.014627928709993843,0.005297374583146011,0.034627104160239425
82,7.0753741078654,0.013295725540026563,0.007808617629275195,0.037957612085157626
82,7.161878545897139,0.013295725540026563,0.008353034149159597,0.050244339418789814
82,7.329240492240693,0.015057128741200982,0.005636923821669509,0.05466368038347682
82,6.744041727061006,0.017798931412661784,0.013634575770554647,0.06151818706212883
82,5.867876295187753,0.031523328395262167,0.027341889044988382,0.08193283192458611
82,5.3545894490838055,0.05554605536260897,0.04777529411056175,0.1162019651521056
82,5.825189533822483,0.07531911928866455,0.033815698946999484,0.17748342014570961
82,5.791720853433123,0.07531911928866457,0.0517685003797462,0.18383336304610456
82,6.361974527257391,0.05473834764410661,0.05176333333415649,0.281020420905202
82,6.553409499405776,0.0522025041204204,0.01886399692882479,0.28736002971441754
82,6.444549530821845,0.0443989970849219,0.027691775913222527,0.3187484147628516
82,6.918470534906021,0.0443989970849219,0.016492961600630157,0.3427435815408626
82,6.717246744573829,0.047995299654221626,0.03595117488062177,0.3517343379641119
82,6.1731965921078835,0.055941778360267355,0.05039589079131446,0.41464593130210614
82,7.299537436564303,0.0318381749834837,0.02457198770649785,0.4525261195467408
82,7.943230573941451,0.026820232272256262,0.009995298399916974,0.46378990671510184
82,7.859003007090954,0.023329508419667088,0.014532806005052495,0.47251671634657477
82,7.948138130632673,0.022422037469587673,0.014868153363144454,0.49285551872520683
82,8.287228317354742,0.022422037469587673,0.008758112091737769,0.4977469769271363
82,8.017322180734368,0.02566952540391515,0.013197270040206044,0.48962825709131763
82,7.276687505940446,0.030798500451885147,0.02549881195993764,0.47135243684672423
82,7.56417279835143,0.034643741064182866,0.020404146915534715,0.43863063317144235
82,7.74891436720115,0.036757885222054434,0.011148221907137823,0.4305441430156548
82,7.106221828351335,0.03889104999622104,0.030800287194632125,0.4163341893571667
82,7.334373835645437,0.038556032448011604,0.027769992144003885,0.36894356862639055
82,7.583166608409691,0.03573996259760912,0.013570089233307991,0.36079420506915894
82,7.325337396666704,0.03302453611170948,0.020175030769469193,0.34180339015977457
82,7.401878217844407,0.03159183561573649,0.018339386892549547,0.32044414353022055
82,7.3136559354079775,0.0315761163017273,0.019797210069169957,0.3051246163746755
82,7.8091091976166815,0.02632346799428582,0.013008197730379978,0.28084972339188063
82,7.786041422756723,0.02632346799428582,0.015658049570821342,0.2791082209139155
82,7.669769641079089,0.026938508390564907,0.016474461376360716,0.24953362425023795
82,7.793963109595557,0.028288238826182456,0.007418263967011451,0.24615929816119408
82,6.884310224846454,0.03355991214459593,0.03119964055779534,0.23469709631621505
82,6.423045444373427,0.04735363685382019,0.03538582872351709,0.1837600170456034
82,6.771868080162557,0.04167144182295011,0.01980695191598847,0.16392543886918087
82,6.725942823040372,0.033759711560728344,0.022074381849038316,0.14414611321362647
82,7.005454440122741,0.0313823587391465,0.01727215269240223,0.11977667517110424
82,7.097582471429319,0.0313823587391465,0.013061073423130731,0.109601807828822
82,6.6203422401721985,0.0314136226198767,0.02096085521215385,0.09365452832484278
82,6.4523987429252045,0.025004998856775162,0.021003759700268354,0.0676800974045143
82,7.212654873979117,0.015482028097791378,0.010521152753974583,0.05164700892430607
82,7.638947250051301,0.013478341286695006,0.004671080931424987,0.04663779189656514
82,7.333699568004399,0.013478341286695006,0.0077788067621912815,0.0423048470614561
82,6.751339541042519,0.016864260630374585,0.008558340351592142,0.031080178372182576
83,5.871254221558804,0.036501226845393205,0.022851491861592712,0.07972712859488941
83,6.666268894627139,0.025215900049204952,0.016841975781986894,0.10455459148614152
83,7.141029145949182,0.02167330458011628,0.00800676794989659,0.1134110801588632
83,6.85847213701239,0.02167330458011628,0.014297124292393867,0.1205681273859347
83,6.746149431041165,0.030248185123202775,0.011458869812477596,0.14200532874365093
83,6.675041908908467,0.03143261573699394,0.040425873766621837,0.1434858670108899
83,6.623420239924532,0.03875698428415205,0.0439435419761252,0.2228570762768946
83,7.094558757930987,0.03194428453515551,0.012405050303195206,0.23137295096314028
83,7.312243821156558,0.025426594167097617,0.014056747020926172,0.24766717688328502
83,7.458194652806026,0.025426594167097617,0.012503893906033278,0.2594864450049926
83,7.18738854352954,0.02759895870253535,0.01869116012673558,0.2726749646953516
83,7.21656616691587,0.02918298663028677,0.017151335857463867,0.2968687652584638
83,7.253060901053626,0.03322653509101298,0.012514176403928101,0.3069776364102793
83,6.478808256119081,0.045162120415845525,0.049328534015203235,0.32189711806632
83,5.88414745952044,0.07387601024047098,0.06284716124222223,0.4056347044406858
83,6.763041163463967,0.047903294409736376,0.030484829999503277,0.44759144055076444
83,7.1464134372564105,0.040298124854165215,0.02105113228920938,0.46660436443969233
83,7.3757647029941555,0.035736122795895234,0.020026580126286553,0.4896937051291832
83,7.520890019420171,0.035736122795895234,0.017638099375668403,0.49334247530773456
83,7.382172659586159,0.035047839609001555,0.022142585417032623,0.47503009611948
83,7.513685910197074,0.028953692624581917,0.02105138782391225,0.4490573044736693
83,7.930295715532555,0.02436221009021633,0.013801130582985266,0.4329273204716555
83,8.498534808002074,0.023991570201184653,0.007324135736517745,0.4214550433076988
83,8.35362256918008,0.023991570201184653,0.012992732500147208,0.41827904899862
83,7.326197525647734,0.02949238800647349,0.024272929528772025,0.39546957830740437
83,7.768842846661347,0.027560948777350602,0.01773643690513893,0.36973318994107596
83,8.063613309078146,0.023666354599770824,0.010963555368018463,0.3599967044971265
83,7.9441229619467775,0.0225677483900812,0.013122341265452753,0.34780607920503903
83,7.97698842828744,0.02187564326467244,0.011248240314773172,0.333752021966221
83,7.751193171185292,0.02187564326467244,0.014058205407549595,0.3253095985754927
83,7.455490452828938,0.02974523823442079,0.012039109478541421,0.3056356111511218
83,7.220948841278776,0.03326862346059036,0.038281161071300585,0.30123137961840984
83,6.77379753736998,0.03467418677758427,0.0404690758353749,0.22907328900852064
83,7.099653277084642,0.027650137928895792,0.015230409319386129,0.22029322794766004
83,7.691050648181704,0.018977834897731128,0.014088036140140314,0.19861247036974838
83,8.135325312748495,0.01876952560492502,0.006827174593404761,0.1921171556673794
83,8.034612857396587,0.01876952560492502,0.008051309840212129,0.18495812118293886
83,7.546521404886038,0.020355149386838377,0.014377776196335068,0.17601453598695516
83,7.0381704931756754,0.02827993626551295,0.017159820239152135,0.15620256879026873
83,6.679751089350139,0.035978329404163414,0.025943260354748143,0.1416948955086509
83,6.529640492352182,0.03383626935799289,0.02585716595591553,0.10431604808077244
83,7.06829375443451,0.026803037147857568,0.011371928454255498,0.08998056359681983
83,6.953508537945051,0.023439688178034213,0.014266770930635941,0.08157219117226144
83,6.784025665520098,0.02338707761810288,0.014555137357943448,0.061447021735547946
83,6.969870209112893,0.02338707761810288,0.008342798983893895,0.05246191645637455
83,6.482146619730166,0.026375731481288734,0.016810434133197216,0.044761423767760156
84,7.216825172393983,0.01672908097679502,0.007122845404392404,0.037394908230114286
84,7.398968270284158,0.01672908097679502,0.005528602856165955,0.04043718876237414
84,7.031681470011002,0.016779037761921974,0.008952659800242124,0.048452113942446196
84,6.6666830434185425,0.020305552559782468,0.016336023753968427,0.05834250836285839
84,7.013773091521197,0.02020220681980928,0.015001397778873566,0.08112416145038305
84,7.662714691060758,0.020202206819809283,0.005522999434251462,0.08834530392060552
84,7.463007876618396,0.021445535763550294,0.01003452484731851,0.09217016031888597
84,6.5065948403712195,0.02794321308209292,0.021142489149291968,0.10841435361524254
84,6.043491457650562,0.040721072900936496,0.03093978717107365,0.1344551386174699
84,5.681412730879723,0.06143257765785356,0.04260546113591615,0.17029392795738985
84,5.2771882346996986,0.08758857592108178,0.07163811930875622,0.2196660608893022
84,6.365817891483616,0.05877812780989959,0.04910200572100225,0.3135701665749023
84,6.439762300569509,0.056396127144795506,0.027492242984871906,0.3178700723313067
84,7.047824233869329,0.036122295059459755,0.03023025510078653,0.3685546525446461
84,7.602084558038289,0.03338442367492557,0.010478619855014165,0.37833058253287977
84,7.452931855684045,0.029332333604716467,0.01721665471385994,0.3895118922546744
84,7.397926597472219,0.028212271718527627,0.019944874656755956,0.41276389196059965
84,7.76732905922768,0.028212271718527627,0.014064684933198485,0.42940164156818633
84,7.898788681652117,0.03002654071089379,0.010985590188711342,0.4408932618269966
84,7.458853044090983,0.031861988838987144,0.02432539186916355,0.451372821945609
84,7.300667440591923,0.03596316891500517,0.025039525047088285,0.4895440455653237
84,7.461345272883394,0.03332489204429769,0.018385693194348518,0.4985481279602144
84,7.790949376932708,0.029078321077165903,0.016203398939681646,0.47368456804597925
84,7.915784672139306,0.029078321077165903,0.011251832972508202,0.4661413300808511
84,7.320348909518624,0.030316295546249726,0.02308325860381233,0.45118090210096284
84,7.5200334798375525,0.034416855197240824,0.017772034359678,0.41997481287322647
84,7.487765909721582,0.03615204699388867,0.018331967443235342,0.41563683338160684
84,6.443654199166992,0.049207167046228295,0.040279234814446285,0.3833108779867558
84,6.75797935787827,0.05214232722828303,0.03047170330078558,0.33507836375271427
84,6.822129506082638,0.047057970281271164,0.024337930382149597,0.3223674713851846
84,6.51533230930243,0.03395948864719691,0.03023748231638662,0.2864025029884151
84,7.215599953447839,0.03395948864719691,0.014615325505471344,0.2618925067524114
84,7.73626972503327,0.035252246486237614,0.003452985295982869,0.2571718519774724
84,7.367540776165367,0.03612637281304831,0.03746449571028371,0.25498653616044564
84,6.356020936710751,0.048770244952740606,0.04292660317625341,0.18224286055690497
84,6.765643386548312,0.0406732014998719,0.016494576194981014,0.16913332980793883
84,6.740523787360576,0.03272135284347355,0.020038190996500116,0.14925370816694294
84,6.798440171374223,0.030103814000957074,0.019416900444652885,0.1290569478149386
84,7.022424987462026,0.024778604626859678,0.015755334296547685,0.11041990727763717
84,7.329984771546039,0.024454745461393125,0.01073058899604129,0.09754627922184322
84,7.296048674886245,0.024454745461393125,0.009606873802010363,0.0889587292855546
84,6.674902701240703,0.0269941499865336,0.020750291590739156,0.0783325316178225
84,6.317349268881103,0.02444921035466132,0.021084521743677143,0.04745814610407628
84,7.008559588988877,0.01873023609384088,0.0078039783881480584,0.03616348813046821
84,6.959043677654001,0.01700491657276566,0.008290174232434666,0.031850189327780165
84,6.373790748575606,0.01700491657276566,0.010493044147441344,0.01958313966559888
85,5.50905039453483,0.03815911682409808,0.02738213413533515,0.02263868765565931
85,6.465728244446389,0.02516179114853854,0.027727451612474294,0.07154669208715467
85,7.4631916210213225,0.019924272113775957,0.004514860268858445,0.0780935908806079
85,7.355986840784272,0.01893114341607049,0.010133401611740103,0.08057641262487156
85,7.0344757563167475,0.01893114341607049,0.014535313886308014,0.0983603941040881
85,7.604075424564938,0.018097443356240073,0.009252292033661395,0.10964704039748759
85,7.726534485558181,0.016448465585229787,0.009039416066124038,0.1168649781714109
85,7.810300718940432,0.016448465585229787,0.00880761751754508,0.12772587252973566
85,7.778653870271216,0.017566849672879463,0.008591391166581572,0.13448021320650105
85,7.257513752969929,0.02173822633543856,0.014101529093565268,0.1449086548628988
85,6.5736850434454315,0.03278584747221751,0.027475243543920197,0.1626832713936316
85,6.777544467258744,0.022031710106450546,0.024481148091761232,0.1998591419507392
85,8.071013021741749,0.017317139855884605,0.0069387129420619975,0.21164556757715405
85,8.359163958774525,0.017317139855884605,0.002795101412887871,0.2137365678348632
85,7.748087142832993,0.018716820883111246,0.008032387064145843,0.2172357704029298
85,6.40140846357726,0.028769278131291313,0.04471692490717688,0.22980134196315488
85,5.8831193977174365,0.070161461307289,0.04537323366732199,0.30666962021728356
85,5.891113636930716,0.07571273693949512,0.03884696850251346,0.32054780929779886
85,4.990708093181839,0.11915736871894884,0.09820145225559049,0.38436355722231047
85,5.450617317427023,0.09333436958975502,0.08519841258163549,0.48304928619102017
85,6.09389359822551,0.06308663472847373,0.03597429223642479,0.44523961761441855
85,6.347571106918472,0.04924852977158314,0.03571204943406264,0.4111007017181706
85,7.313756915170097,0.02741677151149389,0.023586602744519236,0.37381551874629326
85,7.906145688442544,0.021119390835449604,0.009662135023991048,0.3639274962291321
85,7.920458355043175,0.01734489182312122,0.011931342995927019,0.35449124869831117
85,8.527429565129314,0.013881991695119856,0.008755701731725796,0.3400648102372781
85,8.660399397814295,0.013881991695119856,0.0057998305756426505,0.3369798452348596
85,8.366655425959005,0.015979083299419484,0.00667562143329492,0.3284651490859928
85,7.98243875010472,0.017913701986508702,0.014459206433451943,0.32362860236826974
85,6.6973837066933175,0.03412106157445598,0.03186785598570807,0.2995467362190889
85,6.558379617677548,0.037431917481431265,0.031174056752072965,0.2598928903968536
85,6.946882519054524,0.028354210408667015,0.018728315955845398,0.23719862271494296
85,7.795981079212291,0.028354210408667015,0.008650469677378536,0.2224362584851628
85,7.8724389566628705,0.029179517455518257,0.00495150152148055,0.2198976833601859
85,6.82636320962664,0.03212528862271193,0.0393492189216027,0.2125332554422017
85,6.042218776397096,0.03649239006948242,0.04498793729080974,0.1411992455169805
85,7.041878858736138,0.021578898344363794,0.013121171568709566,0.12255738086058221
85,7.673311859133006,0.018538706951955454,0.005453852044426222,0.11495690237956135
85,7.4503242985074625,0.018538706951955454,0.012985181438469717,0.11164967677172977
85,7.400392581846392,0.017206163649845663,0.013132949524367332,0.08898653950262192
85,7.610387318830464,0.015978645708034755,0.0064354485650272575,0.0853837777229951
85,7.32820569650746,0.015978645708034755,0.008660448706936441,0.0761156423725674
85,7.2611181114786705,0.01856772312962134,0.007083699798542009,0.06806288030912222
85,6.700402640520677,0.02101357814307687,0.020213329721825046,0.061948242775483386
85,5.938295104162771,0.026363976182253633,0.02038143988783858,0.027636220865472128
85,5.9759127713817115,0.026363976182253633,0.011497060413234395,0.021185362999806223
86,5.38778746432329,0.05040957785632485,0.03114056977786791,0.04679222028190274
86,5.740621963277176,0.05040957785632485,0.03095422928581904,0.07410353391075303
86,6.286480379595755,0.044071278065318034,0.026877378621748674,0.10870067885354082
86,6.601792493695189,0.03846297198244207,0.022618544997005025,0.12785829115425038
86,7.078248691668454,0.029955029915273997,0.020149236108367566,0.15393776884755087
86,7.563066611673578,0.025028934465456593,0.013472531382333675,0.1681567633709855
86,7.874983222170921,0.021399663060369285,0.011537765038761402,0.18088283161221821
86,7.993061909593045,0.02005796166676328,0.011049769513562485,0.1912322934485083
86,7.963864555253871,0.01971796148749693,0.0122643607981206,0.20298237063934318
86,8.248730622333158,0.01971796148749693,0.009417970221046276,0.2157610150447495
86,8.18131139796453,0.021110997058352433,0.010173480983309807,0.22181831108143574
86,7.5438544457233725,0.025101455562135062,0.017893032625061284,0.23610797701136912
86,7.370728278830403,0.032826187480646266,0.018124322110953592,0.2576043763315583
86,7.147017843602029,0.03651497782796906,0.025126433322196384,0.2723566212332763
86,7.260241687848653,0.04098825405848246,0.022767534060852385,0.3078572429759511
86,7.320782955726176,0.04158350780626942,0.018702034780866406,0.3178916893549811
86,6.794041043349104,0.0468964895388855,0.03234554416224336,0.3452613125376839
86,6.973545795657216,0.04358114236948348,0.029741299251900194,0.3825827776794678
86,7.388411106999966,0.03444589532745793,0.020349550628433882,0.40474391104148427
86,7.743630740940999,0.027030708169517415,0.016066771730741086,0.42328187893633556
86,8.074292951553499,0.027030708169517415,0.011365117003191427,0.43687745450296644
86,7.954718896609402,0.028426187639039046,0.0129975432781117,0.4460121129427184
86,7.299980580326372,0.0323646138521045,0.026068707865677415,0.46287254105918985
86,7.644588452345886,0.026461109476476084,0.022049952425044983,0.49814952867407325
86,8.033091876918691,0.02284128139132411,0.010791634975332753,0.4930275540907202
86,8.290314313291905,0.01773714030514053,0.009902813309422664,0.48026720137526124
86,8.37711430592712,0.01773714030514053,0.008205279388453779,0.47322192747187486
86,7.970439423640438,0.02107507391882264,0.011920486137948938,0.4638566425983537
86,7.354661153195648,0.023733814314263645,0.01797646352447063,0.449380955195977
86,7.106657083799206,0.03232471017288947,0.013994463033597415,0.4279037155494124
86,6.77404233554489,0.037534059309393686,0.05904604672293662,0.42139202912878215
86,5.774037370622366,0.08209635664319648,0.06876838861563017,0.3098116221035392
86,6.258578484484053,0.06443748907677346,0.026015567942185402,0.2838552518975218
86,6.068429172980458,0.054007582805432094,0.041049200449503,0.2577804862191684
86,7.099258992881081,0.03209873097390503,0.03041398155547853,0.2017568509985158
86,7.38545810892367,0.028255268661661437,0.009528389456087027,0.19695252310821132
86,7.161919617879054,0.022554288252913612,0.016044897487608956,0.18270007208634176
86,7.4910459406665035,0.020567821542081345,0.014045575310591363,0.1648627281329934
86,8.053981649673684,0.017900291597550154,0.00784818640132251,0.15460892146515903
86,8.03671172346702,0.017655701507691756,0.008353991321763343,0.1491663553303484
86,7.606327923827273,0.017655701507691756,0.01178169289279285,0.13790093882163235
86,7.532084383486717,0.020726470928575026,0.010522674898992668,0.1256029695447627
86,7.210849737724527,0.023709677289808728,0.015008833569453872,0.11685558902364701
86,6.600928193691993,0.032217791936925554,0.017587301602724592,0.09558530240585494
86,6.174554346679292,0.03789732017719043,0.027085030475251792,0.08168098581819783
86,5.303663221717501,0.04735392260856699,0.032871981534342176,0.04141524145535136
87,5.879438245887568,0.027063837439932237,0.017971092847975698,0.025570966468815914
87,6.417680348242403,0.024980602478572634,0.01711263169826218,0.048984945680986935
87,7.074868501232379,0.024980602478572634,0.008083396213099246,0.05979622986534028
87,6.920001136621986,0.027122805775310694,0.013878743344917788,0.06515173810718543
87,6.150054802332348,0.03613865118710324,0.028528361646942287,0.08755371655517585
87,6.357948937247189,0.040638850102251586,0.02865513753880357,0.12220846140107
87,7.040858912746257,0.03818907572547883,0.01642406720184393,0.144863991632783
87,7.0883585185962605,0.037630461179842985,0.016661793752182685,0.15505659580475786
87,6.654907084126059,0.037630461179842985,0.02863538873487946,0.17818757913714836
87,7.339338119393277,0.034823282975584416,0.020789411594506133,0.21232737327451678
87,7.510064261498457,0.03184767135492688,0.01428503999203573,0.21976640232616063
87,7.3208706523101625,0.0278709461935141,0.020208017154369567,0.24089745325858825
87,7.858649104629806,0.027824131078300375,0.013771184180191964,0.26018243663489976
87,7.95824437603496,0.027824131078300375,0.011770632469032233,0.2684398216189722
87,7.536788756312756,0.02842884002207109,0.019681801400120963,0.2837237015729642
87,7.648417801517174,0.029690084413508434,0.018206542028836536,0.3078034244192141
87,7.736688733440998,0.02707369362453287,0.01700563445498815,0.3201367856306373
87,8.338403369888098,0.021959299386851393,0.013164552544113833,0.3418146933291904
87,8.50323688356437,0.021936354921495316,0.008468551184117101,0.34646589071886497
87,8.103331110304728,0.021105387531061302,0.013933911589072118,0.3587517956974246
87,8.196254915430044,0.021105387531061302,0.013130919497155419,0.3743337138970092
87,8.434881290291997,0.02067568235174235,0.009439127457516322,0.38501363469173544
87,8.212861296576927,0.02067568235174235,0.013323421687008563,0.39321196881204185
87,8.209779534836407,0.023112181063982017,0.011696570177522375,0.41166047806575257
87,8.115907539446557,0.02509003350451563,0.014097078711052424,0.4166051091670866
87,7.281117270693814,0.03321048434982191,0.024562157359138054,0.4398546354878574
87,7.4396670352689345,0.025316327937566885,0.021045641466456516,0.4657294238853627
87,8.231797744949313,0.018829730123403787,0.010908117188222766,0.48194591842077045
87,8.638003889998888,0.01799211107032721,0.005401313789592799,0.48754565826180823
87,8.401630389930055,0.01799211107032721,0.006919382943718494,0.49274854599995604
87,7.535376952360377,0.02144646233004288,0.019150019885210062,0.4986155758507548
87,6.089842255817543,0.04517779162694764,0.06536502003980454,0.46895141422962383
87,6.55262243506564,0.05191623193238828,0.05382577725004173,0.3678855357711457
87,6.742323382087914,0.04664769109910403,0.01882806697484568,0.3612998597295404
87,7.050781470247666,0.03421950793586961,0.019235682653723496,0.3302294018214543
87,7.069683834539453,0.03421950793586961,0.01974068876895374,0.3228284944220934
87,6.777632331403257,0.0393114237301712,0.024043877742470632,0.29074802428354685
87,6.724405349666622,0.0393114237301712,0.024939277317966912,0.2747407389371521
87,6.735277980894888,0.045963669133706864,0.021551072822839357,0.24086946964761302
87,6.597487856546561,0.045963669133706864,0.031329823836155235,0.2316385932914734
87,6.432691039391814,0.0403259784011847,0.03247356067923585,0.17820982197530255
87,6.6745061666064665,0.03379412664151282,0.01691749442519158,0.1666914719330017
87,6.727747514015766,0.024867471118279895,0.017076969305982903,0.1443748331249194
87,6.884908001326226,0.024867471118279895,0.011670252146209426,0.1325375333210359
87,6.688064841451206,0.02946875291369404,0.010585312016374082,0.12103432883250054
87,5.976228114331137,0.03720268854906428,0.05079421077121843,0.11136690928828774
88,6.313603924747836,0.030540962306505676,0.008526381252937414,0.032765962168508946
88,5.94783769776504,0.030540962306505676,0.024313149100047466,0.04213223208290194
88,6.583255297440834,0.0306144319328712,0.022446759371828336,0.08139226036860388
88,6.846067371393593,0.02836103574968931,0.010383826603241185,0.08702575082655861
88,6.530139741323505,0.02836103574968931,0.017817437000657806,0.10215991357508625
88,6.830631204001309,0.03235760442862747,0.012687485024232129,0.12266062482787422
88,6.67524542025561,0.034307307946897986,0.029754906817043576,0.1275348836235505
88,6.6695884999666495,0.03624267342223013,0.0322597528404867,0.18217043846196138
88,7.066822208432708,0.030683445447001845,0.013907059159141172,0.1920543893045239
88,7.3656251795045975,0.023511378456713916,0.013280375618387796,0.20998455678024372
88,7.408040531001917,0.023511378456713916,0.012310461357137217,0.2186151405412995
88,7.0309272914682035,0.029907514038001383,0.01496525812659072,0.23460547949451815
88,6.449206057566087,0.0410596558779716,0.047294457839510445,0.24854565679448093
88,6.523222591570439,0.054855347771300286,0.046735139133180365,0.32919439517353905
88,6.84456397042762,0.04556971269389802,0.02152399506257105,0.34201593506084166
88,7.004442128622406,0.03347913259876223,0.026004240565678433,0.37224238529868114
88,7.848887272519521,0.02500161044710878,0.01494022966059852,0.3940244161921985
88,8.12585672404377,0.021762239076036916,0.010338350761298881,0.4021228446198782
88,8.048487653335615,0.020015549797084854,0.012730392527457807,0.4147011177147963
88,8.281151780425443,0.018677924390675872,0.01010748819327803,0.4275836296747938
88,8.222317253045741,0.018677924390675872,0.010421387030678658,0.43491609410135235
88,8.003281844795833,0.024082048244595377,0.009769311011995907,0.4484264037361511
88,7.637651369376225,0.028159894757299474,0.027318083450703662,0.45445471612534416
88,7.377622280151194,0.03529295030315631,0.026814004100532474,0.49693742936244156
88,7.462556673210272,0.03176933044753427,0.017657115048470007,0.4919172756735909
88,7.839587677065108,0.019651699884298535,0.01858099608638375,0.46162319926550155
88,8.71876736365945,0.01921887420465431,0.0050130686296092075,0.4547552835008234
88,8.766465073203026,0.01921887420465431,0.004444112063944294,0.45159706200628313
88,7.96238253779602,0.021510875257993646,0.0184298979844284,0.4458670593729348
88,7.195637280767478,0.029523914020048614,0.02533568247225798,0.41473726603742633
88,8.134837675219446,0.027160685193308144,0.011483389582543524,0.39519569442841884
88,8.191982719903754,0.027160685193308144,0.008790029206387884,0.3917704868723393
88,7.362143987957013,0.02809986983456929,0.02058000794404119,0.3776156360156431
88,7.056863164586938,0.03342817022228539,0.022318822425102525,0.3506104709842569
88,6.9909545682141605,0.04048116214981294,0.018378983464488796,0.332977991165438
88,6.340699539403957,0.05505120270637005,0.04840846591272446,0.3138525040552793
88,6.203564600950378,0.05348995257231848,0.044862998026714895,0.2361610593399891
88,6.431043351130775,0.05348995257231848,0.019009281776270814,0.22412650800184952
88,6.531864149865353,0.0523933668980302,0.015426860046016233,0.19814249578744747
88,6.361876597678057,0.0523933668980302,0.04434402730058934,0.19327278790981706
88,5.782661938625763,0.04062493416970714,0.04976839418338391,0.10945444118626879
88,6.656455425630342,0.02805018085513149,0.011752198927735158,0.09373599954304923
88,6.682398759949657,0.024935798370231188,0.012980624803157315,0.08595004333079848
88,6.6421448938648,0.024935798370231188,0.01221070987194961,0.0677747499367346
88,6.477973224838291,0.02694387209882416,0.01630831562570395,0.061528623586899256
88,5.593671556043125,0.03280812162497402,0.022736966771331857,0.0351581186853267
89,4.5115880982287795,0.08510761875936283,0.06525037869709986,0.02808463801219958
89,5.971013042744493,0.034387477307048865,0.06332796691643255,0.14371258843771062
89,6.7195892055393,0.025565090581165618,0.012334407066019362,0.15474057184506468
89,7.086696436405939,0.020108758291291752,0.013163207963566945,0.16838140256974934
89,7.580480279921649,0.020108758291291752,0.009989716624970987,0.18106698777219857
89,7.70722656927195,0.020588827392932184,0.00844177147244747,0.18836083581969132
89,7.256232347202791,0.02442470535189306,0.016230448397598685,0.1979505307170935
89,6.692236532584301,0.02960846003684612,0.02582226080264549,0.2208217326148887
89,7.933167883310606,0.025033806379881875,0.015143016087176386,0.2495950523223845
89,8.22543243044404,0.025033806379881875,0.002438764950946831,0.25110776478924146
89,7.530803853021569,0.02637973335389655,0.01842411787550749,0.25447258222427815
89,6.569614967067593,0.03631725140879757,0.03045901778800572,0.28795600054025644
89,6.762064215599244,0.04729109831281083,0.022729518749544736,0.3153906178002896
89,6.48887738931978,0.05763011763294619,0.04072091080023463,0.3334150380393459
89,6.514255052787817,0.05604620694008501,0.04231160498561154,0.39683243940075885
89,6.883154962516951,0.04357890132350063,0.025760624071932553,0.418038248010569
89,7.391638521724152,0.02978422461425435,0.02216581469090581,0.44835368754462396
89,7.872560543709511,0.02417774867515169,0.013513945224924995,0.4623698773923806
89,8.290130082557335,0.021032266112360986,0.010183334863054921,0.47538157799447395
89,8.396734396147863,0.021032266112360986,0.008075426607946828,0.48273654711849046
89,7.883111676723303,0.02206721482171259,0.017130474022967468,0.4915324312103676
89,7.723814006216362,0.029487042008299203,0.01538085951437368,0.4830025048355746
89,7.6312888747303695,0.03160570403817503,0.020398312898431137,0.47770584976088504
89,6.838581775911013,0.043806109914736435,0.031814597521346466,0.44220587903871234
89,7.035943213691425,0.041684736745847495,0.02545853797148373,0.4140766547181921
89,7.37714380880492,0.032800614538334716,0.01777921423531964,0.3912888030957449
89,7.335228307675868,0.032800614538334716,0.017765566325245286,0.3785182262475528
89,7.265613961500662,0.03972482984599142,0.014612929389692109,0.3557576704452543
89,7.017084038143027,0.042310951036825695,0.037774086763572245,0.3492923674681686
89,5.958880920515795,0.0608445000316592,0.054294239126701505,0.2802094969181098
89,7.053880922154947,0.039279954406050456,0.022872762807321034,0.2407038892147656
89,7.151292902892754,0.03678398724153131,0.017417357529881106,0.23446397130346774
89,7.013646463911768,0.029292289560192607,0.02264196979276445,0.2058691741550034
89,7.489919083244175,0.022046791695786272,0.014730479399629515,0.18918003171793885
89,8.003898105409252,0.016938065150908475,0.01009634595967418,0.17640821535574436
89,8.543101058086364,0.01519861568529417,0.005337118170302968,0.16898733979859049
89,8.373489135556902,0.01519861568529417,0.008470781569087593,0.16573397901513842
89,7.648856970100106,0.016488485825730925,0.012465613122444652,0.1520457766604153
89,7.8137692967264165,0.020985695381797398,0.008103600525130539,0.14080275277024912
89,7.502551023350658,0.023208956972543993,0.01839670810951921,0.13583857561015422
89,7.1488385993207695,0.022163620320829282,0.019767659670495985,0.1040093365512107
89,7.634499638231828,0.018692721793373668,0.008010594077082323,0.09630325626916225
89,7.830863851811624,0.015366678644527187,0.006875403027909122,0.08798814839704605
89,7.632900454292698,0.015366678644527187,0.008891759808479227,0.08255245021334401
89,7.017269817336709,0.019947328855680714,0.011921090605996276,0.0702046287800876
89,6.522140852347734,0.024545072767175168,0.01600615798018895,0.058710269001351456
90,5.937247273033434,0.05772628621413358,0.018609780578960906,0.08793533995463894
90,5.798862006392664,0.0525654622673707,0.03288097279548297,0.11445538426077366
90,6.052723365367266,0.04790891872484172,0.035597270030503246,0.15369728554560488
90,6.769814444035964,0.029760589285947964,0.024704681621064012,0.18564992432178015
90,7.898661457201713,0.02277789949956686,0.010708252173608213,0.2031066487877329
90,8.032779132665645,0.02277789949956686,0.008081091977777191,0.20706642866899658
90,7.645723999981067,0.023626216026838974,0.011470833035835903,0.2192688327432873
90,7.2471744682236565,0.027921920825791414,0.022704160842730775,0.23000809474066838
90,7.013012979148273,0.035991909691816724,0.025990541572113737,0.26467715442874884
90,7.590031860323352,0.03592376322293795,0.012479708934821171,0.28198917788489586
90,7.423313518487306,0.03529963457006178,0.022127205184658966,0.2896365722983912
90,7.248273265446195,0.03318354144734033,0.025388255159003337,0.3262435882542138
90,7.94552353993555,0.029650238596275268,0.009950409168759666,0.34041308261639786
90,7.795603663802659,0.028988713828853707,0.018408236924836813,0.3461444065917331
90,8.009346530188298,0.026292113968283116,0.017513033250420723,0.3772295564660715
90,8.1246416757768,0.025541886607862573,0.011057530290947887,0.38117047309257457
90,7.807991590432017,0.02027474329483452,0.01678102614125082,0.39934461704796725
90,8.636033587062691,0.02027474329483452,0.009416054859340661,0.4147325253750762
90,8.774920494198623,0.020536856249839565,0.005738292781992449,0.4181767267666486
90,8.021467897233435,0.02365538263098026,0.017684666146228795,0.4262091109390611
90,7.544448671312126,0.030410515094005764,0.022283250703682478,0.45354605905910617
90,7.813456049222475,0.028902299861869672,0.01665160404308816,0.47077561234642606
90,8.180082161140028,0.025888091010495475,0.012111546795254308,0.4868492671452825
90,8.12908827371448,0.025888091010495475,0.013172520713221031,0.4949987059369347
90,7.687781645423163,0.026521813784870396,0.018709836578849087,0.48680569142827546
90,7.985713845996086,0.026575688662327623,0.013212829057456632,0.46758162090536715
90,7.948304067732613,0.029456323699129604,0.011732000044838153,0.4603800333133622
90,7.0470646671861905,0.03959536185641167,0.035470532666211474,0.44411762081569084
90,6.867131183395527,0.047115213446398574,0.036251128326985516,0.38943896798093924
90,7.282305244633541,0.039403524952945815,0.019079785289448703,0.3716153641617198
90,7.456106535361187,0.031269138249074624,0.018074785423741024,0.35127939740204184
90,7.484406165422554,0.030247808740894565,0.018120574602365158,0.33546579331423776
90,7.6870201682684876,0.02880277433477827,0.014990898263229635,0.3150382481973115
90,7.6642701726076226,0.02880277433477827,0.014219491004437479,0.3054839967877785
90,7.154748348507788,0.03474716272305793,0.019898846262146885,0.28659926618843656
90,6.657997682072647,0.043112347493038675,0.028316305978159872,0.2656863042634847
90,5.840193490450633,0.06567842813854123,0.055585296107765025,0.22996665423211682
90,6.019742252969628,0.0570087241318266,0.04584677926364106,0.15451571204795467
90,6.33596381210141,0.047545373567358905,0.02105427253579456,0.1382730957048347
90,6.207577120668303,0.037199002075971245,0.026632348319562127,0.11240716697636555
90,6.593434998247572,0.028841089600473623,0.019812829503214224,0.08500839906571045
90,6.951362534523088,0.023950333162164283,0.011798670876029649,0.0727815079699371
90,6.988346229585861,0.02210282819556191,0.011098126610217807,0.06141105731365115
90,6.819421910404616,0.02210282819556191,0.011480980587806056,0.050585254749501485
90,6.359441720496906,0.024239385264300518,0.015466391132776425,0.03844909613803904
90,5.813925296915646,0.025062722125528715,0.016484885524219783,0.019652472483948635
91,6.315607077696724,0.030620005753007985,0.011382583345893137,0.036696235715820216
91,6.35667229897404,0.030620005753007985,0.011462665463136679,0.0421526326242565
91,5.602555723212673,0.03621463828551265,0.03262844926136189,0.059621566642093574
91,6.0940550319966516,0.04860144438945772,0.026328430634471385,0.10740953114698028
91,6.110116236348454,0.05054900309508013,0.027190083362230978,0.11227842791103634
91,5.746646238883681,0.05796458127555818,0.03826430585769933,0.16178969787144223
91,5.936240720885867,0.06877151797755529,0.028372998354290815,0.188807039626435
91,5.497072594901808,0.08224411548918513,0.06854557531765644,0.21853569458002386
91,6.164705011614865,0.04048061129681627,0.06437230780023045,0.3258981902617479
91,7.550643074764377,0.023374915361826752,0.014401668053680566,0.3472803101804848
91,8.092345195440915,0.02040642888637706,0.007544362845700092,0.354701526369109
91,8.109827416521663,0.02040642888637706,0.00827122356525109,0.36236903587188496
91,7.683396554530351,0.022218112138050184,0.016965062999922925,0.3712439734996112
91,7.560926223634862,0.02819741407224353,0.018327162120388235,0.3962991618717308
91,7.7055494750609945,0.031090792559684464,0.01440249230898677,0.40789829774038766
91,7.393878473590451,0.03115617254048806,0.02223269603558481,0.42510414648970435
91,7.709269870269646,0.025897876586707568,0.0193341850991893,0.4523636898115573
91,8.412188412758862,0.024723044970843988,0.008291286246532803,0.46377251668808295
91,8.365034998219848,0.024723044970843988,0.009182110647199176,0.4689462623046229
91,7.557230395132663,0.028529541987206107,0.022413157625918723,0.4821367379824813
91,7.3282995331994165,0.034099896304803465,0.02484206260943536,0.48622742244353967
91,7.886487596774609,0.033715698324283325,0.012994490092465893,0.468179136798648
91,7.79580532919787,0.033715698324283325,0.016154931955658813,0.4602384422586079
91,7.148021579577456,0.03811574990630458,0.026327413883128203,0.43586927288733035
91,7.0469516391407225,0.040216850390617995,0.02762795414886976,0.4075836144923515
91,7.645392289763125,0.03433075752882435,0.01628899679139878,0.38061336458959083
91,7.608827876361537,0.03433075752882435,0.019426524462540284,0.3750056209095539
91,7.641636602822568,0.0315080310271888,0.019679546579233598,0.34176031566451026
91,7.738848973442838,0.0315080310271888,0.013860463553070135,0.3356465277510867
91,7.273059016066894,0.028176605535369957,0.02274664901641621,0.31403938855837
91,8.059318139039373,0.020429806441817466,0.014670151904575102,0.2901532297182543
91,8.384198941551467,0.01824814845420366,0.0072211699443056054,0.2846990847492198
91,8.451250365077204,0.01824814845420366,0.006676734786598804,0.2757108898296431
91,8.171164101440414,0.019994258315652026,0.012558217040241293,0.2713456151760222
91,7.11837103533275,0.02717031589229235,0.022370749853823535,0.2505944557491605
91,7.209343619991731,0.035162387009816484,0.01594450833663641,0.2266041154683751
91,7.002740293013654,0.03832185756681146,0.025037322153447283,0.2187054390758877
91,5.852744443207015,0.053936328411723355,0.04697412544894031,0.17652947116148054
91,6.682256269919563,0.039070068818543024,0.028883663322701758,0.12475718817800707
91,7.023335552817928,0.03667205135377101,0.008059568612482304,0.11876214451607703
91,6.491958316073896,0.03667205135377101,0.02256577777185087,0.10863805095304246
91,5.978899404556104,0.037755210764157866,0.027109071895875303,0.07363058897237529
91,6.069248189189874,0.03552761558669213,0.019149877639852597,0.05441990716129186
91,5.845311193998354,0.027298201881836404,0.019772969707863908,0.035330833692670094
91,5.80795562225399,0.019115455502993983,0.014862434698068194,0.014873967745564043
91,6.4481561655044715,0.019115455502993983,0.005716250478770835,0.005605964296533705
92,6.087726794923113,0.021890385928332305,0.010649784076124217,0.03365946764536451
92,6.548812647454724,0.020897318888306017,0.00872955524916148,0.04666518635575952
92,6.477254020955065,0.020897318888306017,0.012014032317665301,0.05111857814368747
92,5.919139893472947,0.026002597185375585,0.01862322968385007,0.07069325099109013
92,6.0841801168029255,0.02377298839598918,0.015852339289060782,0.0883650375113876
92,6.3557632789337255,0.018159831572859546,0.011518594430574187,0.10239792956921169
92,6.586085639620221,0.018159831572859546,0.007529038275623519,0.11140222637253598
92,6.479287412666249,0.020581343472028647,0.005997458535228234,0.11745600612045873
92,5.675167511457735,0.025334253330055623,0.12514156573621654,0.12339714344299245
92,5.817343865759527,0.030903346764397953,0.1281925446505639,0.36773913759289184
92,6.654925690354723,0.021268870643415216,0.013163331079234175,0.37978223274412026
92,7.802299133522943,0.015555443840519245,0.008630525177143605,0.3940657997513602
92,8.027538603074342,0.01527305832467477,0.005035007986453566,0.3970432830984075
92,7.539060770811312,0.01527305832467477,0.010571003684943125,0.4041358157242673
92,7.398168349193447,0.02089284822228533,0.010399842650216706,0.4181852904682937
92,7.10417796108566,0.02602601567939431,0.025284236948452166,0.42493550102470073
92,7.81854696454543,0.020027447782804464,0.0237014340907849,0.46875376436519806
92,8.28320312518003,0.01715976390994648,0.005300647331509728,0.47233836920627054
92,8.48792453664164,0.01435308798116769,0.005456272531715434,0.4793550590282175
92,8.292035144417447,0.01435308798116769,0.009685667727100222,0.4832509142697014
92,7.7703733087048485,0.020454642730144544,0.013492204741851893,0.49872639448241796
92,7.691253062889013,0.02505821443853944,0.014764721718335538,0.4897646762465948
92,7.4010079365521335,0.02866196002413556,0.01998792891234713,0.47174416208091097
92,7.846311895436001,0.02539711797168469,0.01439978760496241,0.44978881842190055
92,7.906389061268928,0.02497662032912522,0.012694864895445634,0.44294458687098615
92,7.85469937681433,0.02497662032912522,0.01298809774099935,0.4243990886310093
92,7.791288041348942,0.026874388584429032,0.013086051461417225,0.41696839138898745
92,7.034935759350704,0.03437095085675408,0.024701608742199455,0.39822698570817483
92,6.48476264610643,0.045984011768710455,0.03627685510549672,0.36756517390458854
92,6.954744904907802,0.04502539903667173,0.025564608210869588,0.3256732754971814
92,7.233218918004399,0.04502539903667173,0.010651033466284765,0.31643595748284936
92,6.630242067423256,0.04985129860396673,0.03545234180186224,0.30437120856461186
92,5.588734301702418,0.06881816983086261,0.06018040277495007,0.24553127387912488
92,6.602418858483379,0.03568713281238343,0.03634167919131598,0.18401040301471172
92,7.316944074830099,0.026881703754974784,0.01005646683739081,0.17284791549649292
92,7.286275573369963,0.023301525292349655,0.013765659380306106,0.1638974693399301
92,7.42015742450072,0.02139991365748082,0.013416316025445463,0.1453165967358807
92,7.521683012823101,0.01921190836123232,0.011724934685707067,0.13706483728903918
92,7.813513042017988,0.015208729374695862,0.010466994328822643,0.12186672736446658
92,8.276479721444197,0.015208729374695862,0.004822470900819331,0.11613084863139389
92,8.009705393409302,0.016098470804830824,0.00813948415485427,0.11222178556282791
92,7.104116173090329,0.020181942980745427,0.014862696093297822,0.09985188032168535
92,6.689646435094635,0.027124137758926657,0.01644525368232086,0.08249639337623227
92,6.2519116494645,0.033775754975781426,0.022579695544113654,0.06696137295704363
92,5.834374284240858,0.030604837998012502,0.022784231910126906,0.03733700228800496
92,6.043612661102491,0.030604837998012502,0.012479666396788214,0.021392909136789817
93,6.450310507899449,0.019146527150019653,0.009185763908773542,0.017246097368452437
93,6.57772700531036,0.019146527150019653,0.01060209649826548,0.030215999523873806
93,6.579858587245056,0.021959132870414823,0.012970457706073212,0.038450290364983396
93,6.405037467579181,0.025142461577148112,0.018022368642370026,0.05615691493602023
93,6.735984979327034,0.0224474113513173,0.0155136110000792,0.07449502764972345
93,7.643326756209453,0.02166628312561521,0.0071806602374962294,0.08718413693617863
93,7.613944771010813,0.02166628312561521,0.009057333855120198,0.0888563481247159
93,6.570794685557322,0.025390271714401846,0.021577997127073756,0.10529880464641903
93,6.969072823674736,0.02771973299092486,0.01743845980546288,0.13201234237886342
93,7.339956177208018,0.02800410209028974,0.007868772823433123,0.14017572425734479
93,6.910349083341581,0.02800410209028974,0.01988660098323357,0.14774988802572966
93,6.3486314838178215,0.04088371736952264,0.021029339729402338,0.17994892622381192
93,6.111572602570609,0.048771430378100576,0.05109075512890435,0.18980856748453434
93,5.996348221640876,0.057299891391314396,0.05520473384070412,0.2821304364816206
93,6.8629337116846205,0.05702172680688128,0.013491805985211769,0.3002180351659426
93,6.850423738539896,0.05702172680688128,0.014418634181304762,0.30911404845204415
93,5.996898259779774,0.06186537527772773,0.05499113636693176,0.3290553035285521
93,5.738444413666741,0.0647952413838835,0.061791234122617056,0.41909632118590767
93,6.876548965450869,0.056967547452033675,0.020303499939073044,0.4526377717737862
93,7.173969783784151,0.054141327735926656,0.008131507737147603,0.45970332106405376
93,6.533091563142471,0.054141327735926656,0.049694208581209376,0.46890078724808143
93,6.470832594930316,0.05274673425418003,0.05262536999037279,0.4409082617735275
93,7.3294726092302955,0.041356184855376045,0.011688347081735495,0.425848472771173
93,7.261186381271602,0.03802942279092945,0.017256390561456003,0.4175315676100565
93,6.697224781309309,0.03802942279092945,0.03107848641897304,0.391335691648261
93,7.449231782728617,0.02831187419285519,0.02195239493426132,0.3553745947721104
93,7.790959953243576,0.02513439699590636,0.010606719003252996,0.34743090177973834
93,8.040110903798897,0.02513439699590636,0.008762906724954944,0.33416115676560443
93,7.86955433402854,0.026745899169377352,0.014879099320229683,0.32990508832982846
93,6.7822794440394025,0.03518023998540547,0.03048798865711777,0.30440295812514506
93,7.384972548223293,0.029835666011450667,0.021069540158869582,0.2689291110155929
93,8.074812639204298,0.027169572728175863,0.004691248361575695,0.2622638778074059
93,7.817080235197122,0.027169572728175863,0.0180256346503751,0.2595466142924415
93,7.1000778875216035,0.028241734397820052,0.02277887689213709,0.2262126085066557
93,7.747831428227883,0.028752853780350595,0.00844157319756933,0.21398886050816734
93,7.5601238811913,0.029285781750717766,0.016524175711550793,0.20932946211151704
93,6.734338937834103,0.03606991884808308,0.02314012937721205,0.18094050908506576
93,6.522311558493563,0.04322644113927221,0.027874442320649895,0.16304920335709294
93,6.209904872533323,0.03802508510206115,0.03180880573152883,0.12519162444376597
93,7.413007280463715,0.022431473732629013,0.0134653840678286,0.09943159189403528
93,7.446563940161308,0.021963179498258413,0.009034064360280203,0.09826085630810877
93,6.88779572518758,0.017546371813667517,0.014815222177166465,0.08136346317347487
93,7.444249741235193,0.014584842224560291,0.009144581573053812,0.06863041195377584
93,7.915729068641171,0.014584842224560291,0.004505535813818795,0.06307430002736725
93,7.746220816704579,0.014761853549164327,0.005218710034157359,0.05961934032613825
93,6.756985127669813,0.017554837695998617,0.016308326601266354,0.05263687995905253
94,6.3785193760461905,0.02807021762900716,0.013920484261448582,0.03920939647091532
94,6.4458726129190484,0.02807021762900716,0.015933068117482217,0.04553810865715857
94,6.5721303335056165,0.02999751522148193,0.017552937365007813,0.07107553270587975
94,6.64002435013929,0.029997515221481925,0.018576567878367353,0.0806439833871742
94,6.897822751355121,0.032145677630537085,0.01814698935220021,0.10822866846261446
94,6.972513974237451,0.032145677630537085,0.017421250813219387,0.11693796209157462
94,6.865730860780502,0.03463992033304168,0.02186473921807569,0.14307117008905323
94,7.1007228525232176,0.034336730471120624,0.018200030846431278,0.160667440527726
94,7.129913147007175,0.0331044499793129,0.020315644735541483,0.1794712317819158
94,7.4895788910674765,0.030327075050247905,0.016059515750658213,0.20129872999880896
94,7.507586450684049,0.030123498364525415,0.01727218450720469,0.21159026328323222
94,7.68634382653158,0.026293367421085782,0.017024575990003746,0.23584309901321834
94,7.896539924327722,0.024072124026973108,0.012826051798453822,0.2456394152632397
94,7.966819300786554,0.018667286168852337,0.013712448132041519,0.261495202610126
94,8.452410152856043,0.018667286168852337,0.008689340473490542,0.27306431152732275
94,8.63014299351,0.01983115413893279,0.005655820559546582,0.27887388355710707
94,8.082986370940793,0.022031981774656324,0.018615490167361165,0.2843759526464159
94,7.845547101462699,0.02570669173527589,0.019656397550083055,0.3161048638918294
94,8.264860897675412,0.02570669173527589,0.008140670480337231,0.323688747746582
94,7.972995183980206,0.026912474830005084,0.014062229213031963,0.33238620485250386
94,7.473352990886834,0.02883297937162891,0.02107316127859954,0.35181320617264594
94,7.545674790951951,0.03086734112835292,0.0190928867970325,0.37453252740970294
94,7.874796545491226,0.032668357519648215,0.011580414913689802,0.38999897976671094
94,7.608463827081498,0.03574610850779686,0.022191204631294703,0.39769335723708255
94,6.757756817287869,0.039880775738647144,0.036274314069467545,0.43438138902930035
94,7.89335903550356,0.02434977875689468,0.02009568129701461,0.47024198537601763
94,8.616159472887416,0.022617472257969905,0.003210441175482359,0.47457275162332957
94,8.344010802999852,0.022617472257969905,0.013994952632229052,0.47666286772698235
94,7.763007206759481,0.021549434664289678,0.01819754748837235,0.4974373431122123
94,8.224464468391524,0.018261787453509315,0.009996675468493532,0.48694203729627294
94,8.720525369535956,0.018261787453509315,0.006436758163659573,0.47744399217522526
94,8.657791755938817,0.0196119759360179,0.00627446495272399,0.4740685209689538
94,7.603196798059683,0.023669015500001334,0.02560344586281399,0.4648950622697773
94,7.011275681246303,0.040678517404343605,0.028675790914441612,0.4228616292433258
94,7.096226856429329,0.03519346349932249,0.02291915553892454,0.40754348044089406
94,7.905990101194815,0.024784605117622305,0.01683882679346299,0.37702331816547674
94,8.230144960176807,0.024784605117622305,0.0042898043637684125,0.3738658268539681
94,7.6143475148006035,0.026953452084033568,0.016334980442145486,0.3684437094379399
94,6.367110724272542,0.04242902334535821,0.03865004458774174,0.3411958659696771
94,5.662257136037489,0.07255260105851394,0.06069937429662381,0.29114362026245644
94,6.227680605215415,0.06026009069965148,0.040670980466163464,0.21979711737642948
94,6.347612017038796,0.05626190748113149,0.023767362407556614,0.2098016593301295
94,6.033042396913469,0.04600713384752786,0.03118654403601251,0.17226239256131626
94,6.040788154190835,0.04600713384752786,0.026260248408689513,0.1474285712581045
94,5.922410039238711,0.05708180405319476,0.02138676911495513,0.11974189574393723
94,5.448963298707955,0.06480159846990734,0.05448603077915509,0.10465503302819423
95,5.7404802992606685,0.03317716131077284,0.020543391687781284,0.03378913544829859
95,5.990812670421866,0.03317716131077284,0.019850186104200064,0.04691555764319432
95,6.392066718828445,0.032133413654546965,0.01909154666335359,0.07348950765669872
95,6.523499487631367,0.029933795825258912,0.018557240952467274,0.0850986509699015
95,6.978154279326523,0.023796815232917316,0.01702998875974509,0.11060398956163327
95,7.518351059163889,0.020188059837865587,0.007403043891715443,0.11915862848939168
95,7.309668635675397,0.0176874802955966,0.012224445014486274,0.12541007734506415
95,7.333156222030389,0.0176874802955966,0.011212908120636161,0.14360751851836423
95,7.596521503428522,0.0193788303227855,0.004279583125503583,0.14783589358633648
95,6.946558409992484,0.022843463269213434,0.04027427613509235,0.1521666847693714
95,6.434103621859464,0.042230768701225684,0.045537480607376696,0.22838444585652118
95,7.312309134942023,0.03605845683432072,0.012203316261915231,0.2432416459841248
95,7.479249885548798,0.032238683875829975,0.011476004538118229,0.25279107838035164
95,7.172185952560113,0.032238683875829975,0.01672820401993702,0.26619365506036125
95,6.605980091473217,0.04026021641977575,0.03348789652959966,0.2862474864202257
95,6.34345486247372,0.05598752911663033,0.040739971858718055,0.33316944811956056
95,6.896503898783507,0.04831306351065284,0.02555176953365365,0.3677274301376618
95,6.997392627689841,0.04169484069097042,0.02318293829362819,0.38427298718686786
95,6.892037546566296,0.031495555204229975,0.026409252568694808,0.4140933067249182
95,7.528448369926153,0.030090496437771275,0.01418298156242423,0.4370914923242575
95,8.142095211579324,0.030090496437771275,0.003464622786158056,0.44245926984976663
95,7.889506880123087,0.030715083656494058,0.028485495414396517,0.4440207378965736
95,6.732464365773616,0.04257410812962169,0.03479104484683693,0.49943026067855967
95,7.2055667644759955,0.0482431348942968,0.011989345885669689,0.48639717240975255
95,6.820978896420491,0.05276640682559092,0.03975772260157867,0.47659104755010095
95,6.344547753316854,0.04977222683271789,0.0497696340676953,0.4068817272065952
95,7.570506623181423,0.027915935167277927,0.01921320106132013,0.37705177941471035
95,8.048028804659932,0.024477353434975768,0.009479696803864734,0.36845532508395495
95,8.008301374781606,0.022888851120371534,0.011839860191652007,0.3580923858069809
95,7.825726422534404,0.022888851120371534,0.015479155892115515,0.34477560470065094
95,8.06033875795233,0.01877979814285431,0.013765024360131606,0.32713407402274985
95,8.613621740187963,0.016468903590829243,0.00780966655684906,0.31724555598038773
95,8.88867867586228,0.016468903590829243,0.0049513895268585295,0.31151474090905173
95,8.494391763095575,0.01669297937149643,0.011780770997565915,0.30734277692667067
95,7.833053652607115,0.01908802555933926,0.015104639356277039,0.2879531989139199
95,8.068953693929629,0.01908802555933926,0.009879151721616408,0.2771334982141166
95,8.424960877881047,0.01998008104448066,0.005545651472987134,0.2681948954706871
95,8.219133418414788,0.020841161125498563,0.014951458688606312,0.2660421952681423
95,6.667408403143019,0.0350465176355127,0.02841346492963165,0.23829197809347447
95,6.353871159051476,0.04835558334993954,0.0290265620116944,0.20921526540887903
95,5.814188522158027,0.06597052006938693,0.04902004686244388,0.18023885407008566
95,5.597687631770396,0.0653762916351962,0.0450345684217357,0.11117517168399127
95,5.728204564659292,0.055373582331628105,0.026928318159734732,0.09016971722661427
95,5.330021878740492,0.04223310958679112,0.03421800280281312,0.057318535364521805
95,5.970152184489164,0.028691559898388074,0.019828794315283726,0.021733711620988028
95,6.184903738697816,0.028691559898388074,0.006815246817379328,0.017660946733954352
96,5.996275712379461,0.030588843613584188,0.011844267449831133,0.018619428975488996
96,5.830890924665269,0.030588843613584188,0.022385213451111035,0.03122215830671286
96,6.041879967180413,0.033475533010333174,0.02663154897966187,0.06338985587771107
96,7.227790696256195,0.023428789332768072,0.01248362187585736,0.0844852562660366
96,7.31622585450655,0.0218800519874124,0.011640748025039907,0.08835709962942578
96,7.62913886803476,0.01820398525598845,0.012233739919327698,0.10776675231611642
96,7.835470281209259,0.01820398525598845,0.008637193804960717,0.11282457946808118
96,7.814256947815645,0.01695509204903256,0.010469367814660423,0.12504113992603785
96,7.971930845994759,0.01695509204903256,0.009292884137294996,0.13376331509740202
96,7.9936844468414066,0.016660056157071258,0.00962719677998318,0.14362690820062785
96,8.050481024329525,0.016329839939226997,0.00890674807683145,0.15301770865736838
96,7.96186332851452,0.016329839939226997,0.009127911170198247,0.16144040435429075
96,7.733563092041534,0.02026309059661665,0.008951395972593437,0.17127353099776488
96,7.137252886940834,0.026718822837986843,0.03092628534663948,0.17934319629947762
96,6.970233982296729,0.031750777610290506,0.03312460240224428,0.23312610169104384
96,7.718621538633645,0.02177773807995263,0.011460289348615468,0.24559240110396618
96,8.135660002334001,0.017596026366229194,0.008930900817454818,0.25604668038827477
96,8.100290236770956,0.016523240787757375,0.010716360095744087,0.2634542027388758
96,8.406587237430454,0.015001032191321706,0.00917875447845809,0.27747940057976295
96,8.598136326477382,0.015001032191321706,0.005469487657292882,0.281811711695792
96,8.06314054380827,0.01764369787074439,0.00997182268879468,0.2884183758943487
96,7.055527125380091,0.028313282813970508,0.03432773467499431,0.30175535707338136
96,7.71363048338568,0.023012759960814734,0.03001905377775052,0.35707384524433733
96,8.61067146114057,0.0206942724496745,0.003621020659541757,0.3617934646288824
96,8.492111226041223,0.019685303675859123,0.006744594318424835,0.36431588656342084
96,7.833225269437321,0.019685303675859123,0.011166400794505427,0.37528265326573207
96,7.392590843002701,0.024231717630538975,0.022197860066020175,0.3866486881524317
96,6.937067205442914,0.03812504368800048,0.029618081083923803,0.4196783733977724
96,7.693751416076653,0.03462496441570564,0.015815424652881438,0.4458848503202793
96,7.6993040767244665,0.034572861457620244,0.016317370353130745,0.4513092227035353
96,7.277829450962315,0.03358266288106776,0.022099348757700116,0.4785195910265408
96,7.367074352703405,0.03358266288106776,0.018594825718835556,0.4955079202189355
96,7.243275722905427,0.04166319177917831,0.018450947776805615,0.4842907575357881
96,6.805533871876758,0.04841825804711382,0.03509928843347021,0.46759018422745324
96,6.312903139589273,0.052665175785881965,0.04080042118630817,0.4140921806688477
96,7.192756081844655,0.04364537116863128,0.01481318857627062,0.3859893418548369
96,7.16155717902814,0.043035955833219085,0.02689862186165054,0.38446580351630644
96,6.911370149278715,0.04063580382375873,0.02964787969377347,0.33219209813153583
96,7.187263068958365,0.04063580382375873,0.01009334675896778,0.3251700441287595
96,6.561557854099767,0.04301910933054187,0.03143863424361687,0.31200540461360027
96,6.219870853424415,0.054821282547954486,0.029785592872416944,0.26229277564152575
96,6.101373505887891,0.058764705257058236,0.040879318008847365,0.2524342188687664
96,5.182938756849633,0.0723428862380103,0.053954667160323266,0.18053413962383102
96,5.677309428422683,0.07902253130509221,0.020287597930970513,0.14452488454811985
96,5.546719845219417,0.08084890761958415,0.06443011762473377,0.13995894376189
96,4.5141638132308515,0.08803523054662835,0.06539088892992156,0.0156646492986523
97,4.972569640205339,0.04060964017243598,0.030091976125424684,0.016858528021760726
97,5.7245865816295485,0.03586946184526972,0.030301558588457587,0.0644693788634968
97,6.626618236696686,0.03586946184526972,0.008895876285459285,0.0774616451986759
97,6.529614501692386,0.0377892563395655,0.013888110446243183,0.08226113143441537
97,5.486285291756607,0.04877523321609027,0.04882591953822044,0.10523786609116227
97,6.7778257496745775,0.04315717093693518,0.038839809441929336,0.17991297051085625
97,7.329619879152073,0.04279954514780502,0.003091857231711917,0.18291748497502094
97,6.909877349917166,0.04279954514780502,0.015633083898393907,0.18609668497428009
97,5.817632369937737,0.04907885973573832,0.04784451229784782,0.21418365277180876
97,6.572812151067046,0.041893123464050754,0.04208421201262781,0.28178570956997573
97,7.335040965630585,0.02864002968237983,0.015474261786714544,0.2983520767970644
97,7.758391380954059,0.022887167143843656,0.01289611082049455,0.3127342331434048
97,7.9375577844137375,0.022887167143843656,0.011785468433067825,0.3241442984380535
97,7.951586994919735,0.02457467806024647,0.01135704417200789,0.33630517000954047
97,7.6159525543129885,0.028694998474990165,0.019317635939302413,0.34685838678206926
97,7.2541224796657655,0.03481260832295725,0.02400073925683288,0.3749404418881453
97,7.381682843499675,0.03286155842771844,0.021189957580297847,0.394859865295735
97,8.15890128508212,0.02530308104893405,0.012563476327165118,0.417320357048741
97,8.161100563274939,0.02530308104893405,0.013169477028497273,0.41998681795006526
97,7.965864556075528,0.025753038117397643,0.015001561235712751,0.44365931110573553
97,7.980607157619396,0.025753038117397643,0.014851547086672051,0.44998994042149076
97,7.756835016501438,0.025815986402515412,0.018194695284734413,0.47336240527907963
97,7.936114164599871,0.025815986402515412,0.014407183518246575,0.4863793309909596
97,8.254652409825251,0.024278938251533776,0.010578077260695512,0.4978232276844272
97,8.126692914240323,0.024278938251533776,0.014909592219727708,0.4924645144876494
97,7.6289113825358665,0.030122531056189596,0.018123136031775733,0.4680040432449718
97,7.534061092659401,0.03211245463420929,0.01946528650693624,0.4562182424240979
97,7.1912975357685,0.04255135144237636,0.021890221416646594,0.4290734702310993
97,6.908891178779533,0.04385453454927055,0.033327348554083036,0.41243779959080473
97,7.36119088535793,0.036723633210630234,0.026635644575363215,0.36241877312293325
97,7.4189599107240705,0.03542272813748826,0.017147984426186536,0.3591665104400783
97,7.711480698460074,0.024177842506669146,0.018298055167901395,0.3281228042705602
97,7.909041353272988,0.022299816750216594,0.010953283089510435,0.3225704001042755
97,8.0962196791148,0.019098265968397678,0.011269081499932165,0.3062162380915393
97,8.295799568065707,0.019098265968397678,0.007052041111829388,0.3000322371044112
97,7.767758019432913,0.022266298463009936,0.01537925872615814,0.29211215586788053
97,6.900263513687698,0.034776389404210885,0.02644211533855656,0.2692737196520949
97,6.711597269817771,0.040067087935905896,0.026711429211369264,0.2392279251907674
97,6.7903407698993865,0.03432305604376917,0.021715792143887525,0.21585086122935637
97,7.130888770829363,0.03432305604376917,0.013609851165245879,0.19579634090299236
97,7.00933421992762,0.03718912884542027,0.01374330742573826,0.18863115889886461
97,5.807207518603544,0.05299347120242788,0.05951070342178538,0.16830972605151584
97,4.956331590234601,0.04849067920073109,0.06315652757172563,0.06960975205529385
97,5.912439237625678,0.026400214282947677,0.01773097329528095,0.04199667090806458
97,6.098680495673127,0.023260668105614623,0.011235534336128616,0.03414780546473195
97,5.888917674333602,0.023260668105614623,0.012111259900261018,0.01952560223580735
98,5.473485381426395,0.03386639244034732,0.02354163929262156,0.024822473923262395
98,6.174415055517174,0.02759952908074436,0.022140236767723177,0.054903026480545916
98,6.967073514964131,0.01958274296006893,0.01153259180025061,0.06910294745870875
98,7.294873817689816,0.016036637911133574,0.009354511303891998,0.07796821008104714
98,7.631464483872048,0.016036637911133574,0.007338930540663091,0.08781197006649274
98,7.586465124759805,0.017970278349485804,0.006943681140305434,0.09264607116237332
98,6.747461343040477,0.023960569898549083,0.024793990028841605,0.10169933234710361
98,6.351861473668624,0.03725403625956324,0.029257916494592327,0.14223405122005653
98,7.088004121215695,0.037590993694902555,0.011872143548692288,0.16021516533628827
98,6.967151005671713,0.037590993694902555,0.02010645742972625,0.1659783383174411
98,6.233713047550818,0.046998465526066645,0.029859380273669092,0.20042808019574077
98,6.016493323531839,0.057106072993682054,0.038433311623929156,0.2256970988647793
98,5.392854699507391,0.09094395225059981,0.07512289262910693,0.2772947034435991
98,6.387407710137049,0.04278105544466628,0.058145493810384474,0.37594288412299315
98,7.53386379689853,0.02866680989156638,0.012946519688448094,0.393585691064368
98,7.981318033661113,0.025366716917357857,0.007802474791960445,0.40183592349988934
98,7.720448079743507,0.025366716917357857,0.014156100636257773,0.4091906406482889
98,7.104952308420225,0.031693267599022946,0.02483433860252854,0.4301481247724049
98,7.305231667010855,0.037124636388212964,0.021961512904752623,0.458859317853346
98,7.409505211215178,0.03237397930205771,0.020359591952174377,0.47407115058191013
98,7.7676967082403285,0.023961293573491395,0.0180502311467948,0.49957850175769475
98,8.421225661537967,0.0197240491263694,0.007809936663530165,0.4898283871245003
98,8.304600774905852,0.0197240491263694,0.010874946318440104,0.4848016249152449
98,8.122911072824174,0.02296050117913634,0.010061627582530763,0.46807849448762007
98,7.97461570113866,0.02432055107411101,0.020293177169527388,0.4646783697501834
98,7.386327117681052,0.03311630852869685,0.025129689012279355,0.4274921401485653
98,7.812939228599324,0.032192153701531945,0.012410532427620413,0.4144189917256247
98,7.61321603993025,0.031544917348614934,0.01842079850084466,0.40267107529332447
98,7.5129005525917325,0.031544917348614934,0.018645406096935324,0.37757739472393537
98,7.4948226791130885,0.03642376999840755,0.016838716061442383,0.3653802630994538
98,6.905278839963479,0.040686761904330716,0.03129140476374165,0.3438999626010506
98,7.368386165346633,0.029362820150650303,0.024201227589505825,0.3027974535719705
98,7.584990467271659,0.026442841690677676,0.012866960218119006,0.29549750742203895
98,7.738855272789554,0.024688723601342,0.012762298339423495,0.2770635331357325
98,7.947979113985144,0.024688723601342,0.007059630936492645,0.26997291074319196
98,7.362366574339292,0.027500179393519897,0.02548760831304958,0.2629442712627472
98,6.4989279140589336,0.04104554598460393,0.0316047673850986,0.2189976941170928
98,6.770510403266266,0.04867504045240867,0.016488569754041782,0.19973473649255002
98,6.3583003741570545,0.05316228195456833,0.03847517686656032,0.18602055460900924
98,6.067609520231755,0.04443187754998459,0.03948009993894974,0.12278438275942938
98,6.5224826849789554,0.036008820076481166,0.015907186516438798,0.10706035473110975
98,6.831013987051403,0.029572682074657974,0.011061958143597839,0.09097000972655178
98,6.60234286431181,0.029572682074657974,0.02086124874537648,0.08493643844391408
98,5.9655326817789,0.0336435174889574,0.023084526139912964,0.04924751223579882
98,5.948960102845373,0.0309564700092823,0.017154390018447374,0.03876738616408815
98,5.482639164902901,0.0309564700092823,0.017768565782801338,0.01493873219890407
99,6.990955829471512,0.013058574109592663,0.0038884339725143583,0.011910021885662618
99,6.822004695392248,0.013058574109592663,0.004988403578803219,0.017848038761240095
99,6.474390061261321,0.014674090222404245,0.01484557834204403,0.021886829043269055
99,6.08860532348905,0.027602433618430677,0.02182080086558761,0.047539195445328156
99,6.764575791161544,0.027735272065809058,0.014525118058612278,0.06552843077444427
99,7.074693218104466,0.024725592069837245,0.011726397658156092,0.07658943156255271
99,7.0093952163636715,0.023465326733434617,0.01573536318811245,0.08898122609075645
99,7.47066054126992,0.01893959095033739,0.013631204005610416,0.10806015793877762
99,7.949820945415073,0.015951819155423638,0.008030886057697001,0.11624363410197729
99,8.331901735003541,0.015951819155423638,0.005859786042823771,0.12412193005417162
99,8.176869150503688,0.016004556943601807,0.008418523806330742,0.12796320618762483
99,7.429845715259886,0.019851174560115648,0.0157815583854264,0.1409589776668331
99,7.803013971163276,0.01914839802078976,0.013070182426104068,0.15952632295847763
99,8.196367472926282,0.016119190196564315,0.007787638861976115,0.16709934251904124
99,8.201581215288307,0.014423166936926496,0.008741574404940403,0.17510160068242986
99,8.472883456722057,0.014378139812047653,0.006697450716695891,0.18458249132892204
99,8.36701740161284,0.014378139812047653,0.008090808035457739,0.18849650211582164
99,7.809034458575015,0.018498292916706727,0.0104585109795753,0.20076410739983752
99,7.462880601880746,0.021958059586760614,0.014865159918029947,0.20941352407497224
99,6.484706699519061,0.03834719333343609,0.03704789290203471,0.23049442723589741
99,7.28740130613669,0.03480594145025299,0.02776758103869023,0.28350930987904166
99,7.395840535989106,0.0337978296765585,0.011216914496152613,0.2860295893132779
99,7.016604856802978,0.027718774184833095,0.02028641218202823,0.3059431388713469
99,7.512398957298025,0.025499417950358982,0.01526689169549067,0.32660241367733434
99,7.711156198126355,0.021549614516361427,0.0121970796854175,0.3364769222623282
99,7.862060479451284,0.021059199816315665,0.011450286167358714,0.35099657304816934
99,8.051729206817102,0.021059199816315665,0.0076999533497161265,0.35937749459704565
99,7.619527024030415,0.02386679387653804,0.017110219563858664,0.3663964797476016
99,7.09634432102496,0.027982805916758714,0.020782243818872503,0.393597933724763
99,7.475500296013136,0.023185169458234046,0.012399278938502206,0.4079609673853466
99,7.487662194647506,0.019010959771665725,0.012483755640371602,0.4183964916017674
99,7.898760229154781,0.014154571628337975,0.00946231122064417,0.4329284786660898
99,8.099285226520863,0.012397517477551601,0.005916060097485132,0.43732111404305574
99,8.087306590975661,0.011469240135997826,0.005608411239305333,0.44476059886106006
99,7.9014813764855845,0.011469240135997826,0.006287268727442202,0.4485379365216664
99,7.0433155139233605,0.014988120053709053,0.00897269144545873,0.45733513631594447
99,6.057874847501294,0.02230666653102057,0.14571799061694385,0.46648331941258386
99,5.388538714771057,0.07737179259234994,0.1427594704956376,0.25122888245016783
99,5.76306644829195,0.0747868783091284,0.004700430252919385,0.2479977395961409
99,5.175357991624831,0.07231899124840366,0.04587695203050335,0.24182802194432906
99,5.067848042637527,0.07231899124840366,0.053102862525174654,0.1562438355351342
99,5.246107276568643,0.07155070010813247,0.034325140107814345,0.13562229689397975
99,5.147352892280104,0.05341775231191581,0.037927698619327654,0.08759355531950552
99,5.215883367520017,0.04076641617899794,0.029506678230777406,0.059766899655324446
99,5.844811627346518,0.02829173586004845,0.017871535989779586,0.02858019885795071
99,5.962034586034973,0.02829173586004845,0.009061026000588779,0.024023827675765275
100,5.368137827057508,0.05305641442824769,0.034752733245226944,0.05534470077679384
100,5.684238649494368,0.05273861681404864,0.030106670987807494,0.07450162938896941
100,6.216500902120632,0.040877203436475724,0.030530817143100082,0.11555804275240883
100,6.96262429758142,0.03508610601870854,0.015928113977267372,0.13556326367516958
100,7.1022519403094675,0.03368722869755301,0.015624796021633997,0.14741427070694357
100,6.968044884233779,0.03368722869755301,0.01970603438888291,0.16681285571843757
100,6.884118260277159,0.038033324792902015,0.02325983485035124,0.1868263394847094
100,6.869630361889081,0.037098335956100105,0.026485904838250973,0.21333252541914005
100,7.62945731623602,0.02979802727409516,0.017045127598090737,0.23979814916121134
100,7.809557666234284,0.02674817469245109,0.012722160732521665,0.24742278061532152
100,7.726951928815016,0.02472627494333036,0.015898502732057396,0.26524247062625467
100,8.008814246848143,0.022889262857955263,0.012294800662991351,0.2792197860794363
100,7.979070012436393,0.020096696377363398,0.013911565504164669,0.28983207195223737
100,8.69282543970851,0.01717532461147082,0.009812145309274212,0.30704291708776565
100,8.815707901333317,0.01717532461147082,0.005617806899214123,0.3094563625707858
100,8.131906205383247,0.017518642314723866,0.01239007107451398,0.3182785308861939
100,8.012544832012782,0.021281919000330517,0.011565498346103292,0.33423650471981375
100,7.804905165098651,0.022610279857416003,0.015652434264184972,0.3414095275784005
100,7.574469510991726,0.03226301812532929,0.013331184529444401,0.3655413732481837
100,7.478146120438415,0.03428743683661376,0.03082008940693351,0.3680718966372893
100,6.853520825634879,0.050761333035438935,0.035273226981939826,0.4271815520620507
100,6.971372987934961,0.0501438932866589,0.025526308031273287,0.43861835060116894
100,7.033040480582667,0.03593914293629896,0.029565308898891612,0.4782341681245973
100,7.703689609661222,0.032987293864966113,0.015186980542828354,0.49774896839895216
100,8.001828028838457,0.030540747550587676,0.009811859730576716,0.491391870789746
100,7.62424588947885,0.030540747550587676,0.02247450508446769,0.4826273121398944
100,7.443352063458633,0.03257369339659379,0.024496244193670635,0.4464428606208106
100,7.855305882979739,0.02890220556983778,0.013016496055763715,0.43363482375255313
100,7.81378323933518,0.026145117642686278,0.015042969723453703,0.4204098685092832
100,7.8780524050255245,0.026145117642686278,0.013087326330071425,0.4035488843056457
100,7.690168305153172,0.029870585025288433,0.01578550989560812,0.39423521584914034
100,6.802078893694722,0.04209878376654304,0.036833066747341325,0.3719778645144295
100,7.337471629908065,0.031331346130160774,0.028412380775981294,0.3205690823544577
100,7.502209960673141,0.02916495437336446,0.01415595857802232,0.3151531029624669
100,8.091683993816766,0.020891827944735562,0.013088211305307962,0.29225716519841305
100,8.295988398208197,0.020891827944735562,0.005807866392072647,0.288976680351851
100,7.614192220021145,0.023707046919037644,0.017537291163154944,0.28064143241426776
100,7.375978902411912,0.02783000818178625,0.018666624468266946,0.2539020980255411
100,7.454104175631058,0.030412757234162303,0.01419357123660775,0.24330818347773386
100,6.990841214522257,0.03753004840432561,0.020337448943472503,0.2255149555523256
100,6.3732550707032125,0.04554348224723574,0.03635353671324143,0.20263328559078886
100,6.275524911825555,0.05310584924476849,0.031533313743999314,0.15280788212584273
100,6.266949378744794,0.05157571910898131,0.026910440440726824,0.13956665810279023
100,5.898414801086924,0.04787100054802314,0.0313467202024274,0.09898700124438908
100,6.060581377870242,0.04787100054802314,0.018858994956099162,0.07687321769793543
100,5.6473882433251,0.04805871120202876,0.03150445399757762,0.06126901133219076
101,6.400856338372314,0.020429673749374537,0.010245353147122988,0.02546895219110583
101,6.569313590452596,0.020429673749374537,0.011620523446881387,0.039855531644934016
101,6.725793614381015,0.02397146072534837,0.009280541956964962,0.0487099990848686
101,6.243978119164723,0.02856630740015411,0.02613549975545331,0.05841661555886394
101,6.1769056100239474,0.03768592831943125,0.0308699353846127,0.10098099859577522
101,7.037985459835361,0.030901496528124777,0.013840482042521293,0.12015648632808934
101,7.136914197148017,0.027864151294321154,0.013781159749833766,0.1286619626808178
101,7.1022932768782,0.027864151294321154,0.014509425966979947,0.14771880582775687
101,6.96273610274913,0.031848954809129484,0.01800088890299835,0.1576808146147777
101,6.204409260538291,0.046157213804816924,0.03808078647974396,0.18372058363375357
101,6.345657867943002,0.05969368467420141,0.033835038627801614,0.23384238757426562
101,6.371045918883889,0.06301183738363515,0.034256595704703574,0.2513906608893568
101,6.258965635949003,0.05022973776208277,0.04258303598929314,0.30235557898367277
101,7.260338746925884,0.040221140382805734,0.021492466408122912,0.3365567328679431
101,7.597177224932535,0.036707628810015526,0.010141669360952149,0.3453405117999186
101,7.127803956120445,0.036707628810015526,0.026109986975173888,0.3568400715898474
101,6.898287454355088,0.04388708009563046,0.02827516938582547,0.39756048575026637
101,6.947864370170106,0.04973164426881173,0.024830667436915144,0.4133904103614983
101,6.564098068621323,0.04673520070879975,0.037198324568498836,0.44722182062409666
101,7.334748903897259,0.04027675127776451,0.024307556833628924,0.487787059498496
101,7.64380799414128,0.03938244670354237,0.010218833495756807,0.4958369342913545
101,7.133389926245891,0.03938244670354237,0.024942225900097453,0.4917752735099904
101,6.521588943262753,0.0543811105441583,0.0327936044300452,0.4542786139084506
101,6.187112585282869,0.0668334206445541,0.052290008726165293,0.4261880646499
101,6.698743763522739,0.0516573558373048,0.04440022860385939,0.34969859645612
101,7.0699449524045885,0.04487207951479992,0.018006784645054896,0.3373876074421812
101,7.111378151349305,0.03539104740433152,0.022024068365050053,0.3136850271660102
101,7.2798025089919065,0.03249624341926838,0.02055002882727336,0.2933394707120811
101,7.581874479406698,0.02541399184557902,0.017723958446485943,0.2725849695114635
101,8.25029187409884,0.020233696622338405,0.010565302309052782,0.2578915538191092
101,8.481316329185221,0.01868005107951356,0.00734898218495833,0.25145436489335793
101,8.141705489996525,0.01868005107951356,0.011727404152473309,0.24319358944919256
101,7.871502460777762,0.02196489540192148,0.012928051330216794,0.2279995565884113
101,7.670929727134302,0.026229723321782417,0.015310784406764644,0.21733748678875897
101,7.187537372036179,0.032832328016784394,0.020923916911627816,0.19737798777488202
101,7.007659013987601,0.03390065590856326,0.022938317886413262,0.17548965296550334
101,7.450386565292313,0.026078810935222706,0.015982149243431,0.1515013520020555
101,7.553878444055426,0.022888411925857045,0.012913105248212153,0.14352535447864134
101,7.8206696424502695,0.019667765422267402,0.011454523702619512,0.1256751415056312
101,7.932922661361095,0.019667765422267402,0.007946145133874871,0.12061630707340232
101,7.361560470358863,0.02207874633928446,0.014326222254847532,0.10978285123788145
101,7.0349275941518155,0.024855654914900716,0.016053246839108803,0.09196386256370725
101,6.957825807747177,0.024815898241129418,0.014904028722333484,0.07767635755966384
101,7.161197324245249,0.023431163195128522,0.010358095144686275,0.062155805119040286
101,7.003724590483124,0.023431163195128522,0.012964098676383207,0.056960167270291295
101,6.111949920007897,0.027822457590503592,0.01775386652004385,0.03622760776627387
102,6.379906569922964,0.02756365785463912,0.01068348419426824,0.041216119038191966
102,6.42056872565078,0.02756365785463912,0.012295061608193662,0.050533489163476365
102,6.0192185131163995,0.03367275909108029,0.020663854252397727,0.06580624225457929
102,5.470979076861953,0.04913403718569574,0.045501360950135725,0.09186119766827182
102,6.091692525954087,0.0376480801350745,0.041147574019022325,0.15680896415485074
102,7.24275053048058,0.025917418231048345,0.011849747580558456,0.17415634570631647
102,7.635111780054276,0.023376572787187872,0.00636870644011131,0.18050845931596765
102,7.251812894100205,0.023376572787187872,0.01423073394170285,0.1868937585865391
102,6.452421973321888,0.03220704023232158,0.022799594370311344,0.20896992719937335
102,5.893173690043724,0.05102545633455231,0.05102181006718898,0.23249294732716178
102,5.284206074795295,0.10095784443635256,0.07552604550351301,0.3110135473337513
102,5.6321779047749825,0.07364964053238084,0.06378686114657334,0.3835450383341878
102,7.1300655053252004,0.03626233870509451,0.03063365134928933,0.438587269626898
102,7.371469631531445,0.03303476172786579,0.014344303167968697,0.44481234103276646
102,7.576848571001819,0.024049347755838224,0.017204518671476293,0.4672758759628354
102,8.046760620624099,0.020624847031093952,0.011016534703099018,0.47922137837571904
102,8.139514719437196,0.016589820233768204,0.011585261640609718,0.4893089453690334
102,8.83646028235166,0.011151770108435478,0.008177827475660843,0.4976080983430615
102,9.150387406259014,0.00984269064306883,0.004153448621098399,0.4943353996796449
102,9.331358310402567,0.00984269064306883,0.0033035482046591125,0.4893012011008647
102,9.111975390962066,0.010471849775284047,0.0064548030168636306,0.4877283032703267
102,7.562627955697733,0.019249030425260983,0.022087619102073075,0.47639159506713746
102,7.563594518086835,0.025620287045694724,0.019702607343244805,0.44355306506618053
102,7.827249934300523,0.025620287045694724,0.008824992521094643,0.43698638038064785
102,7.538312138599608,0.030053607188357367,0.010152156305057947,0.42590308002399124
102,6.890712784856882,0.037430416991124794,0.048737147147062454,0.41668206777053196
102,6.239053616485276,0.05683454544706619,0.05456226106553552,0.32842878572986633
102,6.715902988850874,0.040137553374741855,0.023962670578330625,0.3075575456394609
102,7.069924903500306,0.02931591294823952,0.022201565192677408,0.2805034445732051
102,8.211195090294193,0.022493529147921708,0.009404087361435165,0.2631544152541061
102,8.226313903548885,0.02190987098641317,0.009046944578606109,0.26169526985033476
102,7.534100169088861,0.02190987098641317,0.015449101740185656,0.24506052609689388
102,7.6430931513933,0.025662768343770792,0.012557171909085563,0.23079706636996344
102,7.346218033421082,0.02904502308490755,0.019971972768084434,0.21994618227872276
102,7.287721278450224,0.028798578846011603,0.01920886924929288,0.19085312083379458
102,7.380707439228433,0.028798578846011603,0.014714488928452008,0.181528443780137
102,7.410668934076108,0.028929752501111516,0.013438777642370892,0.16142414297689056
102,7.269434510271939,0.028929752501111516,0.01864530756323657,0.1546508884953952
102,6.901264604232168,0.028455471682024048,0.02213917987797165,0.12413352785041742
102,7.364367539384964,0.021370060410909407,0.012052929696537873,0.11037252873945191
102,7.469318893060112,0.017232116298065314,0.011420762511831273,0.10002766845734168
102,7.951780922447606,0.013857814173213256,0.00832626758320909,0.08753100371578937
102,8.171274714024763,0.013583232627112096,0.005031998582808894,0.0833751332909235
102,7.765507484813535,0.013583232627112096,0.007787571542750948,0.07746700655017158
102,7.200532034158933,0.017450039165012088,0.009858180488635349,0.0677999902054216
102,6.486050422936499,0.02323107505397004,0.020517084215834203,0.05775064557290088
103,5.084560358870366,0.05085012015318694,0.03723057273117506,0.04414139034994506
103,6.105615958773738,0.05085012015318694,0.025400922871355987,0.08752348072429146
103,6.2032329427356645,0.051341260007017955,0.02073206441829057,0.09494323609265704
103,5.70253359239637,0.05306493880428155,0.04127971231254046,0.1289876095608726
103,6.604496515855397,0.04493284670780781,0.028227460674409066,0.17750266071773796
103,6.743165797955793,0.041756898631026704,0.019522879138657162,0.18544253090969073
103,6.555907984228539,0.04106064010408306,0.02669324607927301,0.21654841899505228
103,7.10276060884219,0.04106064010408306,0.014395716642546741,0.23882902306823675
103,6.943631324805562,0.04161383441411405,0.030899456363138497,0.24533985228014576
103,7.783886847160916,0.028672680527427573,0.028790752344372367,0.30062793579451375
103,8.068264812657224,0.027755312057676874,0.004970879682461238,0.3029213569688905
103,7.6809557928723535,0.024723853334118962,0.010895549900354101,0.3105696951594362
103,7.246728365633555,0.024723853334118962,0.020906929121731616,0.3247124567695987
103,7.546437281814865,0.0284893219504318,0.01796489382566921,0.35238355340289945
103,7.910763836986472,0.03171862197338428,0.0076203837116742,0.3606422444209371
103,7.437258919228014,0.034511452535508566,0.02867500276536683,0.36762432082624785
103,7.257144018659136,0.03706651060906165,0.03136789055647965,0.4179922499516708
103,7.811959806249725,0.030307071209916058,0.012847181060230944,0.43036010193920715
103,7.896396027810628,0.02497646715674585,0.014522165480083837,0.44368661207213267
103,7.964112956346389,0.02497646715674585,0.014897932371860573,0.4594044328993748
103,8.146030526689726,0.02565413641349181,0.012314978566068197,0.4734824768158538
103,8.002926275043631,0.02669257754141312,0.01536124265747743,0.4840343900315112
103,7.7447887070606996,0.027675326587878878,0.0188813336502979,0.4957950378691913
103,8.104165086458302,0.027675326587878878,0.013030392254256895,0.478202942667893
103,8.071015752274578,0.02855631867426104,0.013119300307015802,0.46973425336067753
103,7.495262155006227,0.03293024203263055,0.022125425820474276,0.4519643420538614
103,7.280245168986848,0.03593456267610997,0.02516553104642133,0.425483401719729
103,7.753009492313566,0.030743138852434494,0.0166060912416629,0.4016332799610187
103,7.829662077810924,0.030743138852434494,0.01401429770236129,0.3922712192364032
103,7.546417319651817,0.03335679160059626,0.016390896778332942,0.37360468455629614
103,7.1911330803929445,0.035600001003955994,0.027047425939079994,0.3594894256797373
103,7.349485984928879,0.026001656436125332,0.02448975265183634,0.31950983267813615
103,7.741880137557151,0.022401691515296716,0.010526035031971803,0.3105099203760646
103,7.9524272665712115,0.022401691515296716,0.00908863155077777,0.29845776261419255
103,8.035834736943723,0.024508830042796005,0.005873730672719846,0.2923326572745091
103,7.37269628412011,0.026757772445098492,0.032721125181678856,0.28671030126875285
103,6.060069432633936,0.050179134285858365,0.04430826641736951,0.22689040691115137
103,6.535372360011857,0.050179134285858365,0.022327362985869348,0.19809376843401383
103,6.863322423606161,0.04756130357376809,0.01169276189115942,0.18223568093941267
103,6.499982702491802,0.04756130357376809,0.03968935993295175,0.174708244651695
103,6.166961045407296,0.027361105938360365,0.04143005598058086,0.10285696107350917
103,7.41464898013331,0.018554043231979643,0.006710109399359732,0.09184813269053327
103,7.460765340822018,0.017589487065682217,0.006778436684388656,0.0894367422747897
103,6.901583015654572,0.017589487065682217,0.010391663492534786,0.07829125932175596
103,6.5532169569298055,0.02144462467849655,0.0145207666114055,0.06865341528972013
103,5.678882630322457,0.03305824425440427,0.02673213264088864,0.04924972609894496
104,5.431027355630189,0.030503004243555943,0.025243838879355232,0.030337594545294236
104,6.524146770300798,0.02054776553000437,0.016882303846315498,0.055940971765937104
104,7.385611319114577,0.017283273341209122,0.006160882000250573,0.06410220223792523
104,7.6627259719969345,0.017283273341209122,0.00382693570772228,0.06826273576643825
104,7.169544098473475,0.018680608495981736,0.014257795034477938,0.07175607365336979
104,5.90984095684857,0.03415162896047885,0.03436453853325624,0.09677832583539413
104,6.390374153882268,0.04034215809513721,0.029874607310872624,0.14048515071988227
104,6.93911279159949,0.03760739857908807,0.015079123066958314,0.15652754045713937
104,7.067265797075365,0.0351415452455166,0.013515931458127281,0.1706433968537989
104,6.680988494484723,0.0351415452455166,0.028490906413432188,0.18355940337339394
104,7.319048722077085,0.03003889145498237,0.024309898915476205,0.22762520968066327
104,7.704632203654127,0.03003889145498237,0.006257219249340848,0.23217920120434635
104,7.288658155908303,0.03024718893788029,0.013762208297365144,0.24013964817934497
104,6.537684825404642,0.038072776785772956,0.02730842239501921,0.25970361779907664
104,5.7881534867244415,0.06200336959263368,0.06284571405968642,0.2947564929693834
104,7.040483723031272,0.030038818865324935,0.0486586622937219,0.3853950459184495
104,7.929816497475353,0.024695801554622764,0.00523060170565931,0.3920738175568272
104,7.791576694652752,0.023182828845446403,0.01161575486749733,0.3958562493297681
104,7.414468642180058,0.023182828845446403,0.0173089554020025,0.41530532729182185
104,7.739007458369654,0.021035772298990684,0.014077221157429987,0.4304741601337731
104,8.14280991646881,0.016510622587153266,0.010273988443098458,0.4434597696066818
104,8.844217759604497,0.016510622587153266,0.004436461008491405,0.45102213701997
104,8.734913629782046,0.017034844428631114,0.008707702152219221,0.45233269162366463
104,7.325261966991759,0.02442131121308635,0.020874999426315655,0.46843754132440846
104,6.80908933085132,0.039019665312547434,0.029981625100570924,0.49408269047629594
104,6.842640704317988,0.045909516465544586,0.02516226202631905,0.4715992084744497
104,6.722498340015997,0.045909516465544586,0.027526912763057687,0.45559278547106596
104,6.5219409527085865,0.061528477474637244,0.02409977977222194,0.4165453829483343
104,6.314787473978635,0.06545242951553246,0.05816626094415439,0.4073932259266221
104,5.555752307177313,0.059798753241274524,0.07446357364281692,0.30021286106002554
104,6.7328493244384235,0.0264013273060447,0.028256715377224295,0.25846607864098825
104,7.956990696638385,0.015140322241453475,0.009834717772163215,0.24369943030557695
104,8.65485096737131,0.013179207357887423,0.003762331472845881,0.23879664309666182
104,8.477896581402849,0.013179207357887423,0.006931511703009485,0.23617476735988518
104,7.77602746089127,0.014928191440498262,0.01110851957831166,0.22493361969064285
104,7.742289801616598,0.019273881570951536,0.009897542012457461,0.21395772820326187
104,7.379776858497961,0.02280155858596511,0.014759184889909738,0.20513853566572793
104,6.428002000283326,0.03738413393849849,0.03258631485451485,0.1844393584234424
104,6.395843060978909,0.04785335131186712,0.0268008157297856,0.13996590595669822
104,6.364918178262103,0.04783090086293353,0.02582143369372536,0.1308377269638712
104,6.063507756907405,0.03862971243427142,0.029860724505228475,0.0883230385692475
104,6.434113523418125,0.028907202383460406,0.015836934031282557,0.07111627795341424
104,6.379821157162953,0.023120359404767664,0.016451808547525537,0.05664917050668239
104,6.785038114150613,0.01941522584210644,0.011569003483002882,0.03821266085836317
104,7.082768582842178,0.018596435667694245,0.004724897625948576,0.033511163540676625
104,6.5298634998771465,0.018596435667694245,0.01344160628994584,0.028762865606466015
105,5.534793777034977,0.0542406624332981,0.031845445613940274,0.06497358510815376
105,5.979532564471146,0.04517377405165932,0.032477014338178664,0.1029943588276935
105,6.794231572975155,0.036465977478435996,0.01978201671727957,0.1299276137845111
105,7.081468359773226,0.03141366608733938,0.015363330981341003,0.14255839226225264
105,7.055035575769412,0.027570015715110474,0.019612447844909564,0.1606542757471931
105,7.669870261892408,0.02122827710179201,0.014728427932348076,0.18178328795207177
105,8.097322916789915,0.017897139637865017,0.008656326426738206,0.19011113161188925
105,8.208527956276415,0.01711025769923779,0.00857700207244122,0.19909594080554818
105,8.178749386762881,0.01711025769923779,0.008288688066305575,0.2072651357567717
105,7.7685700661727655,0.020473530171792848,0.013169030206997723,0.21567331693815933
105,7.010009394369241,0.029016234636503553,0.023455946706959052,0.23360319617076714
105,6.966219657742023,0.04060904030902767,0.018661981994692628,0.26258521035207744
105,6.7607388968339475,0.04728260015548764,0.04018829688807485,0.2709271601601524
105,6.653859978233127,0.04573583389449938,0.044678053780618704,0.34296180412822713
105,7.654926316054723,0.035727179115285515,0.012239489468690024,0.3602832677213898
105,7.727838022641992,0.03286417297759856,0.012341959468187724,0.3674407830656072
105,7.187885222757228,0.03286417297759856,0.024179860753480636,0.38496718665776525
105,7.2160100437176045,0.037880980274092826,0.024635920957558982,0.41580050457256845
105,7.414629763895643,0.03634754411883945,0.020253400367419766,0.4342390285728832
105,7.703991498779814,0.03124930661744104,0.016414006606615295,0.456307305307408
105,7.658192363770761,0.03124930661744104,0.01853139399824219,0.4670670417861138
105,7.710191370557597,0.03311450158257151,0.017544597331972445,0.49337009330389237
105,7.697665522739797,0.03395723246502865,0.017144730260709562,0.4978437635499413
105,7.1541772725819985,0.03916349982067548,0.027279287998564272,0.4723404461746885
105,7.3464353455365785,0.03615085931911151,0.023188475272816034,0.44328518755281276
105,7.573908071646461,0.030629883997020314,0.01791185639453069,0.42596349562905644
105,7.921449213803629,0.023831723547564687,0.013336682669989608,0.4074614747637514
105,7.899774179658621,0.023831723547564687,0.012886685222561922,0.3992901302890772
105,7.749607197446805,0.030555052104272784,0.011358412344492419,0.38168810431862754
105,7.49541268476727,0.032600971591686845,0.030004837038413168,0.3765733056000924
105,6.596800933400379,0.04740003922192968,0.03954987070273913,0.3216784302418012
105,7.131738616892387,0.040424010670853126,0.02077028920154672,0.2974735641946141
105,7.397671844623728,0.035883527279164884,0.01607266808853164,0.28013785183870776
105,7.340450840429254,0.035883527279164884,0.015999342506362146,0.26532822801755085
105,6.843612143852929,0.04185428585539439,0.029461706490893247,0.24813916682598347
105,6.480182117969738,0.04377003758878837,0.034507466956915256,0.20640481503576436
105,7.196960076915948,0.03317502912904711,0.018186286143506758,0.17912423291215296
105,7.341497435842511,0.029538233063686258,0.013629343318849962,0.17003224274875084
105,7.0211865186370535,0.025529700173342794,0.01948759931145383,0.15186554627445303
105,7.557650000425586,0.022287068318406832,0.013459005648256195,0.13105704412584318
105,7.852339033112358,0.02078089186569494,0.006844051080492075,0.12494753497794064
105,7.4274479747305975,0.02078089186569494,0.012872260181863715,0.11736894196485903
105,6.942113676981775,0.022148293658307793,0.014987616247084556,0.09920301461421321
105,6.848819272404227,0.026872015715717113,0.01158384296100623,0.08739370947068992
105,6.163086381314937,0.035600997274597625,0.032295740446288745,0.07603532869220075
105,5.489961275253709,0.044594563008724886,0.02958915976841686,0.022802228578112427
106,6.175058445642476,0.021260222072260897,0.011164511120933942,0.01900937464124169
106,6.280265662487881,0.0212602220722609,0.013757525196944129,0.027906119609711233
106,6.5742494216355345,0.01828547316775322,0.014275459057918563,0.04652442503512995
106,7.491988757157969,0.018285473167753218,0.0060590403686304715,0.05645703772554836
106,7.469661406755449,0.019159660386490234,0.006655351950680684,0.05864250577239089
106,6.412452737097916,0.024688723279681038,0.022513986944032772,0.06976774162690973
106,6.376594193263498,0.03452395140860363,0.022678771015972966,0.10367047966045644
106,6.46982305258015,0.039105873007963324,0.0175103995940493,0.11512528365885566
106,5.820820998737146,0.05502142830052266,0.046645675418491794,0.13869127884855503
106,6.794402281473353,0.03281063170240684,0.03893572712794288,0.20841663449583925
106,7.463442748609108,0.02809596507971372,0.008614220930093314,0.2165627331044408
106,7.541922642595399,0.024463027779079688,0.010200825101720323,0.22564507635602588
106,7.3972638417845875,0.024463027779079688,0.011588535861866492,0.23696438330788144
106,6.892924505378148,0.029206133687830656,0.025094334078091307,0.24882214807975886
106,6.0425612966436155,0.05508893592161439,0.04657885899211396,0.28715305146406406
106,5.9646098730931705,0.071146207421907,0.05247996420044815,0.3419798660639868
106,6.652437089849999,0.054133729146765806,0.035277666316407,0.39211297986496035
106,7.1721782330692,0.04596484161402964,0.01846247214531163,0.4125351986968008
106,7.097085153885529,0.04596484161402964,0.0235138553997499,0.4290379241555836
106,6.8604649266036395,0.04615645137499034,0.02940674744421415,0.4595629094963006
106,6.869861570518336,0.04615645137499034,0.029269235000222632,0.4878514190440119
106,7.333828547174818,0.04295177651821813,0.019057035819433493,0.48189862050325416
106,7.2530664663837285,0.04295177651821813,0.026482662791762257,0.4740345093171211
106,7.267414841454376,0.0359297456136757,0.028638452091060418,0.42893329491972965
106,7.828418433614745,0.03164837559268032,0.011062961116914793,0.41675760513500026
106,7.656443975987704,0.029603534992661086,0.017552443142087093,0.40680737268590006
106,7.676467541604927,0.02763436586199135,0.0168919664070884,0.3816527188508261
106,7.680725885068597,0.02763436586199135,0.015924139898025436,0.37302343987172326
106,7.6645996626159425,0.03214324979529284,0.01440272571822604,0.3498044390547752
106,7.53885491228978,0.03437783004309445,0.021529792056418195,0.3442179884352712
106,6.6809840910694245,0.04680611978684999,0.033782129867138855,0.3067448549419388
106,6.836958729277199,0.03759514809845075,0.028564085078675694,0.2766537287009935
106,7.452320883352272,0.022167960324607616,0.019402999245051622,0.24961668478458743
106,8.362350811503067,0.017460378495128735,0.008099577496393173,0.23784773021089023
106,8.62698559741679,0.017460378495128735,0.004999687222751736,0.23341752979180108
106,8.189822124011844,0.019525046313267125,0.008933582064080736,0.22784835576538676
106,7.242154407473786,0.024444242353965983,0.023995181986735004,0.2155503656636396
106,7.6298592654013975,0.02464474154713525,0.020119684742889443,0.17985799179191675
106,8.070272653408654,0.023622106650428586,0.005406182552382899,0.17531099617786072
106,7.73801888932196,0.023622106650428586,0.00981730677880277,0.16904562668715095
106,6.970822587844131,0.028969804277186893,0.02057940780664147,0.15567638262025518
106,6.2929325466723,0.03800170604835464,0.03040791356914907,0.127886811073868
106,6.7721024512350105,0.032167557311786645,0.020304851193099716,0.09486055548195704
106,7.071476449533682,0.032167557311786645,0.008668263520805075,0.08727710868766858
106,6.580091209066577,0.03302262617674072,0.017246141599268516,0.07752402844034689
106,5.56684253237399,0.038454875338105876,0.03146076900501765,0.05278482548913155
107,6.762281278080799,0.025800156247603144,0.004270323679099804,0.028281254216714517
107,6.352281950845658,0.025800156247603144,0.017425891907237687,0.03268376403711743
107,5.937556916825704,0.0310879622901598,0.02646229301411165,0.06313303803118989
107,6.801054131997809,0.03289240632475596,0.014336760127914128,0.08560835006534073
107,6.805100207758004,0.03269382595795802,0.017919811097898135,0.09180655828701814
107,6.831045225790273,0.032350588520185575,0.02041304746112728,0.121447972261137
107,7.067616572701537,0.032350588520185575,0.014244239220896078,0.1326326532092727
107,6.783569360252972,0.03604296900576348,0.022707033046474603,0.14993645070292916
107,6.776132469976776,0.039138325549206134,0.02409120403908252,0.1780467193022219
107,6.884569289171196,0.03481956768125806,0.02295743582463569,0.1981188587810942
107,7.3214433692692475,0.031521451616768295,0.01805407122338637,0.2239615909514933
107,7.696185980144888,0.031521451616768295,0.00902484203084103,0.23422700122786694
107,7.307557030394801,0.033440503308744415,0.02363457482487083,0.24201127501317535
107,6.773505805124751,0.04081066416941871,0.02899563330010861,0.2814961508776086
107,6.926648156217507,0.0482132204637323,0.020629172335509677,0.30000254161339257
107,6.489451552760638,0.05194625072681543,0.04025829278439491,0.32275449554862795
107,7.067299265522797,0.04120907304357444,0.03322125140363061,0.3805191271821824
107,7.76053683161372,0.040821064014084404,0.006874594476726142,0.38919699835588917
107,7.498631252232392,0.040821064014084404,0.01832960835733105,0.3942683161356347
107,6.445977028676463,0.045531140158633146,0.04109154690765046,0.42585621507055127
107,6.964014562712116,0.04567366320721693,0.03173815118741691,0.4764514099509356
107,7.196982264302279,0.04052122020943714,0.019949864419850805,0.4893325174453851
107,7.370904045981362,0.03825413705449574,0.019440833845502714,0.4836488612093628
107,7.409324165338538,0.03825413705449574,0.016664890398196353,0.4717858148636095
107,6.795292239718136,0.046840830834751504,0.03364823079981283,0.4503190804129701
107,6.368715315276122,0.06129641390605352,0.04315902726054477,0.40448935326398383
107,6.555819773417926,0.051238427289473275,0.03685402273208671,0.36400102589188055
107,7.524174310362328,0.036572803602202185,0.019688190140291995,0.3307813077998104
107,7.66039730529352,0.03411013872679665,0.013086104095651474,0.32462464561129656
107,7.195084763093254,0.03411013872679665,0.022169702069325947,0.30460909960850746
107,7.243012853380476,0.03664284812087715,0.02032357751032765,0.28028524147264466
107,7.136144339217221,0.03807184383378424,0.023865807558956398,0.26396194458785216
107,7.260542020373819,0.028817962551546738,0.023436292558086214,0.23255362635473187
107,7.984108577190105,0.021001686072841586,0.011849772840530182,0.21708935947167973
107,8.43039668007718,0.017707574553638295,0.007091044552528347,0.2088540806736715
107,8.267254559965682,0.017707574553638295,0.010085890145665855,0.20290727036662304
107,7.967724373072661,0.017802769641814285,0.01226882369184712,0.1886823003823398
107,8.127593502918952,0.017802769641814285,0.009746551851452678,0.1783696229829288
107,8.303455598705712,0.017865785494848473,0.007249319715864566,0.16918919667943444
107,8.039048715585649,0.018639139192249445,0.010809555326209641,0.16387098355119967
107,7.193474170054154,0.025159498201923248,0.016133314522979336,0.14757008602701516
107,6.6225878416328,0.03440184718417294,0.02769624811151239,0.131604354505241
107,6.210445748790792,0.04133822908101057,0.02813411897861834,0.09217758980399038
107,6.258768030574706,0.03548741233305399,0.02065271177889305,0.07533611654800432
107,6.216833682819303,0.029515407930487503,0.018441757205509612,0.050872166246204276
107,6.4798550813991795,0.029515407930487503,0.009257967718713955,0.03845260213698509
108,6.398318564419791,0.020414501422207916,0.011933561381976395,0.03342539788282464
108,6.732018181621374,0.020414501422207916,0.009055842459040828,0.042077738203493024
108,6.710625726778161,0.024198239261173222,0.00900798061275605,0.0515370828009063
108,6.209981977412853,0.028547477706267792,0.028085020885090746,0.060093699429005124
108,6.060465018623075,0.046659574520768334,0.030345453223866163,0.10770712457108779
108,6.180747947467543,0.04626354846927781,0.027034569288799985,0.12078460587673745
108,6.7725328651448535,0.03481057728687115,0.024645152251339106,0.16177626314868776
108,7.043111629875028,0.03262015013004082,0.013137867773214129,0.17007491037941566
108,6.846004171525451,0.03262015013004082,0.018059530288460704,0.18805199869511602
108,6.780450767167492,0.03987693903452924,0.016719280854237933,0.20619397095633707
108,6.275357612552504,0.04682498341124955,0.044778204034345764,0.22149056040359189
108,5.55883905998694,0.0737022471312891,0.0672359700537124,0.2957503790250286
108,7.0014375819812695,0.02785926025040538,0.0352545649430544,0.3559625005110167
108,7.970798806119729,0.019621653530308814,0.008018853539573656,0.3662595089111374
108,8.087685180299376,0.017325374058698172,0.008385603605833847,0.372000207590164
108,7.831414658370951,0.017325374058698172,0.011499720708927824,0.3830307161228051
108,7.809047250912078,0.022112947212783996,0.00989400302608956,0.39499964900801965
108,7.386020518104004,0.027340491521847875,0.02476836185419662,0.4028187221749842
108,6.948433369027195,0.04555224482700684,0.024629374566516177,0.4445363727164129
108,6.8777713979458746,0.04856868426364831,0.0337300473500004,0.45207747130801657
108,6.885216159282953,0.042107135526024256,0.03732569058566271,0.4880035325835863
108,7.757373587912012,0.03620980168697028,0.010347016594695946,0.473271147520658
108,7.668637152913516,0.033825142436384834,0.016498891753237432,0.4673094993941944
108,7.173030999213067,0.033825142436384834,0.023921347513590263,0.44027336401418316
108,7.333388867793087,0.03603092695689523,0.02027753253943282,0.4194668043670139
108,7.395321794500733,0.03224863045676276,0.01897626576239292,0.3997182989353175
108,7.305828982545943,0.03224863045676276,0.020009309805828657,0.38151427284222805
108,7.7364933793856085,0.03073521294063384,0.012256454987707777,0.3596996793236602
108,7.660453578129738,0.03073521294063384,0.019878446988374765,0.3570013628668125
108,6.913751678811527,0.04312802541996288,0.023344662341249545,0.3199427853469107
108,6.779477337864007,0.04606749863423909,0.0338112104726242,0.3103120381843134
108,6.784138057271491,0.0477870407563441,0.033319053202050586,0.2523203644016623
108,6.964371615903082,0.0477870407563441,0.016450170929039887,0.24367393178021224
108,6.435503581990888,0.04864743770360232,0.03156395097642056,0.2194200225435825
108,6.349561804004582,0.0442681301902607,0.03321520556918267,0.1805460298273711
108,6.874530797605971,0.03310696516240301,0.02095227042625697,0.15298961140521716
108,7.4274599074053125,0.027367716190259017,0.011160689292714576,0.13864148897485717
108,7.406066367031075,0.027280404897569353,0.011099061793765852,0.130668232819788
108,6.779523219687691,0.027280404897569353,0.021220640885375563,0.11644336538732547
108,6.993357076586635,0.021058480127194735,0.017608186555836125,0.08822695104903688
108,7.696987501792435,0.02052900163413185,0.005341262348936504,0.08122699227565322
108,7.668183221248366,0.02052900163413185,0.004976131141146811,0.07754442635116388
108,6.785461976508354,0.022118025727930868,0.02155564107716551,0.0712747299933596
108,6.296277356563855,0.024161728483667266,0.020287181573676205,0.034433144196832854
108,6.377252141439845,0.022668617543337,0.010195116166903828,0.030700366846007188
108,6.138871760762074,0.022668617543337,0.010839062694758872,0.014042911863025198
109,6.681190071350297,0.018887332105585512,0.006643827099871575,0.019249744969857454
109,6.613382199549942,0.018887332105585512,0.009651456956031994,0.02375095361740133
109,6.025681743990041,0.024808014211393555,0.019047569399359546,0.03855265888192144
109,5.908997452498509,0.03421012715680024,0.02612497240670466,0.06184609241612042
109,6.5834994807791665,0.035308754051695604,0.019054602362804922,0.09080260369533076
109,6.916692805275023,0.0358076140115003,0.009566485320764713,0.09995529714173026
109,6.436066863648556,0.039799724889552274,0.030196628215276716,0.10993557433686019
109,6.091868409322114,0.04712618463063648,0.03977637304240465,0.1603485535722837
109,7.025327274745012,0.029000697067699366,0.02119076617765063,0.1894883204216695
109,7.6442379522788,0.02348938862549127,0.012081810716566305,0.20273008592758496
109,8.015329838935724,0.019120646254604412,0.009556303611915215,0.2136519418548021
109,7.997578592943114,0.019120646254604412,0.010970168693592228,0.2218426931514154
109,8.014444158387363,0.019052910725711365,0.01109795696613064,0.23559227924198656
109,8.029020111602026,0.019052910725711365,0.010891906280995567,0.24403860708367667
109,8.041567580193165,0.01951963047844667,0.01044908095271492,0.2573760918039777
109,8.001765098946192,0.019582234436381456,0.009691389636125036,0.2649367689891065
109,7.463651810028476,0.02431107527122996,0.014142870628553711,0.27675887107622776
109,6.648884576720819,0.037327949799729525,0.036661843068383354,0.29322251024621393
109,6.354065742088967,0.06284841799252201,0.0315330750964693,0.35008255721299447
109,6.28581328042427,0.06781330057344845,0.05288087599351085,0.3562886604391525
109,6.841539078752476,0.03163384345037253,0.054130338894386065,0.4558443092000162
109,7.446935277259614,0.024669820228045748,0.01096966046324832,0.46454933822792466
109,8.084243954500144,0.019376103468610482,0.008713833718467096,0.4777836301265128
109,8.089925545463707,0.019376103468610482,0.00963763795842415,0.48197700566485885
109,7.507467042879711,0.022133275133771536,0.017022438762213626,0.4970589060433611
109,7.892875281116616,0.02379673806158772,0.012418327206072832,0.4839781168107139
109,7.89185382905913,0.02614620896807599,0.010931952654296195,0.4781044395444932
109,7.018378141698088,0.03596270460038699,0.030606976202902758,0.4621142115021215
109,6.762522182246375,0.03991960979621116,0.03482921795399141,0.4168904871386877
109,7.943467795058663,0.025773878412002803,0.014011156770538769,0.3924557755941387
109,8.03598773123488,0.024338837613391395,0.010617939741544014,0.38886817359761017
109,7.774832299003919,0.020944307519175642,0.014112197481640443,0.37121989611105066
109,7.796851038708967,0.020944307519175642,0.013281661296475511,0.3606437786343293
109,8.129815966420209,0.02383285356122833,0.009060911539918448,0.34465657351809964
109,8.043914938655364,0.02468670074667123,0.0151337610269216,0.3425219555544924
109,6.8403029091767005,0.03400545685508487,0.029229598233330267,0.31438905146425644
109,7.731791591031149,0.025865752102133287,0.01752291929242389,0.28406275908783185
109,7.974655490433657,0.023977933618764012,0.008027102354818516,0.27934321287940866
109,7.569899151225509,0.02201841694842561,0.014045054706719018,0.2680085543781948
109,7.470742883817861,0.02201841694842561,0.014682428442341688,0.25125310346597063
109,7.736339259587387,0.01974233360845943,0.009913731411072713,0.23864369749351144
109,7.602430035706437,0.017530631657118368,0.010983922230373255,0.2314256406438252
109,7.414069943463071,0.017530631657118368,0.010166723512517795,0.21667585303276493
109,7.489621263985047,0.019764095422708496,0.00538730818330202,0.21109219361878961
109,6.7522799652983725,0.023916860984811474,0.05433693872293133,0.2059012366661609
109,4.155814764112437,0.1044619767796466,0.09848007670980269,0.10241831617292696
110,6.482154505811161,0.02751515412989991,0.007482509273306338,0.020839087074357623
110,5.908851249220204,0.02751515412989991,0.021638083746091365,0.032617170645189104
110,6.283686116741717,0.03050527628260623,0.023358706982757518,0.06411525456654035
110,6.933220959326199,0.02522236722733301,0.0138498158925182,0.07933458461070414
110,7.456286285461575,0.020230246530983962,0.009806919063066591,0.09181488635157675
110,7.43761731550044,0.020230246530983962,0.01190416446699201,0.09894842273683732
110,7.525984386172563,0.022258840181144532,0.011447948712252819,0.11562321528556077
110,7.472321864499724,0.022258840181144532,0.014175024087692903,0.12184432016134296
110,7.563128427007905,0.020685337121627175,0.015009410748032505,0.14397326346094658
110,7.9688872649192835,0.020479091328267154,0.00806541581099085,0.15186314165740797
110,7.825486329809136,0.020479091328267154,0.010518553059120986,0.16010409508292828
110,7.486887714678003,0.023491719752298003,0.01348387198976339,0.17290024777564994
110,7.073046080131508,0.02916035626702005,0.020263382174508945,0.18707183906245506
110,6.481806404241651,0.04458585675091499,0.033757865948278815,0.21342701212466783
110,6.620525674843994,0.03957861526500231,0.03141250796080165,0.2545875709590127
110,7.489988356998145,0.03091283243009893,0.013568951280695574,0.27625202804627114
110,7.489570064669961,0.03091283243009893,0.01450122887653163,0.28172547352040384
110,7.2509205285634195,0.0324429114575794,0.015062670220152119,0.3052544857993344
110,7.083459403687193,0.035081442722128875,0.026209922127103907,0.3118508139607081
110,6.6852836306035,0.032477077245245914,0.02907074878668678,0.3576743300535422
110,7.044551169681691,0.032477077245245914,0.012134405914841662,0.36999231153408163
110,7.220706981535265,0.037257409384903475,0.00761862554421272,0.38194314188322553
110,6.928410728594381,0.0398865459763287,0.0636775803025611,0.38522956262250707
110,6.473773166295706,0.048329356643059575,0.06733777162905885,0.49070169751165227
110,6.984099740769297,0.03984391392923794,0.014489821899721034,0.4800948941193752
110,7.011564660512268,0.03249477776637193,0.020416630430829863,0.4617220537122102
110,7.406261548910063,0.03198554794143253,0.016139779008158273,0.4392616332577155
110,7.371532190959224,0.030750244591617414,0.018960502849973304,0.42944249569589366
110,7.38647044228833,0.03054339621566522,0.019537388783708975,0.4013406275577689
110,7.87383990459774,0.03054339621566522,0.008187006768140603,0.3903677181284757
110,7.568472789775133,0.03223222721094658,0.024187137422693572,0.3849666140214877
110,7.334893515289428,0.03431462936945151,0.0259684829993293,0.34199344328308856
110,7.64034719182101,0.032157108365519126,0.012679354721725433,0.3330296480228291
110,7.4473377732299015,0.02594774086554652,0.01846970064975073,0.3166347338396377
110,7.797585496027189,0.023225259197356962,0.015077775451396658,0.2960902467233276
110,8.208346877952737,0.023225259197356962,0.008370277782838442,0.2864791829368444
110,8.01077405129896,0.023345210263590953,0.011339862216164953,0.27934969115765074
110,7.308556733397565,0.02574522152119465,0.02001036431898051,0.2637994585045145
110,7.205573636290252,0.03431690042787616,0.016867433158434586,0.23932896251968971
110,6.984951218832936,0.03802264856069393,0.025339343383697976,0.2300645921876453
110,6.042292121701438,0.05672089040339021,0.0396881393418399,0.18865027575229376
110,5.890919542466363,0.05564177004364046,0.039200151906827296,0.1506883135039655
110,6.291085166905005,0.036600476046488105,0.027844482566368567,0.11024997193863917
110,6.861824011283255,0.030500226619523785,0.01215248051140222,0.09499934837122836
110,6.814682417086557,0.030500226619523785,0.012357823041470706,0.08594501091583473
110,6.1849021516108476,0.034740568285064576,0.019368611701871152,0.07028370228828695
111,6.470523730199553,0.027324750038061545,0.004570585985007487,0.02019932719499856
111,5.943838738742061,0.027324750038061545,0.022230342286870132,0.025338187385546645
111,5.5969673370822495,0.04305347979133841,0.02884185313050292,0.06466001176873883
111,5.638253974887371,0.05248813801241444,0.03755476955924581,0.08302189364655249
111,6.585305482496604,0.0354875661268247,0.03360595264965055,0.13976955088723045
111,7.33432822288714,0.02712270766090356,0.009445740642282041,0.1502337989458536
111,7.295926590714891,0.023751814370527185,0.013800158924061584,0.15866103217179453
111,7.172907735537982,0.023751814370527185,0.017189198429473973,0.17783411679397676
111,7.802639541194712,0.025446435878875528,0.009357895619409251,0.19303942903074248
111,7.7066636794978525,0.025446435878875528,0.01575074861986968,0.19654990803279526
111,7.364081728693471,0.0235359822543701,0.019563007527409526,0.22454092627048183
111,8.041838657660582,0.0235359822543701,0.008192736409136508,0.23567592308761431
111,7.957882700580424,0.02563617265482631,0.009765964670943289,0.24092639908875485
111,7.066800819284181,0.032171001696831195,0.025999104293272346,0.2552078524295009
111,6.5028333748010985,0.047126999317102604,0.03746490658800203,0.29292460767529954
111,7.03952906553268,0.04106341770058832,0.025729145117639518,0.33013766560550495
111,7.1868419318790515,0.035365324778558874,0.02207793380802811,0.3443828979105786
111,7.7869236200854095,0.019748925773206628,0.019205196570660027,0.37429353322156117
111,8.614661730868942,0.015198797498208183,0.006445718794578226,0.38279329105189863
111,8.647702279488488,0.013442125594680587,0.007009710569902294,0.3871849708107176
111,8.719602461237802,0.013442125594680587,0.006016090788129064,0.3968127121917032
111,8.5713076300014,0.014403901672789599,0.009319923143599085,0.39921715238697575
111,7.221523134745004,0.026325507611827968,0.026030418338377576,0.4154525584789014
111,6.878453542235478,0.04465838971962993,0.026336408398176775,0.4512779890637309
111,6.679700961303471,0.05204118056826845,0.03593846948073984,0.46812537527525494
111,6.591222255246267,0.05846529331708594,0.03337396209761492,0.4768450719747894
111,6.547471526445434,0.05846529331708594,0.03772467977426969,0.4651267005295152
111,7.170551689675776,0.042291757080016666,0.0332669362174533,0.40139571242625005
111,7.270781464916917,0.04117060334736009,0.012444127541968886,0.3985928280946086
111,6.6495296485847994,0.04117060334736009,0.027224649152255254,0.3765074573423123
111,7.012379855469202,0.04277192045329385,0.01894811008057462,0.3441435297900981
111,6.917729896185127,0.04498483749686788,0.03213095058232879,0.33861123718116304
111,6.98966983754685,0.0385804038004496,0.03292717059036726,0.2798816286254405
111,7.247222498655736,0.034548484515800816,0.013635674112589036,0.2727568960004285
111,7.335308004831972,0.02648983827573439,0.014545723830726331,0.25261028040026245
111,7.243326968380146,0.02648983827573439,0.01814440054234634,0.24366544833897585
111,7.482027208112333,0.02686462720918441,0.015426381173030967,0.21632147931556978
111,7.511812389103634,0.02686462720918441,0.011558916502179772,0.21281268599291392
111,6.679221087113007,0.03470824308186589,0.02027747314407602,0.19320364631121023
111,6.03644179938701,0.04910460631612101,0.04474831852371558,0.17225773970476188
111,5.5542296447647175,0.049439692399051036,0.047962502083970515,0.10370700926377907
111,6.622595338203162,0.028798061799063635,0.01628042608207081,0.07633273553682085
111,6.737377811679896,0.026723430424190276,0.010975201465855344,0.07114615709963745
111,6.174022808323764,0.02563007492249434,0.018413538420181008,0.05438233260511016
111,6.402551233450296,0.024091159918840345,0.012757497845104881,0.034319080259275436
111,6.325758149618245,0.024091159918840345,0.011897323402177251,0.0288673369149004
112,6.150603054331679,0.0327319090851997,0.007105700780009074,0.020449403680857826
112,5.763883503052391,0.0327319090851997,0.02831876820475523,0.026750348894813657
112,5.7960147101065544,0.04697081293811924,0.03303012928082811,0.07708694009036829
112,6.08003197714536,0.04160656333927181,0.025675103095372825,0.09281060745646988
112,6.890405888482943,0.026194021753653783,0.022541198081291153,0.12843714628111394
112,7.450780799496711,0.022411678818478487,0.0096574287659065,0.13789300361905218
112,8.0541591024055,0.018549767087260145,0.00578821091199587,0.14775200381292694
112,7.946732085258562,0.018549767087260145,0.013112859190065315,0.14946942544304392
112,7.302299712216762,0.026205823500736046,0.016957208035124183,0.17397772219305757
112,7.3419079211396525,0.027685999165153047,0.017402132239647927,0.1833838415132923
112,7.663805320663448,0.02278548729444634,0.017039738787927833,0.20878198667235343
112,8.191700161660325,0.022419102965471848,0.007981396752626754,0.21746331908914796
112,8.08880716433164,0.022419102965471848,0.010199784247516067,0.22474478017760693
112,7.595898753273864,0.023167479199953343,0.01718610708137948,0.2378628875841801
112,7.586524872297136,0.029617820506256963,0.015992356215074485,0.2591169943403659
112,7.476299937729886,0.03072857664241214,0.02003925034357948,0.26984760001432906
112,7.679226410232519,0.029697595544353306,0.01823842512901533,0.29919549502752485
112,7.7619011911745375,0.02942300260115427,0.015329700412937325,0.3063244502723597
112,7.7884213672074365,0.02669379120526817,0.0170721353529337,0.3298548958533995
112,8.067054689746591,0.02669379120526817,0.011152022817479429,0.3404687209782271
112,7.799773661714619,0.026514508407028903,0.017873706867406164,0.35215894148835836
112,8.084247105997125,0.022389420560219732,0.016206615747843434,0.37621613471303944
112,8.481072646801165,0.020206540958992703,0.009025328972502689,0.3845721729840452
112,8.577083428961794,0.01985049243201712,0.008689880677294148,0.3942667926580448
112,8.363467239993128,0.01985049243201712,0.011747217162841689,0.4019519343386335
112,7.907848155100589,0.02454852960052526,0.01632123342710992,0.4177612269837282
112,7.831438863408611,0.027811006502280765,0.016708346411520053,0.43459440119285336
112,7.8482011299669345,0.024805560334608723,0.01633413214966767,0.4511779198067683
112,8.034893549847311,0.02194312491189987,0.013733582774846986,0.4672626654921887
112,8.598749417305328,0.01999839830290967,0.0071954666577769,0.4786450853564623
112,8.469845056868925,0.01999839830290967,0.011903420765321332,0.4816535988077425
112,7.744035853831657,0.025254385176112937,0.015659268833688844,0.49754807311289506
112,7.6045097567478255,0.028441469320606084,0.017978642643814047,0.4870278635248798
112,7.2657645689997485,0.034801627610614075,0.02030223626468336,0.46159078782526697
112,7.142817808090586,0.03916303391800373,0.020345383434542508,0.4464233909955131
112,6.56881840233256,0.04551463199966484,0.031697624037092476,0.42090002095618195
112,6.454596873925436,0.03959963546047078,0.028679651243178172,0.38302814292132814
112,6.730225132930965,0.03959963546047078,0.016107734595334933,0.3635407184698256
112,6.63302993998165,0.04469085335613772,0.012770366549820111,0.3508126737306583
112,5.827053264693706,0.05494100404451603,0.11034991070784045,0.3379999853701854
112,4.971315148028367,0.04580268721771601,0.11341065968073699,0.13011285231497738
112,5.795666560432778,0.030655338172703227,0.017477226981092164,0.1111786660087114
112,6.272845182578679,0.024247231110335887,0.013143925831131997,0.09515839835279305
112,6.296265013423008,0.022116692259898697,0.013578149337638623,0.08489081434644741
112,6.453871166234107,0.022116692259898697,0.011284983622804112,0.0680020996775158
112,6.426943460358218,0.024389193290569343,0.008840314523706205,0.06232084710083918
113,5.883731906500636,0.024503377770425747,0.018786460368087107,0.026705783934968624
113,6.6563821222740405,0.02390587182707797,0.012131740887381276,0.04153801685030127
113,6.9879885011069875,0.02386982045641239,0.00957123474544535,0.050969265709731176
113,6.81610053088258,0.02386982045641239,0.014559619137066243,0.06068048634119197
113,6.643967534323189,0.028653412060380336,0.018556346055407714,0.08008850398386366
113,6.74184260503643,0.030025729313168874,0.01924232139169569,0.0977931784520074
113,7.232947238816613,0.023792584098664117,0.014835218219859232,0.11857314676725504
113,7.406973938192596,0.021002358570307057,0.01204045345833573,0.12746361489172586
113,7.897668746285714,0.016662583241794933,0.008918233114534227,0.1426540536839265
113,7.881928696950407,0.016662583241794933,0.009116772236938131,0.14530008112079432
113,7.395343603587346,0.022897590056598312,0.01025798557624534,0.16088759815780276
113,7.138946042185465,0.026840353348984103,0.028238390205384503,0.165816052273285
113,6.838945093697697,0.04085613661581514,0.030709346692722322,0.21736437856857177
113,7.103845953644089,0.037904556620832155,0.01603221770134576,0.22723474565872964
113,6.94702287676784,0.034675658191925376,0.022225203395006332,0.2494288139712633
113,7.374388666322423,0.03370267622303063,0.014697589606739156,0.2716851524487423
113,7.2528392562349335,0.03251988427005473,0.022605965537982692,0.2788239931847416
113,7.6579530450428805,0.022662911211074676,0.02115851164984875,0.3168970835247077
113,8.256130000238663,0.02096533802718211,0.0038010987105831784,0.3211410164844391
113,7.908494879066969,0.02096533802718211,0.012243441034923752,0.32449928094587405
113,7.295051883928298,0.029416785070547135,0.013531161441882128,0.3456278985542866
113,7.068563735119132,0.03210190915615353,0.03418105762343679,0.3515616038296383
113,7.210660270814181,0.04236076355916304,0.032739918159687215,0.4139900138011602
113,7.399923937681306,0.04236076355916304,0.007514583334446684,0.41704144014901273
113,6.656505489917806,0.047151859687579366,0.029940636606410637,0.42901918047005355
113,5.819592082231875,0.06930401865903042,0.058885353597953854,0.476922713361834
113,5.98888105871036,0.06744732608740008,0.05296770666287465,0.45321011233403874
113,7.0341449913481755,0.04667647429724029,0.020272308880894763,0.4171418733124167
113,7.029096093298156,0.044885922801173296,0.023529063642829806,0.4126654945722492
113,6.550261195780845,0.03680426770881391,0.03354280764019518,0.3700837460267571
113,7.7220544154903505,0.028673401458889147,0.013579752566267422,0.34557987929185885
113,7.79212779486506,0.028673401458889147,0.009107112055293243,0.34292424089422224
113,7.140973457782895,0.0348968357440691,0.014126012186648718,0.32736565518127236
113,6.581750890459697,0.04078976347348897,0.04468880035869055,0.3146722165209248
113,6.827111770983626,0.029148974590484066,0.04108742770697099,0.23798805446389126
113,7.079169160006036,0.024756419904957316,0.013012994091703423,0.23249736110698282
113,7.754766351206335,0.016542301974357954,0.012493531943466196,0.21196206628048442
113,8.216662578760712,0.01629279179216787,0.004693922017861285,0.20751029722005043
113,7.898864710660506,0.01629279179216787,0.008929422352646987,0.20257422224476185
113,7.2899328314650464,0.021461899684170026,0.012147065678800917,0.18965145251475646
113,6.734803508290382,0.02854439279687655,0.027757825450283047,0.17828009088716001
113,6.083378787758754,0.03480003304900543,0.033374587135958034,0.13413580161419036
113,6.969462590711835,0.02575807904942686,0.014284155824294376,0.11153091661524395
113,7.50055411231358,0.02575807904942686,0.004984573230518041,0.10556748996560161
113,7.206504077869615,0.027360366973984362,0.00877016810797554,0.10156177015420786
113,5.886503831759209,0.03297039632708876,0.03884961734467973,0.08802715374965053
114,5.539110565271207,0.0485322348959155,0.026099092645978823,0.04517633073573501
114,5.863849717979461,0.0485322348959155,0.022991206369663304,0.06992154251825307
114,5.727616002777117,0.0551983409505901,0.0372795169650201,0.09115874347506162
114,5.927531077074711,0.05337816020736227,0.04100743591740874,0.14448057644829326
114,6.714474741738,0.04613436585150436,0.021336317559186482,0.1731736153098791
114,6.858486538895258,0.040542527348789506,0.01947561064599744,0.18715321156666623
114,6.593156580483916,0.03570472902547448,0.029711246843977038,0.21212483660187398
114,7.873471108712755,0.028512474004865306,0.018347330805208922,0.2465757052546203
114,8.112097130006154,0.0276149568217967,0.004502199942129637,0.24881949821229182
114,7.431006500561342,0.0276149568217967,0.01942205800957214,0.2555801051388796
114,7.251686262874609,0.026889002111567563,0.02338549983428717,0.2876636142314361
114,8.243773164305379,0.021702665714852732,0.009258221269914685,0.3023511048074539
114,8.322136514746543,0.021702665714852732,0.007812980877136,0.3061800567712655
114,7.764417324027102,0.026183882699062078,0.011885486323888195,0.3179770665617259
114,7.181231077795715,0.030973467841988456,0.030604513381486093,0.32995102941904186
114,6.841169817489191,0.04734324364212811,0.034452706146790496,0.3791860933246981
114,7.128188254324324,0.045977207402240296,0.023243770850139955,0.39885644171262286
114,7.400217083497298,0.037859332679023805,0.02022194453294135,0.425673635024978
114,7.371424585677314,0.036384072658799685,0.023616000319551356,0.43930033077850555
114,7.895402411626227,0.028427762052742344,0.020753268118163082,0.4729056356640807
114,8.304377476506934,0.025307054998574406,0.009566316233555833,0.4808068670148317
114,8.196195697863727,0.021760251813976828,0.013183204785210095,0.4920382681311924
114,8.224329651738447,0.020252392628912607,0.014149147801326672,0.4928267234147481
114,8.723782816179227,0.01669749821414218,0.00993445648781971,0.47966343626615426
114,9.023881852638041,0.01562530161530238,0.006782528923628128,0.4729578104391087
114,8.919814039432305,0.01562530161530238,0.007524799409058147,0.466098378418898
114,8.495669336542907,0.01890136833446463,0.011391753207644628,0.4579082116209924
114,7.867162146131017,0.025272239186819312,0.018793093410380934,0.44331487200360875
114,7.711258409159946,0.029550196428034116,0.019645627157237,0.4203220248002305
114,7.976573143906711,0.029550196428034116,0.014027771665122146,0.40402361768913475
114,7.957423343235957,0.03033293997429789,0.013259795281797326,0.3922664814699862
114,7.484299162529947,0.03287733360578948,0.023020587722013985,0.3775040271255401
114,7.3040566519068255,0.03402704725295584,0.02450395217331719,0.34622530602595825
114,7.786632288189667,0.030932298929116663,0.013704215206373271,0.3284961227789057
114,7.736766884804611,0.030932298929116663,0.014974271407158901,0.3188168756132117
114,7.335882824657865,0.03239264148386143,0.01930868495309529,0.2985475799645879
114,7.093432730363502,0.03437683843581858,0.022859784318714216,0.2801995057070211
114,7.118611237274464,0.034853060960749936,0.019625318281794646,0.2528280113271595
114,7.244066276248097,0.039604717834241,0.011653117658339873,0.24094886914343183
114,6.621617155635246,0.044860469992312746,0.04064629049711721,0.22952177601047974
114,5.754840819648459,0.04290332222298887,0.04907150965926599,0.1596562881491974
114,7.02148473010809,0.020281297057189153,0.016556233631134565,0.13137875669194776
114,7.313481469228723,0.01834732273518136,0.007611785969029727,0.12654382088692828
114,7.170576577155108,0.015237639643042523,0.009707863741890033,0.11615518475388831
114,7.342454872390435,0.015237639643042523,0.006798105429379087,0.10712809340314822
114,7.0584127858817105,0.017065287446249754,0.009462798291937413,0.10255897389513013
115,5.7294952626860045,0.042870658985231305,0.04107999904635876,0.07994692989427829
115,6.47460484011247,0.03473610861760963,0.012352312202673639,0.09253373082565261
115,6.649543880691606,0.029888979228020446,0.012572908668661807,0.10465155429962557
115,6.357978988520777,0.029888979228020446,0.02252571487702327,0.11767954816297622
115,6.521744346394489,0.03324491618719168,0.02075751539001707,0.1497029840536721
115,6.711797912798226,0.03704155414292699,0.011244433586929115,0.15919457894301037
115,6.0265243888972595,0.04743937197054296,0.05428724887174047,0.17219185122753033
115,5.773793903870386,0.056253975690086354,0.06477013046386965,0.2677690766864913
115,7.333303642792695,0.029083547315063695,0.019842721780945455,0.3017321121552696
115,7.584806591336101,0.02679458407781866,0.011017200160329893,0.3074545202483822
115,7.380259447342246,0.023546243167194513,0.01736406424243614,0.3237665124759294
115,8.153029588940994,0.023546243167194513,0.010606477897061567,0.3421826487332545
115,8.161258735794647,0.023692076864681322,0.010669797489496147,0.34497946827005255
115,7.46113108921959,0.025629173093968293,0.019191442764310424,0.3635222437122468
115,7.814421374922069,0.026026463899983966,0.014333826862955479,0.3833623537986734
115,7.900760215283743,0.029557481355777702,0.010951037589984558,0.39218989743815774
115,7.286686780742437,0.031681130970712755,0.026087603866905534,0.4052644289786425
115,7.4371661802797,0.04001468973023853,0.021293093336693936,0.4443651051719688
115,7.434093726911003,0.04015563579805215,0.022154651435349143,0.4478506156520304
115,7.194570020769136,0.033144087990730674,0.02911098561615097,0.4886744080426671
115,8.0228230261895,0.022418584865916625,0.013384889038539433,0.4939274131156677
115,8.405114900006481,0.01866994517175117,0.00951060446595453,0.48455581388025404
115,8.503582086202645,0.01866994517175117,0.009437095422784758,0.4749062041837586
115,8.461729851630611,0.018942562820511034,0.009517469153851488,0.4656816230346845
115,8.120563606416873,0.021101294288704886,0.014278947434149758,0.45587126587605564
115,7.994464424167603,0.022028017858784454,0.014614545131661771,0.437123728166385
115,8.177882192129122,0.018935196763207318,0.010357478735508074,0.4266421756127321
115,8.039955087911434,0.018935196763207318,0.010578297068815079,0.41640877069536886
115,8.12968634692985,0.023304472451314083,0.006670968513351749,0.40548558147510194
115,7.887898963101421,0.025239470696463352,0.030719975543195943,0.40306683366866536
115,7.224654820043831,0.038687227339765706,0.03209859661282094,0.34404563038871006
115,7.684833900735283,0.038687227339765706,0.005541525573264372,0.3388696404430235
115,7.194418249393517,0.04105005182010257,0.025769975647289722,0.3329625792421813
115,6.3570360255532865,0.04648714876680393,0.03908421473196416,0.28732968914844403
115,6.890000004350332,0.04857457220181623,0.023005710917622935,0.254794149778253
115,6.889437275919853,0.04355630091473526,0.02376374706293438,0.24131826731319816
115,6.67830142310627,0.037498645235914285,0.02884481655949167,0.20726665565238422
115,7.31707873199781,0.03301714594433789,0.016250671916382187,0.18362863419421482
115,7.423195456796791,0.02965482036131395,0.013068366821892774,0.17476531181961985
115,7.012226083354022,0.028300698544678406,0.019947348375780605,0.15749190055042928
115,7.2154855627679595,0.02628773327931182,0.01623395815463402,0.13487061506805864
115,7.4301371899517665,0.02628773327931182,0.010191430268203294,0.12502398424116123
115,7.073350813414848,0.02959873973874778,0.014423280986212927,0.11448775453165205
115,6.270707200214211,0.034567291156762825,0.02788006508306462,0.09617742226873538
115,5.918600546905696,0.04223312011243012,0.024768285422967884,0.05872762436552281
115,5.766324361922457,0.04223312011243012,0.023570637592281396,0.04664085142279961
116,5.966405636117583,0.024872225446249695,0.016835317320674774,0.0269959770548484
116,6.518740092072284,0.023374607144390706,0.014621726327655151,0.04509959726448957
116,7.136234006877115,0.022559652155406333,0.008173721335049532,0.0562394297101587
116,7.010539667819629,0.022559652155406333,0.013235836654762745,0.06144703993458863
116,6.596309031293886,0.028080054339716408,0.01776404095883344,0.08271110301968419
116,6.544984269793303,0.03378566187274494,0.02039450535809753,0.09697512185225551
116,6.311857079040767,0.04207680414598165,0.027005408043990098,0.12350011373587926
116,6.392627392959799,0.0421596633389142,0.026765560062221187,0.1509859379402357
116,6.844178326379394,0.04192885934079145,0.01749077278079844,0.17703123386032163
116,6.726897951112911,0.041928859340791456,0.025925400759652925,0.1859674835018326
116,6.342237485508194,0.053796709133566954,0.030172289928550602,0.22888203537962748
116,6.240987482106045,0.055444217644459094,0.03944603342601796,0.2463120633589338
116,6.842756746346069,0.041131118321211114,0.034351806007273084,0.3077741022316634
116,7.118183439097496,0.03823448906448449,0.01286772737229877,0.31501567537347996
116,6.791912874261571,0.03823448906448449,0.02108862052483179,0.33350955697626095
116,6.741655960165904,0.04770783284323753,0.018031127955417087,0.35719291642314355
116,6.340513927782588,0.053634423659184895,0.05787800710802171,0.3695718128870951
116,6.288889433945,0.05774691469402245,0.05913960750003866,0.47294893063918697
116,6.689973285257864,0.04933120728554828,0.02157758274996152,0.48785102788717244
116,6.860814402808053,0.038029979984773254,0.023183640844237102,0.48389590386089
116,7.415189396736913,0.038029979984773254,0.011437824266864571,0.46578169042435336
116,7.2377101615160075,0.03919391845525292,0.029818795382601626,0.46102025532716084
116,7.2911473267671525,0.028790441754793394,0.03116381809583274,0.4061440996591501
116,8.442126781388264,0.024158967617932504,0.004611463494366197,0.39869261913549536
116,8.425944608809111,0.023450389031901442,0.0054737052999941915,0.3969211726704177
116,7.351946635013821,0.023450389031901442,0.02238991374059679,0.387745208535507
116,7.478910016430126,0.02805693620786971,0.02156290797734106,0.35214134518922413
116,7.752116221609473,0.02805693620786971,0.010863102279275338,0.34461939258082486
116,7.647203916329763,0.030609101446558973,0.011565440218261447,0.33041514063067345
116,7.270482771377337,0.034179752841107566,0.025429177166443884,0.32148851214430196
116,6.473409051707901,0.049576010807973206,0.035844560667336545,0.2795567862977857
116,6.578248414131403,0.048936543426628364,0.030134986044632994,0.24979939080962887
116,7.021155991093516,0.03741783599279005,0.020479491611768652,0.2192868142085197
116,7.00805428186637,0.036095189423338316,0.020626031942278134,0.20884040758609157
116,7.26314520090034,0.03341403886478846,0.01708087707208128,0.17803475032396343
116,7.254208067333522,0.03341403886478846,0.01664874430115365,0.174678653441929
116,6.483792859937838,0.03553056671435258,0.027501395405440887,0.14473726172165613
116,6.812463163917357,0.02974204708442498,0.01957169181324564,0.11967586263104724
116,7.134567103147833,0.025537518140152593,0.01257388572073681,0.10559387809516485
116,7.434337918562639,0.024298558465618746,0.007667152503697927,0.09452809118957362
116,7.155653369687684,0.024298558465618746,0.018498171859905488,0.090259573087769
116,6.651478283314248,0.02537280237195525,0.019872927028804332,0.05753174746976264
116,6.902135996443293,0.022345802173900142,0.009544792870629815,0.05051371903016033
116,6.667900191064026,0.017517179253237213,0.012007099950747335,0.03844216172850301
116,6.664020295441242,0.01661063741075095,0.0101074242848197,0.02649951912866566
116,6.835595922040618,0.01661063741075095,0.006162309726977511,0.01822731315886361
117,6.5576800651917075,0.020596231397818965,0.010613401049681767,0.024422175530745844
117,6.7644238095191005,0.020596231397818965,0.008763769508624454,0.030308184147085207
117,6.414773125293129,0.023447955391388796,0.01695931586269859,0.04194971454799475
117,6.680617334408427,0.027422416296335943,0.016462636857012405,0.06422681587248238
117,6.837400048293322,0.0273566247602615,0.015231767850260598,0.07487498826201956
117,6.9500583043404625,0.021958697006587116,0.017237748686336235,0.09469035157300358
117,7.860798243568197,0.01675301515445772,0.009551726851552506,0.10935048563469203
117,8.160064352053798,0.01675301515445772,0.005545432097474226,0.11379380527610859
117,7.901780521776999,0.017403335011027466,0.007325970430073055,0.12044134982964048
117,7.3008408608609034,0.020605093533673152,0.01776143587170293,0.1284457461362547
117,6.705174483013164,0.029501183530935303,0.023521443319315827,0.15596422157304635
117,7.3516473537307885,0.032075748095091124,0.011384871487850626,0.17548863277488636
117,7.260336932913942,0.032075748095091124,0.02073180968243092,0.1787339645487476
117,6.798751452528102,0.03804164180354434,0.02292857986119981,0.2169522521397482
117,6.765031658393916,0.03804164180354434,0.025065891677697752,0.22459112427114722
117,6.794065361195971,0.04992182677791658,0.022558387221832857,0.2670840354951437
117,6.7678956363677765,0.050526192826692365,0.0330052525720628,0.26970789871481293
117,6.3097248266835875,0.05076853307417821,0.04437401898530288,0.3330945406392693
117,7.077840306452935,0.04514661644343139,0.01904388332991172,0.3584559366854187
117,7.163120125626591,0.04514661644343139,0.01781747977509343,0.37118230729909274
117,6.7636794609361415,0.05068563527726337,0.02526797371143341,0.39409089623560556
117,6.213022628742015,0.06107530182048025,0.053130456908463464,0.42171825472195956
117,7.215886322129636,0.033009194385321704,0.04265866491303333,0.4996481899474675
117,7.710378862201928,0.02766217478892672,0.008938187648874274,0.4929644154519738
117,7.553243032984287,0.023185134468024792,0.016284042232168172,0.48177181464971897
117,8.017629689166482,0.02057551316662083,0.014655925502546463,0.46039633098763744
117,8.515841193187136,0.019552667061531713,0.007396938955432308,0.45245996364462604
117,8.421064924578198,0.019552667061531713,0.00913369255489943,0.4456024530767728
117,7.9646233579509005,0.019649604524636644,0.014266355357024474,0.4341925785348272
117,7.882185927348695,0.026498738993477967,0.012622087173262575,0.41706974236272387
117,7.612374739981016,0.0301357662497723,0.022634524278770773,0.40894840418830203
117,7.196623083479491,0.03763461445927763,0.02630585394678947,0.3718006938051823
117,7.3743037109334,0.036178656707231346,0.019799851186222073,0.3563366962947231
117,7.624620860933863,0.030198579865378015,0.01761430798118213,0.3322009914327382
117,7.7358505208375075,0.02920650603498316,0.014658776222892245,0.3211080803323588
117,7.5514813934311675,0.028546708252955178,0.017877058722958916,0.3028834389869537
117,7.741245517569519,0.028546708252955178,0.01375380148772204,0.285353962886441
117,7.601899334439311,0.030016528840967793,0.016312396148558395,0.2753758360115096
117,7.11159597765584,0.02973397146826673,0.022109002305714442,0.2527291705893242
117,7.630817734339404,0.02973397146826673,0.01277548022743108,0.23115783140008073
117,7.591682757986376,0.0313258199745142,0.012352380394341167,0.22717821013446204
117,6.424825419474905,0.03977533721082786,0.034613779966006175,0.2064530706113984
117,6.292634223626017,0.04273226587294365,0.029334132677759417,0.1579506502024497
117,6.963820566019604,0.04304683297392346,0.006279161439778025,0.14778480525587956
117,6.7600112265255845,0.04400382414711783,0.03230708587797998,0.14539232732289364
117,4.9197614969624635,0.06644694653333869,0.0548349553541419,0.0831706334999196
118,5.732215148250246,0.030788658729486662,0.018853830130182107,0.0363164783829988
118,6.1335106728407105,0.030788658729486662,0.016406575606707247,0.058107387662424216
118,6.247319016028659,0.03519755550308229,0.012657547255615197,0.06912962959641329
118,5.618339193546886,0.04663183756487535,0.0503721027641549,0.08342248217365461
118,6.512713132116477,0.038878002041656895,0.045480348508447926,0.1698738351247231
118,6.73278199359882,0.035270526788995,0.013224225255096991,0.17438317919055046
118,6.642268007504784,0.026494884211248355,0.021881410607071786,0.19632228563491708
118,7.801970204628199,0.02244968141969541,0.012284320459400352,0.21814600040469403
118,7.915528739634102,0.021351710960085913,0.007935396821663276,0.22089092655371778
118,7.426640137976361,0.021351710960085913,0.013560058855761406,0.2340167940480206
118,7.355559618335467,0.026949411046973914,0.013036567516238343,0.2480110442652406
118,6.906528701526487,0.031853485203994274,0.02602567989245598,0.2600899290804973
118,5.9719557058562085,0.06066820170022633,0.05303628060882648,0.30006240405015255
118,6.405746285848473,0.04407929405543272,0.04597452568985155,0.36616249029815023
118,7.617834571723115,0.025818922924884913,0.01711920130355926,0.39201145542985566
118,8.23879177147745,0.022463147934719672,0.007403762103219996,0.40040089290526876
118,8.143640550664745,0.022463147934719672,0.009657062172539005,0.40681897963629565
118,7.535764391155048,0.025156098565489015,0.018768800891967474,0.41971501725034677
118,7.261057321889611,0.03501272423344255,0.020612602438970506,0.4443565814202306
118,7.031676121814856,0.041359670948717085,0.029479176739056645,0.4609402221282878
118,7.356859281403244,0.03463595021076549,0.0262467769477695,0.4966850651016561
118,8.022015066661035,0.03058841376057233,0.007716137149510138,0.4865662239761732
118,7.783638694643521,0.03058841376057233,0.01895132905445207,0.48125279080263583
118,7.561617266125435,0.02922561346518453,0.020900074662930423,0.4486635658672691
118,7.738764641476454,0.02897330692333582,0.01451891679926065,0.439452641476775
118,7.859377759976706,0.028015841269671625,0.014088250951071135,0.4196257322687478
118,7.853689736268892,0.028015841269671625,0.01301257029106373,0.4112761395746327
118,7.215168380770271,0.0313422222216152,0.02424506878572602,0.3936005916866203
118,7.419367241939789,0.0366704997739636,0.018171891582170918,0.3627860020031807
118,7.366670759582581,0.03888217716632447,0.020839423934228496,0.3572568085222785
118,6.635889911637679,0.039080474414661115,0.032359042900061696,0.3211071541347237
118,7.210285683461777,0.02593292018840123,0.020334111693426082,0.2925387227221551
118,7.811993129561644,0.021093003398687804,0.009884391802652215,0.2804389307478715
118,8.00643106378533,0.018190754175923175,0.007421637200213216,0.27276993911685066
118,7.655456453784748,0.018190754175923175,0.011257871984917567,0.2655956563474451
118,6.983473245744136,0.024327338656094998,0.013325843067322152,0.2502541951470155
118,6.287453596248072,0.03337551860346679,0.06505666535723492,0.23894397021280078
118,5.635877052590889,0.03103045360815233,0.06795431852726663,0.12014086443254568
118,7.230828195092973,0.0173460285887298,0.010212578786303605,0.10303533315826752
118,7.580577302721346,0.016018178069398183,0.004671265468134789,0.09971570685993847
118,7.231950951037792,0.016018178069398183,0.008751932909238369,0.09369280222199794
118,6.796790464631543,0.017506060115209256,0.013398215690848425,0.08221184104146173
118,6.940015782597997,0.019375358082434645,0.011203255629533448,0.06689637084030109
118,7.060623175095991,0.02102821234782728,0.007427255875886052,0.059805329782394834
118,6.487442098859045,0.022844387313462076,0.016996283144347146,0.052041859088528986
118,5.830057559154723,0.027218762740581326,0.017602438286955624,0.02581276349370054
119,6.148191002719795,0.03357780131652559,0.014359462064563185,0.0351435983153218
119,6.175696514957326,0.03357780131652559,0.018635245446641576,0.05654784449083681
119,6.205120169666758,0.03392375357182555,0.022675873534690808,0.07241408920860495
119,6.456305602995066,0.040739811510102655,0.02120568052478424,0.10189959156021842
119,6.4619517348242494,0.040739811510102655,0.02476236346739919,0.11482545025817344
119,6.572101638001177,0.03911130496078864,0.026742681899404895,0.1514243184950168
119,6.843626598458261,0.03857398565447309,0.020193615271960313,0.16831081405698323
119,7.119502862496162,0.036193249022949604,0.017636353982224004,0.19181154903893743
119,7.080265595162041,0.036193249022949604,0.02011194549161642,0.20358352202143123
119,6.789317786195983,0.03670580807936831,0.02665522132032637,0.23203544002217028
119,7.17204190715774,0.03670580807936831,0.01895518905032799,0.256893964662084
119,7.31149214856608,0.040297898000510514,0.01361290201619314,0.26994581812282625
119,6.777835198206981,0.045967478229168114,0.03499550588405764,0.28411976869447025
119,6.254482910467754,0.06160073112463611,0.04451368855988064,0.33993682989094154
119,6.522260979896533,0.062018423010196014,0.03297120075322321,0.37314714581423153
119,6.558978088710502,0.04939409322720404,0.03650599213747152,0.40587923139738796
119,7.501625165224386,0.030014030154406224,0.02468913328333644,0.44615913008917457
119,8.07436894575788,0.026374683004451716,0.00917895754808562,0.45525749796406084
119,8.03143465104685,0.025779850121784176,0.011515459547390056,0.4645170451853458
119,7.726682905997716,0.025779850121784176,0.01592338352167469,0.47828841705884095
119,7.445619862523165,0.0291184064577654,0.020946138750562504,0.4963638122286952
119,7.890002120674874,0.02630440288754916,0.015373336739859134,0.47981930544003404
119,8.021647087178774,0.024259070967619124,0.010995359643435176,0.47288951429158654
119,7.682901287962114,0.024259070967619124,0.01498127651079234,0.4578285861531637
119,7.726095590250317,0.02439827186222503,0.011767240455749728,0.44292696127000186
119,7.427313929411545,0.027851414273560082,0.015800990604004417,0.43429410524166423
119,6.189145565631546,0.046226714417297046,0.06705094183354454,0.41132498006199303
119,6.1160103056263875,0.04441525417436667,0.06613767046869873,0.30019222157457515
119,6.977857702546771,0.02750118821438301,0.018742259469485767,0.27904963912459557
119,7.657105235453486,0.020964413618786225,0.012890008744961434,0.2627077026356036
119,8.29581277813001,0.01857462693465999,0.0068078162606916015,0.2532696216346727
119,8.196054477355375,0.01857462693465999,0.009251909071361308,0.2490920701142204
119,7.506793874606273,0.02362119236287128,0.015398057499409479,0.2347658034919501
119,7.215382784517168,0.02800093457352477,0.02043206476458065,0.21829595511540145
119,7.539677701256241,0.025968996000579513,0.016685380910186176,0.1939016739627888
119,7.933649064417898,0.024498154416417582,0.008361789519103435,0.1849251932950291
119,7.635290554608947,0.024498154416417582,0.01495501447369868,0.17717809492458192
119,7.316695167819027,0.025659939800489417,0.017369651952832077,0.15501516434763174
119,7.493773180082339,0.024172101175102358,0.013147381450934914,0.14243879101891777
119,7.543092226386838,0.02285067400327463,0.012389614959400885,0.1287204014457619
119,7.567414354235618,0.02285067400327463,0.010664409788010087,0.117659561100116
119,7.222961229307282,0.024189135440689902,0.015394858637017728,0.10739158186974174
119,6.854933047327332,0.0268811262150195,0.016889965602108925,0.08686984382608054
119,6.807813676511659,0.028067551589840423,0.013992712488581416,0.07361165066552389
119,6.38972071871783,0.032880341034510055,0.017262245666614662,0.05888441884891771
119,5.637629743905574,0.03495579220012879,0.02669231292066704,0.03908715933229456
